{"name":"worker","pid":844,"phase":"SPIN_UP_BUILDER","buildId":"114e576c-7b66-4c0b-b583-a312a68da540","level":30,"msg":"Apple M4 Pro, 5 vCPUs, 20 GB RAM","time":"2026-10-08T12:41:25.202Z","v":0,"logId":"01a11b88-61d3-7b13-91df-fc1a7b390cf7"}
{"name":"worker","pid":844,"phase":"SPIN_UP_BUILDER","buildId":"114e576c-7b66-4c0b-b583-a312a68da540","level":30,"msg":"","time":"2026-10-08T12:41:25.204Z","v":0,"logId":"01a11b88-61d4-730b-b3fd-f77abdae3c4f"}
{"name":"worker","pid":844,"phase":"SPIN_UP_BUILDER","buildId":"114e576c-7b66-4c0b-b583-a312a68da540","level":30,"msg":"Using VM template \"macos-tahoe-26.5-xcode-26.6\" running macOS Tahoe 26.5.2","time":"2026-10-08T12:41:25.205Z","v":0,"logId":"01a11b88-61d5-7b55-bc54-38891ba57e0e"}
{"name":"worker","pid":844,"phase":"SPIN_UP_BUILDER","buildId":"114e576c-7b66-4c0b-b583-a312a68da540","level":30,"msg":"","time":"2026-10-08T12:41:25.205Z","v":0,"logId":"01a11b88-61d5-7b55-bc54-388a766e9427"}
{"name":"worker","pid":844,"phase":"SPIN_UP_BUILDER","buildId":"114e576c-7b66-4c0b-b583-a312a68da540","level":30,"msg":"Installed software:","time":"2026-10-08T12:41:25.205Z","v":0,"logId":"01a11b88-61d5-7b55-bc54-388b57eac22e"}
{"name":"worker","pid":844,"phase":"SPIN_UP_BUILDER","buildId":"114e576c-7b66-4c0b-b583-a312a68da540","level":30,"msg":"- Xcode 26.6 (17F113)","time":"2026-10-08T12:41:25.205Z","v":0,"logId":"01a11b88-61d5-7b55-bc54-388c10e1fec2"}
{"name":"worker","pid":844,"phase":"SPIN_UP_BUILDER","buildId":"114e576c-7b66-4c0b-b583-a312a68da540","level":30,"msg":"- Node.js 22.23.1","time":"2026-10-08T12:41:25.205Z","v":0,"logId":"01a11b88-61d5-7b55-bc54-388dda12702b"}
{"name":"worker","pid":844,"phase":"SPIN_UP_BUILDER","buildId":"114e576c-7b66-4c0b-b583-a312a68da540","level":30,"msg":"- Bun 1.3.14","time":"2026-10-08T12:41:25.205Z","v":0,"logId":"01a11b88-61d5-7b55-bc54-388e7937e32b"}
{"name":"worker","pid":844,"phase":"SPIN_UP_BUILDER","buildId":"114e576c-7b66-4c0b-b583-a312a68da540","level":30,"msg":"- Yarn 1.22.22","time":"2026-10-08T12:41:25.205Z","v":0,"logId":"01a11b88-61d5-7b55-bc54-388fedea440a"}
{"name":"worker","pid":844,"phase":"SPIN_UP_BUILDER","buildId":"114e576c-7b66-4c0b-b583-a312a68da540","level":30,"msg":"- pnpm 11.9.0","time":"2026-10-08T12:41:25.205Z","v":0,"logId":"01a11b88-61d5-7b55-bc54-3890fa272a0d"}
{"name":"worker","pid":844,"phase":"SPIN_UP_BUILDER","buildId":"114e576c-7b66-4c0b-b583-a312a68da540","level":30,"msg":"- npm 10.9.8","time":"2026-10-08T12:41:25.205Z","v":0,"logId":"01a11b88-61d5-7b55-bc54-38918a4bfa8b"}
{"name":"worker","pid":844,"phase":"SPIN_UP_BUILDER","buildId":"114e576c-7b66-4c0b-b583-a312a68da540","level":30,"msg":"- fastlane 2.236.1","time":"2026-10-08T12:41:25.205Z","v":0,"logId":"01a11b88-61d6-7602-ac10-c0385db9eb99"}
{"name":"worker","pid":844,"phase":"SPIN_UP_BUILDER","buildId":"114e576c-7b66-4c0b-b583-a312a68da540","level":30,"msg":"- CocoaPods 1.16.2","time":"2026-10-08T12:41:25.206Z","v":0,"logId":"01a11b88-61d6-7602-ac10-c039f62cc2ff"}
{"name":"worker","pid":844,"phase":"SPIN_UP_BUILDER","buildId":"114e576c-7b66-4c0b-b583-a312a68da540","level":30,"msg":"- Ruby 3.2","time":"2026-10-08T12:41:25.206Z","v":0,"logId":"01a11b88-61d6-7602-ac10-c03a4dcd5405"}
{"name":"worker","pid":844,"phase":"SPIN_UP_BUILDER","buildId":"114e576c-7b66-4c0b-b583-a312a68da540","level":30,"msg":"- node-gyp 13.0.0","time":"2026-10-08T12:41:25.206Z","v":0,"logId":"01a11b88-61d6-7602-ac10-c03be9f38c84"}
{"name":"worker","pid":844,"phase":"SPIN_UP_BUILDER","buildId":"114e576c-7b66-4c0b-b583-a312a68da540","level":30,"msg":"- Maestro 2.6.1","time":"2026-10-08T12:41:25.206Z","v":0,"logId":"01a11b88-61d6-7602-ac10-c03c6c153d20"}
{"name":"worker","pid":844,"phase":"SPIN_UP_BUILDER","buildId":"114e576c-7b66-4c0b-b583-a312a68da540","level":30,"msg":"","time":"2026-10-08T12:41:25.206Z","v":0,"logId":"01a11b88-61d6-7602-ac10-c03deabc7fb8"}
{"name":"worker","pid":844,"phase":"SPIN_UP_BUILDER","buildId":"114e576c-7b66-4c0b-b583-a312a68da540","level":30,"msg":"Project environment variables:","time":"2026-10-08T12:41:25.206Z","v":0,"logId":"01a11b88-61d6-7602-ac10-c03e5ac205e9"}
{"name":"worker","pid":844,"phase":"SPIN_UP_BUILDER","buildId":"114e576c-7b66-4c0b-b583-a312a68da540","level":30,"msg":"  EAS_GRADLE_CACHE=0","time":"2026-10-08T12:41:25.206Z","v":0,"logId":"01a11b88-61d6-7602-ac10-c03f24b4f8e3"}
{"name":"worker","pid":844,"phase":"SPIN_UP_BUILDER","buildId":"114e576c-7b66-4c0b-b583-a312a68da540","level":30,"msg":"  EAS_USE_CACHE=0","time":"2026-10-08T12:41:25.206Z","v":0,"logId":"01a11b88-61d6-7602-ac10-c0409b7a25c0"}
{"name":"worker","pid":844,"phase":"SPIN_UP_BUILDER","buildId":"114e576c-7b66-4c0b-b583-a312a68da540","level":30,"msg":"  EAS_USE_NPM_CACHE=0","time":"2026-10-08T12:41:25.206Z","v":0,"logId":"01a11b88-61d6-7602-ac10-c041bb1225f0"}
{"name":"worker","pid":844,"phase":"SPIN_UP_BUILDER","buildId":"114e576c-7b66-4c0b-b583-a312a68da540","level":30,"msg":"  EAS_VERBOSE=1","time":"2026-10-08T12:41:25.206Z","v":0,"logId":"01a11b88-61d6-7602-ac10-c0429acec598"}
{"name":"worker","pid":844,"phase":"SPIN_UP_BUILDER","buildId":"114e576c-7b66-4c0b-b583-a312a68da540","level":30,"msg":"  __API_SERVER_URL=https://api.expo.dev/","time":"2026-10-08T12:41:25.206Z","v":0,"logId":"01a11b88-61d6-7602-ac10-c0437e0afae3"}
{"name":"worker","pid":844,"phase":"SPIN_UP_BUILDER","buildId":"114e576c-7b66-4c0b-b583-a312a68da540","level":30,"msg":"","time":"2026-10-08T12:41:25.206Z","v":0,"logId":"01a11b88-61d6-7602-ac10-c0443fd8cb20"}
{"name":"worker","pid":844,"phase":"SPIN_UP_BUILDER","buildId":"114e576c-7b66-4c0b-b583-a312a68da540","level":30,"msg":"Environment secrets:","time":"2026-10-08T12:41:25.206Z","v":0,"logId":"01a11b88-61d6-7602-ac10-c045ca3aff33"}
{"name":"worker","pid":844,"phase":"SPIN_UP_BUILDER","buildId":"114e576c-7b66-4c0b-b583-a312a68da540","level":30,"msg":"  EXPO_TOKEN=********","time":"2026-10-08T12:41:25.206Z","v":0,"logId":"01a11b88-61d6-7602-ac10-c046aed51ef9"}
{"name":"worker","pid":844,"phase":"SPIN_UP_BUILDER","buildId":"114e576c-7b66-4c0b-b583-a312a68da540","level":30,"msg":"","time":"2026-10-08T12:41:25.206Z","v":0,"logId":"01a11b88-61d6-7602-ac10-c04730e85eb9"}
{"name":"worker","pid":844,"phase":"SPIN_UP_BUILDER","buildId":"114e576c-7b66-4c0b-b583-a312a68da540","level":30,"msg":"EAS Build environment variables:","time":"2026-10-08T12:41:25.206Z","v":0,"logId":"01a11b88-61d6-7602-ac10-c048113a092e"}
{"name":"worker","pid":844,"phase":"SPIN_UP_BUILDER","buildId":"114e576c-7b66-4c0b-b583-a312a68da540","level":30,"msg":"  OSLogRateLimit=64","time":"2026-10-08T12:41:25.206Z","v":0,"logId":"01a11b88-61d6-7602-ac10-c049e9549474"}
{"name":"worker","pid":844,"phase":"SPIN_UP_BUILDER","buildId":"114e576c-7b66-4c0b-b583-a312a68da540","level":30,"msg":"  GEM_PATH=/Users/expo/.gems/arm64","time":"2026-10-08T12:41:25.206Z","v":0,"logId":"01a11b88-61d6-7602-ac10-c04ad575bcd0"}
{"name":"worker","pid":844,"phase":"SPIN_UP_BUILDER","buildId":"114e576c-7b66-4c0b-b583-a312a68da540","level":30,"msg":"  PATH=/Users/expo/workingdir/bin:/Users/expo/.nvm/versions/node/v22.23.1/bin:/Users/expo/.gems/arm64/bin:/opt/homebrew/opt/ruby@2/bin:/opt/homebrew/opt/ruby@3.2/bin:/opt/homebrew/opt/ruby/bin:/opt/homebrew/bin:/opt/homebrew/sbin:/System/Cryptexes/App/usr/bin:/Library/Apple/usr/bin:/usr/local/bin:/usr/bin:/bin:/usr/sbin:/sbin:/Users/expo/.bun/bin:/Users/expo/.maestro/bin","time":"2026-10-08T12:41:25.206Z","v":0,"logId":"01a11b88-61d6-7602-ac10-c04b3138e358"}
{"name":"worker","pid":844,"phase":"SPIN_UP_BUILDER","buildId":"114e576c-7b66-4c0b-b583-a312a68da540","level":30,"msg":"  LOGGER_LEVEL=debug","time":"2026-10-08T12:41:25.206Z","v":0,"logId":"01a11b88-61d6-7602-ac10-c04c189917b0"}
{"name":"worker","pid":844,"phase":"SPIN_UP_BUILDER","buildId":"114e576c-7b66-4c0b-b583-a312a68da540","level":30,"msg":"  FASTLANE_XCODE_LIST_TIMEOUT=30","time":"2026-10-08T12:41:25.206Z","v":0,"logId":"01a11b88-61d6-7602-ac10-c04d0db23908"}
{"name":"worker","pid":844,"phase":"SPIN_UP_BUILDER","buildId":"114e576c-7b66-4c0b-b583-a312a68da540","level":30,"msg":"  GEM_HOME=/Users/expo/.gems/arm64","time":"2026-10-08T12:41:25.206Z","v":0,"logId":"01a11b88-61d6-7602-ac10-c04ecb095076"}
{"name":"worker","pid":844,"phase":"SPIN_UP_BUILDER","buildId":"114e576c-7b66-4c0b-b583-a312a68da540","level":30,"msg":"  HOME=/Users/expo","time":"2026-10-08T12:41:25.206Z","v":0,"logId":"01a11b88-61d6-7602-ac10-c04f615d5026"}
{"name":"worker","pid":844,"phase":"SPIN_UP_BUILDER","buildId":"114e576c-7b66-4c0b-b583-a312a68da540","level":30,"msg":"  XPC_SERVICE_NAME=host.exp.worker","time":"2026-10-08T12:41:25.206Z","v":0,"logId":"01a11b88-61d6-7602-ac10-c05087e6c974"}
{"name":"worker","pid":844,"phase":"SPIN_UP_BUILDER","buildId":"114e576c-7b66-4c0b-b583-a312a68da540","level":30,"msg":"  XPC_FLAGS=0x0","time":"2026-10-08T12:41:25.206Z","v":0,"logId":"01a11b88-61d6-7602-ac10-c051379a0cf8"}
{"name":"worker","pid":844,"phase":"SPIN_UP_BUILDER","buildId":"114e576c-7b66-4c0b-b583-a312a68da540","level":30,"msg":"  LOGNAME=expo","time":"2026-10-08T12:41:25.206Z","v":0,"logId":"01a11b88-61d6-7602-ac10-c0522a03df9a"}
{"name":"worker","pid":844,"phase":"SPIN_UP_BUILDER","buildId":"114e576c-7b66-4c0b-b583-a312a68da540","level":30,"msg":"  USER=expo","time":"2026-10-08T12:41:25.206Z","v":0,"logId":"01a11b88-61d6-7602-ac10-c05300520fe0"}
{"name":"worker","pid":844,"phase":"SPIN_UP_BUILDER","buildId":"114e576c-7b66-4c0b-b583-a312a68da540","level":30,"msg":"  SHELL=/bin/zsh","time":"2026-10-08T12:41:25.206Z","v":0,"logId":"01a11b88-61d6-7602-ac10-c054733bddd8"}
{"name":"worker","pid":844,"phase":"SPIN_UP_BUILDER","buildId":"114e576c-7b66-4c0b-b583-a312a68da540","level":30,"msg":"  TMPDIR=/var/folders/5r/jggtw0px53jdd9wfmw74bndr0000gn/T/","time":"2026-10-08T12:41:25.206Z","v":0,"logId":"01a11b88-61d6-7602-ac10-c0557dcf4b2b"}
{"name":"worker","pid":844,"phase":"SPIN_UP_BUILDER","buildId":"114e576c-7b66-4c0b-b583-a312a68da540","level":30,"msg":"  SHLVL=0","time":"2026-10-08T12:41:25.206Z","v":0,"logId":"01a11b88-61d6-7602-ac10-c056d964f77f"}
{"name":"worker","pid":844,"phase":"SPIN_UP_BUILDER","buildId":"114e576c-7b66-4c0b-b583-a312a68da540","level":30,"msg":"  PWD=/usr/local/eas-build-worker","time":"2026-10-08T12:41:25.206Z","v":0,"logId":"01a11b88-61d6-7602-ac10-c0571dae04d8"}
{"name":"worker","pid":844,"phase":"SPIN_UP_BUILDER","buildId":"114e576c-7b66-4c0b-b583-a312a68da540","level":30,"msg":"  OLDPWD=/usr/local/eas-build-worker","time":"2026-10-08T12:41:25.206Z","v":0,"logId":"01a11b88-61d6-7602-ac10-c058030c1531"}
{"name":"worker","pid":844,"phase":"SPIN_UP_BUILDER","buildId":"114e576c-7b66-4c0b-b583-a312a68da540","level":30,"msg":"  NVM_CD_FLAGS=-q","time":"2026-10-08T12:41:25.206Z","v":0,"logId":"01a11b88-61d6-7602-ac10-c059bcf73d3a"}
{"name":"worker","pid":844,"phase":"SPIN_UP_BUILDER","buildId":"114e576c-7b66-4c0b-b583-a312a68da540","level":30,"msg":"  NVM_DIR=/Users/expo/.nvm","time":"2026-10-08T12:41:25.206Z","v":0,"logId":"01a11b88-61d6-7602-ac10-c05a6bfbee4b"}
{"name":"worker","pid":844,"phase":"SPIN_UP_BUILDER","buildId":"114e576c-7b66-4c0b-b583-a312a68da540","level":30,"msg":"  NVM_BIN=/Users/expo/.nvm/versions/node/v22.23.1/bin","time":"2026-10-08T12:41:25.206Z","v":0,"logId":"01a11b88-61d6-7602-ac10-c05b9922b4e3"}
{"name":"worker","pid":844,"phase":"SPIN_UP_BUILDER","buildId":"114e576c-7b66-4c0b-b583-a312a68da540","level":30,"msg":"  NVM_INC=/Users/expo/.nvm/versions/node/v22.23.1/include/node","time":"2026-10-08T12:41:25.206Z","v":0,"logId":"01a11b88-61d6-7602-ac10-c05c1b1db382"}
{"name":"worker","pid":844,"phase":"SPIN_UP_BUILDER","buildId":"114e576c-7b66-4c0b-b583-a312a68da540","level":30,"msg":"  _=/Users/expo/.nvm/versions/node/v22.23.1/bin/node","time":"2026-10-08T12:41:25.206Z","v":0,"logId":"01a11b88-61d6-7602-ac10-c05d703b68f7"}
{"name":"worker","pid":844,"phase":"SPIN_UP_BUILDER","buildId":"114e576c-7b66-4c0b-b583-a312a68da540","level":30,"msg":"  __CF_USER_TEXT_ENCODING=0x1F5:0x0:0x0","time":"2026-10-08T12:41:25.206Z","v":0,"logId":"01a11b88-61d6-7602-ac10-c05e46a4e412"}
{"name":"worker","pid":844,"phase":"SPIN_UP_BUILDER","buildId":"114e576c-7b66-4c0b-b583-a312a68da540","level":30,"msg":"  CI=1","time":"2026-10-08T12:41:25.206Z","v":0,"logId":"01a11b88-61d6-7602-ac10-c05f768fc93d"}
{"name":"worker","pid":844,"phase":"SPIN_UP_BUILDER","buildId":"114e576c-7b66-4c0b-b583-a312a68da540","level":30,"msg":"  MAESTRO_DRIVER_STARTUP_TIMEOUT=120000","time":"2026-10-08T12:41:25.206Z","v":0,"logId":"01a11b88-61d6-7602-ac10-c060902ebb80"}
{"name":"worker","pid":844,"phase":"SPIN_UP_BUILDER","buildId":"114e576c-7b66-4c0b-b583-a312a68da540","level":30,"msg":"  MAESTRO_CLI_NO_ANALYTICS=1","time":"2026-10-08T12:41:25.206Z","v":0,"logId":"01a11b88-61d6-7602-ac10-c061543c0194"}
{"name":"worker","pid":844,"phase":"SPIN_UP_BUILDER","buildId":"114e576c-7b66-4c0b-b583-a312a68da540","level":30,"msg":"  HOMEBREW_NO_AUTO_UPDATE=1","time":"2026-10-08T12:41:25.206Z","v":0,"logId":"01a11b88-61d6-7602-ac10-c0622bb558cd"}
{"name":"worker","pid":844,"phase":"SPIN_UP_BUILDER","buildId":"114e576c-7b66-4c0b-b583-a312a68da540","level":30,"msg":"  EAS_BUILD=true","time":"2026-10-08T12:41:25.206Z","v":0,"logId":"01a11b88-61d6-7602-ac10-c0637e8d0c6f"}
{"name":"worker","pid":844,"phase":"SPIN_UP_BUILDER","buildId":"114e576c-7b66-4c0b-b583-a312a68da540","level":30,"msg":"  EAS_BUILD_RUNNER=eas-build","time":"2026-10-08T12:41:25.206Z","v":0,"logId":"01a11b88-61d6-7602-ac10-c06489e8b137"}
{"name":"worker","pid":844,"phase":"SPIN_UP_BUILDER","buildId":"114e576c-7b66-4c0b-b583-a312a68da540","level":30,"msg":"  EAS_BUILD_PLATFORM=ios","time":"2026-10-08T12:41:25.206Z","v":0,"logId":"01a11b88-61d6-7602-ac10-c06586c6a984"}
{"name":"worker","pid":844,"phase":"SPIN_UP_BUILDER","buildId":"114e576c-7b66-4c0b-b583-a312a68da540","level":30,"msg":"  EAS_CLI_SENTRY_DSN=https://ca4734dc503543b28d55fdaf0563f61c@o30871.ingest.sentry.io/1837720","time":"2026-10-08T12:41:25.206Z","v":0,"logId":"01a11b88-61d6-7602-ac10-c0669c072b3a"}
{"name":"worker","pid":844,"phase":"SPIN_UP_BUILDER","buildId":"114e576c-7b66-4c0b-b583-a312a68da540","level":30,"msg":"  NVM_NODEJS_ORG_MIRROR=http://nodejs.caches.eas-build.internal","time":"2026-10-08T12:41:25.206Z","v":0,"logId":"01a11b88-61d6-7602-ac10-c067a25e42b0"}
{"name":"worker","pid":844,"phase":"SPIN_UP_BUILDER","buildId":"114e576c-7b66-4c0b-b583-a312a68da540","level":30,"msg":"  EAS_BUILD_PROFILE=preview","time":"2026-10-08T12:41:25.206Z","v":0,"logId":"01a11b88-61d6-7602-ac10-c068df75ca7e"}
{"name":"worker","pid":844,"phase":"SPIN_UP_BUILDER","buildId":"114e576c-7b66-4c0b-b583-a312a68da540","level":30,"msg":"  EAS_BUILD_GIT_COMMIT_HASH=aa9338f24773eb89decea39ec18d39c91bd23e2e","time":"2026-10-08T12:41:25.206Z","v":0,"logId":"01a11b88-61d6-7602-ac10-c0698718e35e"}
{"name":"worker","pid":844,"phase":"SPIN_UP_BUILDER","buildId":"114e576c-7b66-4c0b-b583-a312a68da540","level":30,"msg":"  EAS_BUILD_ID=114e576c-7b66-4c0b-b583-a312a68da540","time":"2026-10-08T12:41:25.206Z","v":0,"logId":"01a11b88-61d6-7602-ac10-c06a2b7be44f"}
{"name":"worker","pid":844,"phase":"SPIN_UP_BUILDER","buildId":"114e576c-7b66-4c0b-b583-a312a68da540","level":30,"msg":"  LANG=en_US.UTF-8","time":"2026-10-08T12:41:25.206Z","v":0,"logId":"01a11b88-61d6-7602-ac10-c06b030f00f5"}
{"name":"worker","pid":844,"phase":"SPIN_UP_BUILDER","buildId":"114e576c-7b66-4c0b-b583-a312a68da540","level":30,"msg":"  EAS_BUILD_WORKINGDIR=/Users/expo/workingdir/build","time":"2026-10-08T12:41:25.206Z","v":0,"logId":"01a11b88-61d6-7602-ac10-c06cc9bc6a00"}
{"name":"worker","pid":844,"phase":"SPIN_UP_BUILDER","buildId":"114e576c-7b66-4c0b-b583-a312a68da540","level":30,"msg":"  EAS_BUILD_PROJECT_ID=4ca7043a-4656-417c-a95a-8b76ed36ab77","time":"2026-10-08T12:41:25.206Z","v":0,"logId":"01a11b88-61d6-7602-ac10-c06d567c8100"}
{"name":"worker","pid":844,"phase":"SPIN_UP_BUILDER","buildId":"114e576c-7b66-4c0b-b583-a312a68da540","level":30,"msg":"  EAS_BUILD_COCOAPODS_CACHE_URL=http://cocoapods.caches.eas-build.internal","time":"2026-10-08T12:41:25.206Z","v":0,"logId":"01a11b88-61d6-7602-ac10-c06ec6c2b9e4"}
{"name":"worker","pid":844,"phase":"SPIN_UP_BUILDER","buildId":"114e576c-7b66-4c0b-b583-a312a68da540","level":30,"msg":"  COMPILER_INDEX_STORE_ENABLE=NO","time":"2026-10-08T12:41:25.207Z","v":0,"logId":"01a11b88-61d7-7a5e-b56b-7778cd7f9dd8"}
{"name":"worker","pid":844,"phase":"SPIN_UP_BUILDER","buildId":"114e576c-7b66-4c0b-b583-a312a68da540","level":30,"msg":"  GRADLE_OPTS=-Dorg.gradle.jvmargs=\"-XX:MaxMetaspaceSize=1g -Xmx5g -XX:+HeapDumpOnOutOfMemoryError -Dfile.encoding=UTF-8\" -Dorg.gradle.parallel=true -Dorg.gradle.daemon=false","time":"2026-10-08T12:41:25.207Z","v":0,"logId":"01a11b88-61d7-7a5e-b56b-7779db16b2bd"}
{"name":"worker","pid":844,"phase":"SPIN_UP_BUILDER","buildId":"114e576c-7b66-4c0b-b583-a312a68da540","level":30,"msg":"  EAS_BUILD_IOS_BUILD_NUMBER=6","time":"2026-10-08T12:41:25.207Z","v":0,"logId":"01a11b88-61d7-7a5e-b56b-777aa6429ce0"}
{"name":"worker","pid":844,"phase":"SPIN_UP_BUILDER","buildId":"114e576c-7b66-4c0b-b583-a312a68da540","level":30,"msg":"  EAS_BUILD_USERNAME=aman273303","time":"2026-10-08T12:41:25.207Z","v":0,"logId":"01a11b88-61d7-7a5e-b56b-777bdbe191fd"}
{"name":"worker","pid":844,"phase":"SPIN_UP_BUILDER","buildId":"114e576c-7b66-4c0b-b583-a312a68da540","level":30,"msg":"  __EAS_BUILD_ENVS_DIR=/Users/expo/workingdir/env","time":"2026-10-08T12:41:25.207Z","v":0,"logId":"01a11b88-61d7-7a5e-b56b-777c1e4d8597"}
{"name":"worker","pid":844,"phase":"SPIN_UP_BUILDER","buildId":"114e576c-7b66-4c0b-b583-a312a68da540","level":30,"msg":"","time":"2026-10-08T12:41:25.207Z","v":0,"logId":"01a11b88-61d7-7a5e-b56b-777daa7d0b3e"}
{"name":"worker","pid":844,"phase":"SPIN_UP_BUILDER","buildId":"114e576c-7b66-4c0b-b583-a312a68da540","level":30,"job":{"appId":"4ca7043a-4656-417c-a95a-8b76ed36ab77","builderEnvironment":{"env":{"EAS_GRADLE_CACHE":"0","EAS_USE_CACHE":"0","EAS_USE_NPM_CACHE":"0","EAS_VERBOSE":"1","__API_SERVER_URL":"https://api.expo.dev/"},"image":"macos-tahoe-26.5-xcode-26.6"},"cache":{"clear":false,"disabled":false,"paths":[]},"environment":"preview","experimental":{},"expoBuildUrl":"https://expo.dev/accounts/aman273303/projects/hrtrac-mobile/builds/114e576c-7b66-4c0b-b583-a312a68da540","initiatingUserId":"5ec3a1e7-b750-45a1-b8f9-208a80e03a04","mode":"build","platform":"ios","projectRootDirectory":".","scheme":"HRTRAC","triggeredBy":"EAS_CLI","type":"generic","updates":{},"username":"aman273303","version":{"buildNumber":"6"}},"msg":"Builder is ready, starting build","time":"2026-10-08T12:41:25.207Z","v":0,"logId":"01a11b88-61d7-7a5e-b56b-777e5e007fa4"}
{"name":"worker","pid":844,"phase":"SPIN_UP_BUILDER","buildId":"114e576c-7b66-4c0b-b583-a312a68da540","level":30,"marker":"END_PHASE","result":"success","durationMs":5,"msg":"End phase: SPIN_UP_BUILDER","time":"2026-10-08T12:41:25.208Z","v":0,"logId":"01a11b88-61d8-72de-ba2b-ac70ac32420d"}
{"name":"worker","pid":844,"phase":"INSTALL_CUSTOM_TOOLS","buildId":"114e576c-7b66-4c0b-b583-a312a68da540","level":30,"marker":"START_PHASE","msg":"Start phase: INSTALL_CUSTOM_TOOLS","time":"2026-10-08T12:41:25.208Z","v":0,"logId":"01a11b88-61d8-72de-ba2b-ac71ab18df8e"}
{"name":"worker","pid":844,"phase":"INSTALL_CUSTOM_TOOLS","buildId":"114e576c-7b66-4c0b-b583-a312a68da540","level":30,"marker":"END_PHASE","result":"success","durationMs":3931,"msg":"End phase: INSTALL_CUSTOM_TOOLS","time":"2026-10-08T12:41:29.140Z","v":0,"logId":"01a11b88-7134-7e81-965a-fc51d776549d"}
{"name":"worker","pid":844,"phase":"PREPARE_PROJECT","buildId":"114e576c-7b66-4c0b-b583-a312a68da540","level":30,"marker":"START_PHASE","msg":"Start phase: PREPARE_PROJECT","time":"2026-10-08T12:41:29.142Z","v":0,"logId":"01a11b88-7136-73a7-a2be-54c27e9bbd01"}
{"name":"worker","pid":844,"phase":"PREPARE_PROJECT","buildId":"114e576c-7b66-4c0b-b583-a312a68da540","level":30,"msg":"Normalizing project source permissions","time":"2026-10-08T12:41:29.658Z","v":0,"logId":"01a11b88-733a-7405-8a30-8f581053b5ae"}
{"name":"worker","pid":844,"phase":"PREPARE_PROJECT","buildId":"114e576c-7b66-4c0b-b583-a312a68da540","level":30,"marker":"END_PHASE","result":"success","durationMs":523,"msg":"End phase: PREPARE_PROJECT","time":"2026-10-08T12:41:29.665Z","v":0,"logId":"01a11b88-7341-7340-a7b2-cfd5751546c8"}
{"name":"worker","pid":844,"phase":"PRE_INSTALL_HOOK","buildId":"114e576c-7b66-4c0b-b583-a312a68da540","level":30,"marker":"START_PHASE","msg":"Start phase: PRE_INSTALL_HOOK","time":"2026-10-08T12:41:29.665Z","v":0,"logId":"01a11b88-7341-7340-a7b2-cfd6800a2fdb"}
{"name":"worker","pid":844,"phase":"PRE_INSTALL_HOOK","buildId":"114e576c-7b66-4c0b-b583-a312a68da540","level":30,"marker":"END_PHASE","result":"success","durationMs":0,"msg":"End phase: PRE_INSTALL_HOOK","time":"2026-10-08T12:41:29.666Z","v":0,"logId":"01a11b88-7342-7921-8365-585314274cd9"}
{"name":"worker","pid":844,"phase":"READ_EAS_JSON","buildId":"114e576c-7b66-4c0b-b583-a312a68da540","level":30,"marker":"START_PHASE","msg":"Start phase: READ_EAS_JSON","time":"2026-10-08T12:41:29.666Z","v":0,"logId":"01a11b88-7342-7921-8365-5854a55cd007"}
{"name":"worker","pid":844,"phase":"READ_EAS_JSON","buildId":"114e576c-7b66-4c0b-b583-a312a68da540","level":30,"msg":"Using eas.json:","time":"2026-10-08T12:41:29.666Z","v":0,"logId":"01a11b88-7342-7921-8365-585511d5c8da"}
{"name":"worker","pid":844,"phase":"READ_EAS_JSON","buildId":"114e576c-7b66-4c0b-b583-a312a68da540","level":30,"msg":"{\n  \"cli\": {\n    \"version\": \">= 24.11.0\",\n    \"appVersionSource\": \"remote\"\n  },\n  \"build\": {\n    \"development\": {\n      \"developmentClient\": true,\n      \"distribution\": \"internal\"\n    },\n    \"preview\": {\n      \"distribution\": \"internal\",\n      \"android\": {\n        \"buildType\": \"apk\"\n      }\n    },\n    \"production\": {\n      \"autoIncrement\": true\n    }\n  },\n  \"submit\": {\n    \"production\": {}\n  }\n}\n","time":"2026-10-08T12:41:29.666Z","v":0,"logId":"01a11b88-7342-7921-8365-5856cd606d96"}
{"name":"worker","pid":844,"phase":"READ_EAS_JSON","buildId":"114e576c-7b66-4c0b-b583-a312a68da540","level":30,"marker":"END_PHASE","result":"success","durationMs":0,"msg":"End phase: READ_EAS_JSON","time":"2026-10-08T12:41:29.667Z","v":0,"logId":"01a11b88-7343-7f7f-88e1-faccf8f81465"}
{"name":"worker","pid":844,"phase":"READ_PACKAGE_JSON","buildId":"114e576c-7b66-4c0b-b583-a312a68da540","level":30,"marker":"START_PHASE","msg":"Start phase: READ_PACKAGE_JSON","time":"2026-10-08T12:41:29.667Z","v":0,"logId":"01a11b88-7343-7f7f-88e1-facd283235aa"}
{"name":"worker","pid":844,"phase":"READ_PACKAGE_JSON","buildId":"114e576c-7b66-4c0b-b583-a312a68da540","level":30,"msg":"Using package.json:","time":"2026-10-08T12:41:29.667Z","v":0,"logId":"01a11b88-7343-7f7f-88e1-facef5e18018"}
{"name":"worker","pid":844,"phase":"READ_PACKAGE_JSON","buildId":"114e576c-7b66-4c0b-b583-a312a68da540","level":30,"msg":"{\n  \"name\": \"hrtrac-mobile\",\n  \"version\": \"1.0.0\",\n  \"private\": true,\n  \"main\": \"node_modules/expo/AppEntry.js\",\n  \"scripts\": {\n    \"start\": \"expo start\",\n    \"android\": \"expo run:android\",\n    \"ios\": \"expo run:ios\",\n    \"web\": \"expo start --web\"\n  },\n  \"dependencies\": {\n    \"@expo/vector-icons\": \"^15.0.2\",\n    \"@react-native-async-storage/async-storage\": \"2.2.0\",\n    \"@react-native-community/datetimepicker\": \"9.1.0\",\n    \"@react-navigation/bottom-tabs\": \"^7.4.2\",\n    \"@react-navigation/native\": \"^7.1.14\",\n    \"@react-navigation/native-stack\": \"^7.3.21\",\n    \"axios\": \"^1.13.2\",\n    \"babel-preset-expo\": \"~57.0.0\",\n    \"expo\": \"^57.0.0\",\n    \"expo-camera\": \"~57.0.6\",\n    \"expo-document-picker\": \"~57.0.3\",\n    \"expo-image-picker\": \"~57.0.20\",\n    \"expo-location\": \"~57.0.20\",\n    \"expo-status-bar\": \"~57.0.1\",\n    \"expo-task-manager\": \"~57.0.21\",\n    \"lucide-react-native\": \"^1.48.0\",\n    \"react\": \"19.2.3\",\n    \"react-native\": \"0.86.3\",\n    \"react-native-maps\": \"1.27.2\",\n    \"react-native-safe-area-context\": \"~5.7.0\",\n    \"react-native-screens\": \"~4.26.0\",\n    \"react-native-svg\": \"15.15.4\",\n    \"react-native-view-shot\": \"5.1.0\",\n    \"react-native-webview\": \"13.16.1\"\n  }\n}","time":"2026-10-08T12:41:29.667Z","v":0,"logId":"01a11b88-7343-7f7f-88e1-facf11b1a874"}
{"name":"worker","pid":844,"phase":"READ_PACKAGE_JSON","buildId":"114e576c-7b66-4c0b-b583-a312a68da540","level":30,"marker":"END_PHASE","result":"success","durationMs":0,"msg":"End phase: READ_PACKAGE_JSON","time":"2026-10-08T12:41:29.668Z","v":0,"logId":"01a11b88-7344-7964-a179-c2e5e9ae80e4"}
{"name":"worker","pid":844,"phase":"INSTALL_DEPENDENCIES","buildId":"114e576c-7b66-4c0b-b583-a312a68da540","level":30,"marker":"START_PHASE","msg":"Start phase: INSTALL_DEPENDENCIES","time":"2026-10-08T12:41:29.668Z","v":0,"logId":"01a11b88-7344-7964-a179-c2e6f5d67593"}
{"name":"worker","pid":844,"phase":"INSTALL_DEPENDENCIES","buildId":"114e576c-7b66-4c0b-b583-a312a68da540","level":30,"msg":"Running \"npm ci --include=dev --verbose\" in /Users/expo/workingdir/build directory","time":"2026-10-08T12:41:29.669Z","v":0,"logId":"01a11b88-7345-7281-9e1e-9f97ea784818"}
{"name":"worker","pid":844,"phase":"INSTALL_DEPENDENCIES","buildId":"114e576c-7b66-4c0b-b583-a312a68da540","source":"stderr","level":30,"msg":"npm verbose cli /Users/expo/.nvm/versions/node/v22.23.1/bin/node /Users/expo/.nvm/versions/node/v22.23.1/bin/npm","time":"2026-10-08T12:41:29.820Z","v":0,"logId":"01a11b88-73dc-71ca-a522-1d73a2a40781"}
{"name":"worker","pid":844,"phase":"INSTALL_DEPENDENCIES","buildId":"114e576c-7b66-4c0b-b583-a312a68da540","source":"stderr","level":30,"msg":"npm info using npm@10.9.8","time":"2026-10-08T12:41:29.820Z","v":0,"logId":"01a11b88-73dc-71ca-a522-1d7480a14be7"}
{"name":"worker","pid":844,"phase":"INSTALL_DEPENDENCIES","buildId":"114e576c-7b66-4c0b-b583-a312a68da540","source":"stderr","level":30,"msg":"npm info using node@v22.23.1","time":"2026-10-08T12:41:29.820Z","v":0,"logId":"01a11b88-73dc-71ca-a522-1d75ba9d75ad"}
{"name":"worker","pid":844,"phase":"INSTALL_DEPENDENCIES","buildId":"114e576c-7b66-4c0b-b583-a312a68da540","source":"stderr","level":30,"msg":"npm verbose title npm ci","time":"2026-10-08T12:41:29.831Z","v":0,"logId":"01a11b88-73e7-7ff9-8de7-ab3953ffd814"}
{"name":"worker","pid":844,"phase":"INSTALL_DEPENDENCIES","buildId":"114e576c-7b66-4c0b-b583-a312a68da540","source":"stderr","level":30,"msg":"npm verbose argv \"ci\" \"--include\" \"dev\" \"--loglevel\" \"verbose\"","time":"2026-10-08T12:41:29.831Z","v":0,"logId":"01a11b88-73e7-7ff9-8de7-ab3add01da61"}
{"name":"worker","pid":844,"phase":"INSTALL_DEPENDENCIES","buildId":"114e576c-7b66-4c0b-b583-a312a68da540","source":"stderr","level":30,"msg":"npm verbose logfile logs-max:10 dir:/Users/expo/.npm/_logs/2026-10-08T12_41_29_802Z-","time":"2026-10-08T12:41:29.831Z","v":0,"logId":"01a11b88-73e7-7ff9-8de7-ab3b4c7320cd"}
{"name":"worker","pid":844,"phase":"INSTALL_DEPENDENCIES","buildId":"114e576c-7b66-4c0b-b583-a312a68da540","source":"stderr","level":30,"msg":"npm verbose logfile /Users/expo/.npm/_logs/2026-10-08T12_41_29_802Z-debug-0.log","time":"2026-10-08T12:41:29.832Z","v":0,"logId":"01a11b88-73e8-71c3-a030-e1fadb611930"}
{"name":"worker","pid":844,"phase":"INSTALL_DEPENDENCIES","buildId":"114e576c-7b66-4c0b-b583-a312a68da540","source":"stderr","level":30,"msg":"npm verbose reify failed optional dependency /Users/expo/workingdir/build/node_modules/lightningcss-win32-x64-msvc","time":"2026-10-08T12:41:30.305Z","v":0,"logId":"01a11b88-75c1-77f6-95a3-9a02df7359ac"}
{"name":"worker","pid":844,"phase":"INSTALL_DEPENDENCIES","buildId":"114e576c-7b66-4c0b-b583-a312a68da540","source":"stderr","level":30,"msg":"npm verbose reify failed optional dependency /Users/expo/workingdir/build/node_modules/lightningcss-win32-arm64-msvc","time":"2026-10-08T12:41:30.306Z","v":0,"logId":"01a11b88-75c2-76d0-948d-6a17af829f34"}
{"name":"worker","pid":844,"phase":"INSTALL_DEPENDENCIES","buildId":"114e576c-7b66-4c0b-b583-a312a68da540","source":"stderr","level":30,"msg":"npm verbose reify failed optional dependency /Users/expo/workingdir/build/node_modules/lightningcss-linux-x64-musl","time":"2026-10-08T12:41:30.306Z","v":0,"logId":"01a11b88-75c2-76d0-948d-6a18f34a5e05"}
{"name":"worker","pid":844,"phase":"INSTALL_DEPENDENCIES","buildId":"114e576c-7b66-4c0b-b583-a312a68da540","source":"stderr","level":30,"msg":"npm verbose reify failed optional dependency /Users/expo/workingdir/build/node_modules/lightningcss-linux-x64-gnu","time":"2026-10-08T12:41:30.306Z","v":0,"logId":"01a11b88-75c2-76d0-948d-6a19bd675c19"}
{"name":"worker","pid":844,"phase":"INSTALL_DEPENDENCIES","buildId":"114e576c-7b66-4c0b-b583-a312a68da540","source":"stderr","level":30,"msg":"npm verbose reify failed optional dependency /Users/expo/workingdir/build/node_modules/lightningcss-linux-arm64-musl","time":"2026-10-08T12:41:30.306Z","v":0,"logId":"01a11b88-75c2-76d0-948d-6a1ad4d4a11d"}
{"name":"worker","pid":844,"phase":"INSTALL_DEPENDENCIES","buildId":"114e576c-7b66-4c0b-b583-a312a68da540","source":"stderr","level":30,"msg":"npm verbose reify failed optional dependency /Users/expo/workingdir/build/node_modules/lightningcss-linux-arm64-gnu","time":"2026-10-08T12:41:30.306Z","v":0,"logId":"01a11b88-75c2-76d0-948d-6a1ba6f4162e"}
{"name":"worker","pid":844,"phase":"INSTALL_DEPENDENCIES","buildId":"114e576c-7b66-4c0b-b583-a312a68da540","source":"stderr","level":30,"msg":"npm verbose reify failed optional dependency /Users/expo/workingdir/build/node_modules/lightningcss-linux-arm-gnueabihf","time":"2026-10-08T12:41:30.306Z","v":0,"logId":"01a11b88-75c2-76d0-948d-6a1cb06772f7"}
{"name":"worker","pid":844,"phase":"INSTALL_DEPENDENCIES","buildId":"114e576c-7b66-4c0b-b583-a312a68da540","source":"stderr","level":30,"msg":"npm verbose reify failed optional dependency /Users/expo/workingdir/build/node_modules/lightningcss-freebsd-x64","time":"2026-10-08T12:41:30.307Z","v":0,"logId":"01a11b88-75c3-7784-99aa-8842e92593a4"}
{"name":"worker","pid":844,"phase":"INSTALL_DEPENDENCIES","buildId":"114e576c-7b66-4c0b-b583-a312a68da540","source":"stderr","level":30,"msg":"npm verbose reify failed optional dependency /Users/expo/workingdir/build/node_modules/lightningcss-darwin-x64","time":"2026-10-08T12:41:30.307Z","v":0,"logId":"01a11b88-75c3-7784-99aa-884332ee0056"}
{"name":"worker","pid":844,"phase":"INSTALL_DEPENDENCIES","buildId":"114e576c-7b66-4c0b-b583-a312a68da540","source":"stderr","level":30,"msg":"npm verbose reify failed optional dependency /Users/expo/workingdir/build/node_modules/lightningcss-android-arm64","time":"2026-10-08T12:41:30.307Z","v":0,"logId":"01a11b88-75c3-7784-99aa-8844c297d606"}
{"name":"worker","pid":844,"phase":"INSTALL_DEPENDENCIES","buildId":"114e576c-7b66-4c0b-b583-a312a68da540","source":"stderr","level":30,"msg":"npm http cache zxing-wasm@https://registry.npmjs.org/zxing-wasm/-/zxing-wasm-3.1.3.tgz 0ms (cache hit)","time":"2026-10-08T12:41:30.339Z","v":0,"logId":"01a11b88-75e3-7c24-9178-d8ec9dacb98a"}
{"name":"worker","pid":844,"phase":"INSTALL_DEPENDENCIES","buildId":"114e576c-7b66-4c0b-b583-a312a68da540","source":"stderr","level":30,"msg":"npm http cache zod@https://registry.npmjs.org/zod/-/zod-3.25.76.tgz 0ms (cache hit)","time":"2026-10-08T12:41:30.339Z","v":0,"logId":"01a11b88-75e3-7c24-9178-d8edf67c256c"}
{"name":"worker","pid":844,"phase":"INSTALL_DEPENDENCIES","buildId":"114e576c-7b66-4c0b-b583-a312a68da540","source":"stderr","level":30,"msg":"npm http cache yallist@https://registry.npmjs.org/yallist/-/yallist-3.1.1.tgz 0ms (cache hit)","time":"2026-10-08T12:41:30.339Z","v":0,"logId":"01a11b88-75e3-7c24-9178-d8eecc0ed4ce"}
{"name":"worker","pid":844,"phase":"INSTALL_DEPENDENCIES","buildId":"114e576c-7b66-4c0b-b583-a312a68da540","source":"stderr","level":30,"msg":"npm http cache yargs@https://registry.npmjs.org/yargs/-/yargs-17.7.3.tgz 0ms (cache hit)","time":"2026-10-08T12:41:30.340Z","v":0,"logId":"01a11b88-75e4-7c29-b2e2-a57ef091dd46"}
{"name":"worker","pid":844,"phase":"INSTALL_DEPENDENCIES","buildId":"114e576c-7b66-4c0b-b583-a312a68da540","source":"stderr","level":30,"msg":"npm http cache yaml@https://registry.npmjs.org/yaml/-/yaml-2.9.1.tgz 0ms (cache hit)","time":"2026-10-08T12:41:30.340Z","v":0,"logId":"01a11b88-75e4-7c29-b2e2-a57f36d8be51"}
{"name":"worker","pid":844,"phase":"INSTALL_DEPENDENCIES","buildId":"114e576c-7b66-4c0b-b583-a312a68da540","source":"stderr","level":30,"msg":"npm http cache y18n@https://registry.npmjs.org/y18n/-/y18n-5.0.8.tgz 0ms (cache hit)","time":"2026-10-08T12:41:30.340Z","v":0,"logId":"01a11b88-75e4-7c29-b2e2-a580b231bb05"}
{"name":"worker","pid":844,"phase":"INSTALL_DEPENDENCIES","buildId":"114e576c-7b66-4c0b-b583-a312a68da540","source":"stderr","level":30,"msg":"npm http cache xmlbuilder@https://registry.npmjs.org/xmlbuilder/-/xmlbuilder-15.1.1.tgz 0ms (cache hit)","time":"2026-10-08T12:41:30.340Z","v":0,"logId":"01a11b88-75e4-7c29-b2e2-a581ba5b813e"}
{"name":"worker","pid":844,"phase":"INSTALL_DEPENDENCIES","buildId":"114e576c-7b66-4c0b-b583-a312a68da540","source":"stderr","level":30,"msg":"npm http cache yargs-parser@https://registry.npmjs.org/yargs-parser/-/yargs-parser-21.1.1.tgz 0ms (cache hit)","time":"2026-10-08T12:41:30.340Z","v":0,"logId":"01a11b88-75e4-7c29-b2e2-a5828ac9e48e"}
{"name":"worker","pid":844,"phase":"INSTALL_DEPENDENCIES","buildId":"114e576c-7b66-4c0b-b583-a312a68da540","source":"stderr","level":30,"msg":"npm http cache ws@https://registry.npmjs.org/ws/-/ws-7.5.13.tgz 0ms (cache hit)","time":"2026-10-08T12:41:30.340Z","v":0,"logId":"01a11b88-75e4-7c29-b2e2-a583aea525c0"}
{"name":"worker","pid":844,"phase":"INSTALL_DEPENDENCIES","buildId":"114e576c-7b66-4c0b-b583-a312a68da540","source":"stderr","level":30,"msg":"npm http cache xcode@https://registry.npmjs.org/xcode/-/xcode-3.0.1.tgz 0ms (cache hit)","time":"2026-10-08T12:41:30.341Z","v":0,"logId":"01a11b88-75e5-757c-9bda-d15c8adbc68a"}
{"name":"worker","pid":844,"phase":"INSTALL_DEPENDENCIES","buildId":"114e576c-7b66-4c0b-b583-a312a68da540","source":"stderr","level":30,"msg":"npm http cache wrap-ansi@https://registry.npmjs.org/wrap-ansi/-/wrap-ansi-7.0.0.tgz 0ms (cache hit)","time":"2026-10-08T12:41:30.341Z","v":0,"logId":"01a11b88-75e5-757c-9bda-d15de99440fe"}
{"name":"worker","pid":844,"phase":"INSTALL_DEPENDENCIES","buildId":"114e576c-7b66-4c0b-b583-a312a68da540","source":"stderr","level":30,"msg":"npm http cache which@https://registry.npmjs.org/which/-/which-2.0.2.tgz 0ms (cache hit)","time":"2026-10-08T12:41:30.341Z","v":0,"logId":"01a11b88-75e5-757c-9bda-d15e0a353aae"}
{"name":"worker","pid":844,"phase":"INSTALL_DEPENDENCIES","buildId":"114e576c-7b66-4c0b-b583-a312a68da540","source":"stderr","level":30,"msg":"npm http cache xml2js@https://registry.npmjs.org/xml2js/-/xml2js-0.6.0.tgz 0ms (cache hit)","time":"2026-10-08T12:41:30.341Z","v":0,"logId":"01a11b88-75e5-757c-9bda-d15fc2ab3c46"}
{"name":"worker","pid":844,"phase":"INSTALL_DEPENDENCIES","buildId":"114e576c-7b66-4c0b-b583-a312a68da540","source":"stderr","level":30,"msg":"npm http cache whatwg-url-minimum@https://registry.npmjs.org/whatwg-url-minimum/-/whatwg-url-minimum-0.1.2.tgz 0ms (cache hit)","time":"2026-10-08T12:41:30.341Z","v":0,"logId":"01a11b88-75e5-757c-9bda-d160e86f5b97"}
{"name":"worker","pid":844,"phase":"INSTALL_DEPENDENCIES","buildId":"114e576c-7b66-4c0b-b583-a312a68da540","source":"stderr","level":30,"msg":"npm http cache whatwg-fetch@https://registry.npmjs.org/whatwg-fetch/-/whatwg-fetch-3.6.20.tgz 0ms (cache hit)","time":"2026-10-08T12:41:30.341Z","v":0,"logId":"01a11b88-75e5-757c-9bda-d1618130674d"}
{"name":"worker","pid":844,"phase":"INSTALL_DEPENDENCIES","buildId":"114e576c-7b66-4c0b-b583-a312a68da540","source":"stderr","level":30,"msg":"npm http cache wcwidth@https://registry.npmjs.org/wcwidth/-/wcwidth-1.0.1.tgz 0ms (cache hit)","time":"2026-10-08T12:41:30.341Z","v":0,"logId":"01a11b88-75e5-757c-9bda-d162294ebac5"}
{"name":"worker","pid":844,"phase":"INSTALL_DEPENDENCIES","buildId":"114e576c-7b66-4c0b-b583-a312a68da540","source":"stderr","level":30,"msg":"npm http cache walker@https://registry.npmjs.org/walker/-/walker-1.0.8.tgz 0ms (cache hit)","time":"2026-10-08T12:41:30.341Z","v":0,"logId":"01a11b88-75e5-757c-9bda-d163cf74da3d"}
{"name":"worker","pid":844,"phase":"INSTALL_DEPENDENCIES","buildId":"114e576c-7b66-4c0b-b583-a312a68da540","source":"stderr","level":30,"msg":"npm http cache warn-once@https://registry.npmjs.org/warn-once/-/warn-once-0.1.1.tgz 0ms (cache hit)","time":"2026-10-08T12:41:30.341Z","v":0,"logId":"01a11b88-75e5-757c-9bda-d164094d0fa3"}
{"name":"worker","pid":844,"phase":"INSTALL_DEPENDENCIES","buildId":"114e576c-7b66-4c0b-b583-a312a68da540","source":"stderr","level":30,"msg":"npm http cache vlq@https://registry.npmjs.org/vlq/-/vlq-1.0.1.tgz 0ms (cache hit)","time":"2026-10-08T12:41:30.341Z","v":0,"logId":"01a11b88-75e5-757c-9bda-d165e2167083"}
{"name":"worker","pid":844,"phase":"INSTALL_DEPENDENCIES","buildId":"114e576c-7b66-4c0b-b583-a312a68da540","source":"stderr","level":30,"msg":"npm http cache vary@https://registry.npmjs.org/vary/-/vary-1.1.2.tgz 0ms (cache hit)","time":"2026-10-08T12:41:30.341Z","v":0,"logId":"01a11b88-75e5-757c-9bda-d166abea788f"}
{"name":"worker","pid":844,"phase":"INSTALL_DEPENDENCIES","buildId":"114e576c-7b66-4c0b-b583-a312a68da540","source":"stderr","level":30,"msg":"npm http cache validate-npm-package-name@https://registry.npmjs.org/validate-npm-package-name/-/validate-npm-package-name-5.0.1.tgz 0ms (cache hit)","time":"2026-10-08T12:41:30.341Z","v":0,"logId":"01a11b88-75e5-757c-9bda-d1670a309791"}
{"name":"worker","pid":844,"phase":"INSTALL_DEPENDENCIES","buildId":"114e576c-7b66-4c0b-b583-a312a68da540","source":"stderr","level":30,"msg":"npm http cache utrie@https://registry.npmjs.org/utrie/-/utrie-1.0.2.tgz 0ms (cache hit)","time":"2026-10-08T12:41:30.342Z","v":0,"logId":"01a11b88-75e6-7fb2-afb1-d4a67117ceda"}
{"name":"worker","pid":844,"phase":"INSTALL_DEPENDENCIES","buildId":"114e576c-7b66-4c0b-b583-a312a68da540","source":"stderr","level":30,"msg":"npm http cache utils-merge@https://registry.npmjs.org/utils-merge/-/utils-merge-1.0.1.tgz 0ms (cache hit)","time":"2026-10-08T12:41:30.342Z","v":0,"logId":"01a11b88-75e6-7fb2-afb1-d4a709ecc310"}
{"name":"worker","pid":844,"phase":"INSTALL_DEPENDENCIES","buildId":"114e576c-7b66-4c0b-b583-a312a68da540","source":"stderr","level":30,"msg":"npm http cache use-sync-external-store@https://registry.npmjs.org/use-sync-external-store/-/use-sync-external-store-1.7.0.tgz 0ms (cache hit)","time":"2026-10-08T12:41:30.342Z","v":0,"logId":"01a11b88-75e6-7fb2-afb1-d4a8c43e8f2f"}
{"name":"worker","pid":844,"phase":"INSTALL_DEPENDENCIES","buildId":"114e576c-7b66-4c0b-b583-a312a68da540","source":"stderr","level":30,"msg":"npm http cache use-latest-callback@https://registry.npmjs.org/use-latest-callback/-/use-latest-callback-0.2.6.tgz 0ms (cache hit)","time":"2026-10-08T12:41:30.342Z","v":0,"logId":"01a11b88-75e6-7fb2-afb1-d4a9227866a3"}
{"name":"worker","pid":844,"phase":"INSTALL_DEPENDENCIES","buildId":"114e576c-7b66-4c0b-b583-a312a68da540","source":"stderr","level":30,"msg":"npm http cache update-browserslist-db@https://registry.npmjs.org/update-browserslist-db/-/update-browserslist-db-1.3.3.tgz 0ms (cache hit)","time":"2026-10-08T12:41:30.342Z","v":0,"logId":"01a11b88-75e6-7fb2-afb1-d4aa43ec0fb1"}
{"name":"worker","pid":844,"phase":"INSTALL_DEPENDENCIES","buildId":"114e576c-7b66-4c0b-b583-a312a68da540","source":"stderr","level":30,"msg":"npm http cache unimodules-app-loader@https://registry.npmjs.org/unimodules-app-loader/-/unimodules-app-loader-57.0.2.tgz 0ms (cache hit)","time":"2026-10-08T12:41:30.342Z","v":0,"logId":"01a11b88-75e6-7fb2-afb1-d4ab8ba63b10"}
{"name":"worker","pid":844,"phase":"INSTALL_DEPENDENCIES","buildId":"114e576c-7b66-4c0b-b583-a312a68da540","source":"stderr","level":30,"msg":"npm http cache unpipe@https://registry.npmjs.org/unpipe/-/unpipe-1.0.0.tgz 0ms (cache hit)","time":"2026-10-08T12:41:30.342Z","v":0,"logId":"01a11b88-75e6-7fb2-afb1-d4ac87c29585"}
{"name":"worker","pid":844,"phase":"INSTALL_DEPENDENCIES","buildId":"114e576c-7b66-4c0b-b583-a312a68da540","source":"stderr","level":30,"msg":"npm http cache unicode-property-aliases-ecmascript@https://registry.npmjs.org/unicode-property-aliases-ecmascript/-/unicode-property-aliases-ecmascript-2.2.0.tgz 0ms (cache hit)","time":"2026-10-08T12:41:30.342Z","v":0,"logId":"01a11b88-75e6-7fb2-afb1-d4ad67f8b660"}
{"name":"worker","pid":844,"phase":"INSTALL_DEPENDENCIES","buildId":"114e576c-7b66-4c0b-b583-a312a68da540","source":"stderr","level":30,"msg":"npm http cache uuid@https://registry.npmjs.org/uuid/-/uuid-7.0.3.tgz 0ms (cache hit)","time":"2026-10-08T12:41:30.342Z","v":0,"logId":"01a11b88-75e6-7fb2-afb1-d4ae27129773"}
{"name":"worker","pid":844,"phase":"INSTALL_DEPENDENCIES","buildId":"114e576c-7b66-4c0b-b583-a312a68da540","source":"stderr","level":30,"msg":"npm http cache unicode-match-property-ecmascript@https://registry.npmjs.org/unicode-match-property-ecmascript/-/unicode-match-property-ecmascript-2.0.0.tgz 0ms (cache hit)","time":"2026-10-08T12:41:30.342Z","v":0,"logId":"01a11b88-75e6-7fb2-afb1-d4af7bed1697"}
{"name":"worker","pid":844,"phase":"INSTALL_DEPENDENCIES","buildId":"114e576c-7b66-4c0b-b583-a312a68da540","source":"stderr","level":30,"msg":"npm http cache unicode-match-property-value-ecmascript@https://registry.npmjs.org/unicode-match-property-value-ecmascript/-/unicode-match-property-value-ecmascript-2.2.1.tgz 0ms (cache hit)","time":"2026-10-08T12:41:30.342Z","v":0,"logId":"01a11b88-75e6-7fb2-afb1-d4b0bfc3da7c"}
{"name":"worker","pid":844,"phase":"INSTALL_DEPENDENCIES","buildId":"114e576c-7b66-4c0b-b583-a312a68da540","source":"stderr","level":30,"msg":"npm http cache undici-types@https://registry.npmjs.org/undici-types/-/undici-types-8.9.0.tgz 0ms (cache hit)","time":"2026-10-08T12:41:30.342Z","v":0,"logId":"01a11b88-75e6-7fb2-afb1-d4b1634f8b09"}
{"name":"worker","pid":844,"phase":"INSTALL_DEPENDENCIES","buildId":"114e576c-7b66-4c0b-b583-a312a68da540","source":"stderr","level":30,"msg":"npm http cache type-fest@https://registry.npmjs.org/type-fest/-/type-fest-0.7.1.tgz 0ms (cache hit)","time":"2026-10-08T12:41:30.342Z","v":0,"logId":"01a11b88-75e6-7fb2-afb1-d4b2d1d10fcb"}
{"name":"worker","pid":844,"phase":"INSTALL_DEPENDENCIES","buildId":"114e576c-7b66-4c0b-b583-a312a68da540","source":"stderr","level":30,"msg":"npm http cache unicode-canonical-property-names-ecmascript@https://registry.npmjs.org/unicode-canonical-property-names-ecmascript/-/unicode-canonical-property-names-ecmascript-2.0.1.tgz 0ms (cache hit)","time":"2026-10-08T12:41:30.342Z","v":0,"logId":"01a11b88-75e6-7fb2-afb1-d4b39c9ef440"}
{"name":"worker","pid":844,"phase":"INSTALL_DEPENDENCIES","buildId":"114e576c-7b66-4c0b-b583-a312a68da540","source":"stderr","level":30,"msg":"npm http cache toidentifier@https://registry.npmjs.org/toidentifier/-/toidentifier-1.0.1.tgz 0ms (cache hit)","time":"2026-10-08T12:41:30.342Z","v":0,"logId":"01a11b88-75e6-7fb2-afb1-d4b4e2e1f66d"}
{"name":"worker","pid":844,"phase":"INSTALL_DEPENDENCIES","buildId":"114e576c-7b66-4c0b-b583-a312a68da540","source":"stderr","level":30,"msg":"npm http cache to-regex-range@https://registry.npmjs.org/to-regex-range/-/to-regex-range-5.0.1.tgz 0ms (cache hit)","time":"2026-10-08T12:41:30.342Z","v":0,"logId":"01a11b88-75e6-7fb2-afb1-d4b531ac9490"}
{"name":"worker","pid":844,"phase":"INSTALL_DEPENDENCIES","buildId":"114e576c-7b66-4c0b-b583-a312a68da540","source":"stderr","level":30,"msg":"npm http cache tmpl@https://registry.npmjs.org/tmpl/-/tmpl-1.0.5.tgz 0ms (cache hit)","time":"2026-10-08T12:41:30.342Z","v":0,"logId":"01a11b88-75e6-7fb2-afb1-d4b6d7a9fef5"}
{"name":"worker","pid":844,"phase":"INSTALL_DEPENDENCIES","buildId":"114e576c-7b66-4c0b-b583-a312a68da540","source":"stderr","level":30,"msg":"npm http cache toqr@https://registry.npmjs.org/toqr/-/toqr-0.1.1.tgz 0ms (cache hit)","time":"2026-10-08T12:41:30.342Z","v":0,"logId":"01a11b88-75e6-7fb2-afb1-d4b79606e193"}
{"name":"worker","pid":844,"phase":"INSTALL_DEPENDENCIES","buildId":"114e576c-7b66-4c0b-b583-a312a68da540","source":"stderr","level":30,"msg":"npm http cache text-segmentation@https://registry.npmjs.org/text-segmentation/-/text-segmentation-1.0.3.tgz 0ms (cache hit)","time":"2026-10-08T12:41:30.342Z","v":0,"logId":"01a11b88-75e6-7fb2-afb1-d4b8ae45b1df"}
{"name":"worker","pid":844,"phase":"INSTALL_DEPENDENCIES","buildId":"114e576c-7b66-4c0b-b583-a312a68da540","source":"stderr","level":30,"msg":"npm http cache terser@https://registry.npmjs.org/terser/-/terser-5.51.2.tgz 0ms (cache hit)","time":"2026-10-08T12:41:30.342Z","v":0,"logId":"01a11b88-75e6-7fb2-afb1-d4b9b74eb2ce"}
{"name":"worker","pid":844,"phase":"INSTALL_DEPENDENCIES","buildId":"114e576c-7b66-4c0b-b583-a312a68da540","source":"stderr","level":30,"msg":"npm http cache terminal-link@https://registry.npmjs.org/terminal-link/-/terminal-link-2.1.1.tgz 0ms (cache hit)","time":"2026-10-08T12:41:30.342Z","v":0,"logId":"01a11b88-75e6-7fb2-afb1-d4ba9c50d4c7"}
{"name":"worker","pid":844,"phase":"INSTALL_DEPENDENCIES","buildId":"114e576c-7b66-4c0b-b583-a312a68da540","source":"stderr","level":30,"msg":"npm http cache tagged-tag@https://registry.npmjs.org/tagged-tag/-/tagged-tag-1.0.0.tgz 0ms (cache hit)","time":"2026-10-08T12:41:30.342Z","v":0,"logId":"01a11b88-75e6-7fb2-afb1-d4bb14930c3d"}
{"name":"worker","pid":844,"phase":"INSTALL_DEPENDENCIES","buildId":"114e576c-7b66-4c0b-b583-a312a68da540","source":"stderr","level":30,"msg":"npm http cache supports-preserve-symlinks-flag@https://registry.npmjs.org/supports-preserve-symlinks-flag/-/supports-preserve-symlinks-flag-1.0.0.tgz 0ms (cache hit)","time":"2026-10-08T12:41:30.342Z","v":0,"logId":"01a11b88-75e6-7fb2-afb1-d4bc083e9cd2"}
{"name":"worker","pid":844,"phase":"INSTALL_DEPENDENCIES","buildId":"114e576c-7b66-4c0b-b583-a312a68da540","source":"stderr","level":30,"msg":"npm http cache supports-hyperlinks@https://registry.npmjs.org/supports-hyperlinks/-/supports-hyperlinks-2.3.0.tgz 0ms (cache hit)","time":"2026-10-08T12:41:30.343Z","v":0,"logId":"01a11b88-75e7-7db1-baa6-394a99d2bf66"}
{"name":"worker","pid":844,"phase":"INSTALL_DEPENDENCIES","buildId":"114e576c-7b66-4c0b-b583-a312a68da540","source":"stderr","level":30,"msg":"npm http cache structured-headers@https://registry.npmjs.org/structured-headers/-/structured-headers-0.4.1.tgz 0ms (cache hit)","time":"2026-10-08T12:41:30.343Z","v":0,"logId":"01a11b88-75e7-7db1-baa6-394bc1475c9f"}
{"name":"worker","pid":844,"phase":"INSTALL_DEPENDENCIES","buildId":"114e576c-7b66-4c0b-b583-a312a68da540","source":"stderr","level":30,"msg":"npm http cache throat@https://registry.npmjs.org/throat/-/throat-5.0.0.tgz 0ms (cache hit)","time":"2026-10-08T12:41:30.343Z","v":0,"logId":"01a11b88-75e7-7db1-baa6-394cdb4dca01"}
{"name":"worker","pid":844,"phase":"INSTALL_DEPENDENCIES","buildId":"114e576c-7b66-4c0b-b583-a312a68da540","source":"stderr","level":30,"msg":"npm http cache strip-ansi@https://registry.npmjs.org/strip-ansi/-/strip-ansi-6.0.1.tgz 0ms (cache hit)","time":"2026-10-08T12:41:30.343Z","v":0,"logId":"01a11b88-75e7-7db1-baa6-394d9cc072ae"}
{"name":"worker","pid":844,"phase":"INSTALL_DEPENDENCIES","buildId":"114e576c-7b66-4c0b-b583-a312a68da540","source":"stderr","level":30,"msg":"npm http cache supports-color@https://registry.npmjs.org/supports-color/-/supports-color-7.2.0.tgz 0ms (cache hit)","time":"2026-10-08T12:41:30.343Z","v":0,"logId":"01a11b88-75e7-7db1-baa6-394e9f1e4dd0"}
{"name":"worker","pid":844,"phase":"INSTALL_DEPENDENCIES","buildId":"114e576c-7b66-4c0b-b583-a312a68da540","source":"stderr","level":30,"msg":"npm http cache string-width@https://registry.npmjs.org/string-width/-/string-width-4.2.3.tgz 0ms (cache hit)","time":"2026-10-08T12:41:30.343Z","v":0,"logId":"01a11b88-75e7-7db1-baa6-394f78d9f2a4"}
{"name":"worker","pid":844,"phase":"INSTALL_DEPENDENCIES","buildId":"114e576c-7b66-4c0b-b583-a312a68da540","source":"stderr","level":30,"msg":"npm http cache stream-buffers@https://registry.npmjs.org/stream-buffers/-/stream-buffers-2.2.0.tgz 0ms (cache hit)","time":"2026-10-08T12:41:30.343Z","v":0,"logId":"01a11b88-75e7-7db1-baa6-39508290eb52"}
{"name":"worker","pid":844,"phase":"INSTALL_DEPENDENCIES","buildId":"114e576c-7b66-4c0b-b583-a312a68da540","source":"stderr","level":30,"msg":"npm http cache statuses@https://registry.npmjs.org/statuses/-/statuses-1.5.0.tgz 0ms (cache hit)","time":"2026-10-08T12:41:30.343Z","v":0,"logId":"01a11b88-75e7-7db1-baa6-3951627bd962"}
{"name":"worker","pid":844,"phase":"INSTALL_DEPENDENCIES","buildId":"114e576c-7b66-4c0b-b583-a312a68da540","source":"stderr","level":30,"msg":"npm http cache stackframe@https://registry.npmjs.org/stackframe/-/stackframe-1.3.4.tgz 0ms (cache hit)","time":"2026-10-08T12:41:30.343Z","v":0,"logId":"01a11b88-75e7-7db1-baa6-39527dc25c90"}
{"name":"worker","pid":844,"phase":"INSTALL_DEPENDENCIES","buildId":"114e576c-7b66-4c0b-b583-a312a68da540","source":"stderr","level":30,"msg":"npm http cache standard-navigation@https://registry.npmjs.org/standard-navigation/-/standard-navigation-0.0.8.tgz 0ms (cache hit)","time":"2026-10-08T12:41:30.343Z","v":0,"logId":"01a11b88-75e7-7db1-baa6-395368a7b265"}
{"name":"worker","pid":844,"phase":"INSTALL_DEPENDENCIES","buildId":"114e576c-7b66-4c0b-b583-a312a68da540","source":"stderr","level":30,"msg":"npm http cache source-map@https://registry.npmjs.org/source-map/-/source-map-0.5.7.tgz 0ms (cache hit)","time":"2026-10-08T12:41:30.343Z","v":0,"logId":"01a11b88-75e7-7db1-baa6-3954a20b4fd9"}
{"name":"worker","pid":844,"phase":"INSTALL_DEPENDENCIES","buildId":"114e576c-7b66-4c0b-b583-a312a68da540","source":"stderr","level":30,"msg":"npm http cache source-map-js@https://registry.npmjs.org/source-map-js/-/source-map-js-1.2.2.tgz 0ms (cache hit)","time":"2026-10-08T12:41:30.343Z","v":0,"logId":"01a11b88-75e7-7db1-baa6-3955921c4d4d"}
{"name":"worker","pid":844,"phase":"INSTALL_DEPENDENCIES","buildId":"114e576c-7b66-4c0b-b583-a312a68da540","source":"stderr","level":30,"msg":"npm http cache source-map-support@https://registry.npmjs.org/source-map-support/-/source-map-support-0.5.21.tgz 0ms (cache hit)","time":"2026-10-08T12:41:30.343Z","v":0,"logId":"01a11b88-75e7-7db1-baa6-3956dcdefb56"}
{"name":"worker","pid":844,"phase":"INSTALL_DEPENDENCIES","buildId":"114e576c-7b66-4c0b-b583-a312a68da540","source":"stderr","level":30,"msg":"npm http cache slugify@https://registry.npmjs.org/slugify/-/slugify-1.6.9.tgz 0ms (cache hit)","time":"2026-10-08T12:41:30.343Z","v":0,"logId":"01a11b88-75e7-7db1-baa6-3957eb581783"}
{"name":"worker","pid":844,"phase":"INSTALL_DEPENDENCIES","buildId":"114e576c-7b66-4c0b-b583-a312a68da540","source":"stderr","level":30,"msg":"npm http cache simple-swizzle@https://registry.npmjs.org/simple-swizzle/-/simple-swizzle-0.2.4.tgz 0ms (cache hit)","time":"2026-10-08T12:41:30.343Z","v":0,"logId":"01a11b88-75e7-7db1-baa6-3958368b1916"}
{"name":"worker","pid":844,"phase":"INSTALL_DEPENDENCIES","buildId":"114e576c-7b66-4c0b-b583-a312a68da540","source":"stderr","level":30,"msg":"npm http cache simple-plist@https://registry.npmjs.org/simple-plist/-/simple-plist-1.3.1.tgz 0ms (cache hit)","time":"2026-10-08T12:41:30.343Z","v":0,"logId":"01a11b88-75e7-7db1-baa6-39590312ee66"}
{"name":"worker","pid":844,"phase":"INSTALL_DEPENDENCIES","buildId":"114e576c-7b66-4c0b-b583-a312a68da540","source":"stderr","level":30,"msg":"npm http cache signal-exit@https://registry.npmjs.org/signal-exit/-/signal-exit-3.0.7.tgz 0ms (cache hit)","time":"2026-10-08T12:41:30.343Z","v":0,"logId":"01a11b88-75e7-7db1-baa6-395a8a5f0936"}
{"name":"worker","pid":844,"phase":"INSTALL_DEPENDENCIES","buildId":"114e576c-7b66-4c0b-b583-a312a68da540","source":"stderr","level":30,"msg":"npm http cache shell-quote@https://registry.npmjs.org/shell-quote/-/shell-quote-1.10.0.tgz 0ms (cache hit)","time":"2026-10-08T12:41:30.343Z","v":0,"logId":"01a11b88-75e7-7db1-baa6-395b6d911601"}
{"name":"worker","pid":844,"phase":"INSTALL_DEPENDENCIES","buildId":"114e576c-7b66-4c0b-b583-a312a68da540","source":"stderr","level":30,"msg":"npm http cache shebang-regex@https://registry.npmjs.org/shebang-regex/-/shebang-regex-3.0.0.tgz 0ms (cache hit)","time":"2026-10-08T12:41:30.343Z","v":0,"logId":"01a11b88-75e7-7db1-baa6-395ce8cdd036"}
{"name":"worker","pid":844,"phase":"INSTALL_DEPENDENCIES","buildId":"114e576c-7b66-4c0b-b583-a312a68da540","source":"stderr","level":30,"msg":"npm http cache sisteransi@https://registry.npmjs.org/sisteransi/-/sisteransi-1.0.5.tgz 0ms (cache hit)","time":"2026-10-08T12:41:30.343Z","v":0,"logId":"01a11b88-75e7-7db1-baa6-395d8cf75d69"}
{"name":"worker","pid":844,"phase":"INSTALL_DEPENDENCIES","buildId":"114e576c-7b66-4c0b-b583-a312a68da540","source":"stderr","level":30,"msg":"npm http cache stacktrace-parser@https://registry.npmjs.org/stacktrace-parser/-/stacktrace-parser-0.1.11.tgz 0ms (cache hit)","time":"2026-10-08T12:41:30.343Z","v":0,"logId":"01a11b88-75e7-7db1-baa6-395ec7548339"}
{"name":"worker","pid":844,"phase":"INSTALL_DEPENDENCIES","buildId":"114e576c-7b66-4c0b-b583-a312a68da540","source":"stderr","level":30,"msg":"npm http cache shebang-command@https://registry.npmjs.org/shebang-command/-/shebang-command-2.0.0.tgz 0ms (cache hit)","time":"2026-10-08T12:41:30.344Z","v":0,"logId":"01a11b88-75e8-798a-87db-50d80bb2f111"}
{"name":"worker","pid":844,"phase":"INSTALL_DEPENDENCIES","buildId":"114e576c-7b66-4c0b-b583-a312a68da540","source":"stderr","level":30,"msg":"npm http cache serialize-error@https://registry.npmjs.org/serialize-error/-/serialize-error-2.1.0.tgz 0ms (cache hit)","time":"2026-10-08T12:41:30.344Z","v":0,"logId":"01a11b88-75e8-798a-87db-50d928ea5cb2"}
{"name":"worker","pid":844,"phase":"INSTALL_DEPENDENCIES","buildId":"114e576c-7b66-4c0b-b583-a312a68da540","source":"stderr","level":30,"msg":"npm http cache serve-static@https://registry.npmjs.org/serve-static/-/serve-static-1.16.3.tgz 0ms (cache hit)","time":"2026-10-08T12:41:30.344Z","v":0,"logId":"01a11b88-75e8-798a-87db-50daa249152c"}
{"name":"worker","pid":844,"phase":"INSTALL_DEPENDENCIES","buildId":"114e576c-7b66-4c0b-b583-a312a68da540","source":"stderr","level":30,"msg":"npm http cache sf-symbols-typescript@https://registry.npmjs.org/sf-symbols-typescript/-/sf-symbols-typescript-2.2.0.tgz 0ms (cache hit)","time":"2026-10-08T12:41:30.344Z","v":0,"logId":"01a11b88-75e8-798a-87db-50dbb45d99d9"}
{"name":"worker","pid":844,"phase":"INSTALL_DEPENDENCIES","buildId":"114e576c-7b66-4c0b-b583-a312a68da540","source":"stderr","level":30,"msg":"npm http cache send@https://registry.npmjs.org/send/-/send-0.19.2.tgz 0ms (cache hit)","time":"2026-10-08T12:41:30.344Z","v":0,"logId":"01a11b88-75e8-798a-87db-50dcc13d2c08"}
{"name":"worker","pid":844,"phase":"INSTALL_DEPENDENCIES","buildId":"114e576c-7b66-4c0b-b583-a312a68da540","source":"stderr","level":30,"msg":"npm http cache semver@https://registry.npmjs.org/semver/-/semver-7.8.5.tgz 0ms (cache hit)","time":"2026-10-08T12:41:30.344Z","v":0,"logId":"01a11b88-75e8-798a-87db-50ddb0f35583"}
{"name":"worker","pid":844,"phase":"INSTALL_DEPENDENCIES","buildId":"114e576c-7b66-4c0b-b583-a312a68da540","source":"stderr","level":30,"msg":"npm http cache scheduler@https://registry.npmjs.org/scheduler/-/scheduler-0.27.0.tgz 0ms (cache hit)","time":"2026-10-08T12:41:30.344Z","v":0,"logId":"01a11b88-75e8-798a-87db-50de09339312"}
{"name":"worker","pid":844,"phase":"INSTALL_DEPENDENCIES","buildId":"114e576c-7b66-4c0b-b583-a312a68da540","source":"stderr","level":30,"msg":"npm http cache tinyglobby@https://registry.npmjs.org/tinyglobby/-/tinyglobby-0.2.17.tgz 0ms (cache hit)","time":"2026-10-08T12:41:30.344Z","v":0,"logId":"01a11b88-75e8-798a-87db-50dfbbbff962"}
{"name":"worker","pid":844,"phase":"INSTALL_DEPENDENCIES","buildId":"114e576c-7b66-4c0b-b583-a312a68da540","source":"stderr","level":30,"msg":"npm http cache sandbox-cli-detector@https://registry.npmjs.org/sandbox-cli-detector/-/sandbox-cli-detector-0.2.0.tgz 0ms (cache hit)","time":"2026-10-08T12:41:30.344Z","v":0,"logId":"01a11b88-75e8-798a-87db-50e092b4d21e"}
{"name":"worker","pid":844,"phase":"INSTALL_DEPENDENCIES","buildId":"114e576c-7b66-4c0b-b583-a312a68da540","source":"stderr","level":30,"msg":"npm http cache restore-cursor@https://registry.npmjs.org/restore-cursor/-/restore-cursor-2.0.0.tgz 0ms (cache hit)","time":"2026-10-08T12:41:30.344Z","v":0,"logId":"01a11b88-75e8-798a-87db-50e153aa55fb"}
{"name":"worker","pid":844,"phase":"INSTALL_DEPENDENCIES","buildId":"114e576c-7b66-4c0b-b583-a312a68da540","source":"stderr","level":30,"msg":"npm http cache safe-buffer@https://registry.npmjs.org/safe-buffer/-/safe-buffer-5.2.1.tgz 0ms (cache hit)","time":"2026-10-08T12:41:30.344Z","v":0,"logId":"01a11b88-75e8-798a-87db-50e2c10789f6"}
{"name":"worker","pid":844,"phase":"INSTALL_DEPENDENCIES","buildId":"114e576c-7b66-4c0b-b583-a312a68da540","source":"stderr","level":30,"msg":"npm http cache resolve-workspace-root@https://registry.npmjs.org/resolve-workspace-root/-/resolve-workspace-root-2.0.1.tgz 0ms (cache hit)","time":"2026-10-08T12:41:30.344Z","v":0,"logId":"01a11b88-75e8-798a-87db-50e38ae7ad46"}
{"name":"worker","pid":844,"phase":"INSTALL_DEPENDENCIES","buildId":"114e576c-7b66-4c0b-b583-a312a68da540","source":"stderr","level":30,"msg":"npm http cache setprototypeof@https://registry.npmjs.org/setprototypeof/-/setprototypeof-1.2.0.tgz 0ms (cache hit)","time":"2026-10-08T12:41:30.344Z","v":0,"logId":"01a11b88-75e8-798a-87db-50e4134a8eaa"}
{"name":"worker","pid":844,"phase":"INSTALL_DEPENDENCIES","buildId":"114e576c-7b66-4c0b-b583-a312a68da540","source":"stderr","level":30,"msg":"npm http cache resolve-from@https://registry.npmjs.org/resolve-from/-/resolve-from-5.0.0.tgz 0ms (cache hit)","time":"2026-10-08T12:41:30.344Z","v":0,"logId":"01a11b88-75e8-798a-87db-50e57500abb7"}
{"name":"worker","pid":844,"phase":"INSTALL_DEPENDENCIES","buildId":"114e576c-7b66-4c0b-b583-a312a68da540","source":"stderr","level":30,"msg":"npm http cache sax@https://registry.npmjs.org/sax/-/sax-1.6.1.tgz 0ms (cache hit)","time":"2026-10-08T12:41:30.344Z","v":0,"logId":"01a11b88-75e8-798a-87db-50e6f646bf03"}
{"name":"worker","pid":844,"phase":"INSTALL_DEPENDENCIES","buildId":"114e576c-7b66-4c0b-b583-a312a68da540","source":"stderr","level":30,"msg":"npm http cache require-directory@https://registry.npmjs.org/require-directory/-/require-directory-2.1.1.tgz 0ms (cache hit)","time":"2026-10-08T12:41:30.344Z","v":0,"logId":"01a11b88-75e8-798a-87db-50e75a8d4f98"}
{"name":"worker","pid":844,"phase":"INSTALL_DEPENDENCIES","buildId":"114e576c-7b66-4c0b-b583-a312a68da540","source":"stderr","level":30,"msg":"npm http cache regjsparser@https://registry.npmjs.org/regjsparser/-/regjsparser-0.13.2.tgz 0ms (cache hit)","time":"2026-10-08T12:41:30.344Z","v":0,"logId":"01a11b88-75e8-798a-87db-50e8b7352b39"}
{"name":"worker","pid":844,"phase":"INSTALL_DEPENDENCIES","buildId":"114e576c-7b66-4c0b-b583-a312a68da540","source":"stderr","level":30,"msg":"npm http cache resolve@https://registry.npmjs.org/resolve/-/resolve-1.22.12.tgz 0ms (cache hit)","time":"2026-10-08T12:41:30.344Z","v":0,"logId":"01a11b88-75e8-798a-87db-50e9894c47e3"}
{"name":"worker","pid":844,"phase":"INSTALL_DEPENDENCIES","buildId":"114e576c-7b66-4c0b-b583-a312a68da540","source":"stderr","level":30,"msg":"npm http cache regexpu-core@https://registry.npmjs.org/regexpu-core/-/regexpu-core-6.4.0.tgz 0ms (cache hit)","time":"2026-10-08T12:41:30.344Z","v":0,"logId":"01a11b88-75e8-798a-87db-50ea69bd85fe"}
{"name":"worker","pid":844,"phase":"INSTALL_DEPENDENCIES","buildId":"114e576c-7b66-4c0b-b583-a312a68da540","source":"stderr","level":30,"msg":"npm http cache regenerator-runtime@https://registry.npmjs.org/regenerator-runtime/-/regenerator-runtime-0.13.11.tgz 0ms (cache hit)","time":"2026-10-08T12:41:30.344Z","v":0,"logId":"01a11b88-75e8-798a-87db-50eb83b7f0ae"}
{"name":"worker","pid":844,"phase":"INSTALL_DEPENDENCIES","buildId":"114e576c-7b66-4c0b-b583-a312a68da540","source":"stderr","level":30,"msg":"npm http cache regenerate-unicode-properties@https://registry.npmjs.org/regenerate-unicode-properties/-/regenerate-unicode-properties-10.2.2.tgz 0ms (cache hit)","time":"2026-10-08T12:41:30.344Z","v":0,"logId":"01a11b88-75e8-798a-87db-50ecb879d14c"}
{"name":"worker","pid":844,"phase":"INSTALL_DEPENDENCIES","buildId":"114e576c-7b66-4c0b-b583-a312a68da540","source":"stderr","level":30,"msg":"npm http cache regenerate@https://registry.npmjs.org/regenerate/-/regenerate-1.4.2.tgz 0ms (cache hit)","time":"2026-10-08T12:41:30.345Z","v":0,"logId":"01a11b88-75e9-75c2-9b7e-3e31c577d2c3"}
{"name":"worker","pid":844,"phase":"INSTALL_DEPENDENCIES","buildId":"114e576c-7b66-4c0b-b583-a312a68da540","source":"stderr","level":30,"msg":"npm http cache react-refresh@https://registry.npmjs.org/react-refresh/-/react-refresh-0.14.2.tgz 0ms (cache hit)","time":"2026-10-08T12:41:30.345Z","v":0,"logId":"01a11b88-75e9-75c2-9b7e-3e32daf886c8"}
{"name":"worker","pid":844,"phase":"INSTALL_DEPENDENCIES","buildId":"114e576c-7b66-4c0b-b583-a312a68da540","source":"stderr","level":30,"msg":"npm http cache react-native-webview@https://registry.npmjs.org/react-native-webview/-/react-native-webview-13.16.1.tgz 0ms (cache hit)","time":"2026-10-08T12:41:30.345Z","v":0,"logId":"01a11b88-75e9-75c2-9b7e-3e336d5c013e"}
{"name":"worker","pid":844,"phase":"INSTALL_DEPENDENCIES","buildId":"114e576c-7b66-4c0b-b583-a312a68da540","source":"stderr","level":30,"msg":"npm http cache react-native-view-shot@https://registry.npmjs.org/react-native-view-shot/-/react-native-view-shot-5.1.0.tgz 0ms (cache hit)","time":"2026-10-08T12:41:30.345Z","v":0,"logId":"01a11b88-75e9-75c2-9b7e-3e3403d42f74"}
{"name":"worker","pid":844,"phase":"INSTALL_DEPENDENCIES","buildId":"114e576c-7b66-4c0b-b583-a312a68da540","source":"stderr","level":30,"msg":"npm http cache react-native-screens@https://registry.npmjs.org/react-native-screens/-/react-native-screens-4.26.2.tgz 0ms (cache hit)","time":"2026-10-08T12:41:30.345Z","v":0,"logId":"01a11b88-75e9-75c2-9b7e-3e3570e3803c"}
{"name":"worker","pid":844,"phase":"INSTALL_DEPENDENCIES","buildId":"114e576c-7b66-4c0b-b583-a312a68da540","source":"stderr","level":30,"msg":"npm http cache react-native-safe-area-context@https://registry.npmjs.org/react-native-safe-area-context/-/react-native-safe-area-context-5.7.0.tgz 0ms (cache hit)","time":"2026-10-08T12:41:30.345Z","v":0,"logId":"01a11b88-75e9-75c2-9b7e-3e369d1b9a3e"}
{"name":"worker","pid":844,"phase":"INSTALL_DEPENDENCIES","buildId":"114e576c-7b66-4c0b-b583-a312a68da540","source":"stderr","level":30,"msg":"npm http cache react-native-maps@https://registry.npmjs.org/react-native-maps/-/react-native-maps-1.27.2.tgz 0ms (cache hit)","time":"2026-10-08T12:41:30.345Z","v":0,"logId":"01a11b88-75e9-75c2-9b7e-3e37b5474674"}
{"name":"worker","pid":844,"phase":"INSTALL_DEPENDENCIES","buildId":"114e576c-7b66-4c0b-b583-a312a68da540","source":"stderr","level":30,"msg":"npm http cache react-native-svg@https://registry.npmjs.org/react-native-svg/-/react-native-svg-15.15.4.tgz 0ms (cache hit)","time":"2026-10-08T12:41:30.345Z","v":0,"logId":"01a11b88-75e9-75c2-9b7e-3e38fba675f4"}
{"name":"worker","pid":844,"phase":"INSTALL_DEPENDENCIES","buildId":"114e576c-7b66-4c0b-b583-a312a68da540","source":"stderr","level":30,"msg":"npm http cache react-native@https://registry.npmjs.org/react-native/-/react-native-0.86.3.tgz 0ms (cache hit)","time":"2026-10-08T12:41:30.345Z","v":0,"logId":"01a11b88-75e9-75c2-9b7e-3e39aaf6991b"}
{"name":"worker","pid":844,"phase":"INSTALL_DEPENDENCIES","buildId":"114e576c-7b66-4c0b-b583-a312a68da540","source":"stderr","level":30,"msg":"npm http cache react-is@https://registry.npmjs.org/react-is/-/react-is-19.3.0.tgz 0ms (cache hit)","time":"2026-10-08T12:41:30.345Z","v":0,"logId":"01a11b88-75e9-75c2-9b7e-3e3ad79d0c5e"}
{"name":"worker","pid":844,"phase":"INSTALL_DEPENDENCIES","buildId":"114e576c-7b66-4c0b-b583-a312a68da540","source":"stderr","level":30,"msg":"npm http cache react-freeze@https://registry.npmjs.org/react-freeze/-/react-freeze-1.0.4.tgz 0ms (cache hit)","time":"2026-10-08T12:41:30.345Z","v":0,"logId":"01a11b88-75e9-75c2-9b7e-3e3bc451e970"}
{"name":"worker","pid":844,"phase":"INSTALL_DEPENDENCIES","buildId":"114e576c-7b66-4c0b-b583-a312a68da540","source":"stderr","level":30,"msg":"npm http cache react-devtools-core@https://registry.npmjs.org/react-devtools-core/-/react-devtools-core-6.1.5.tgz 0ms (cache hit)","time":"2026-10-08T12:41:30.345Z","v":0,"logId":"01a11b88-75e9-75c2-9b7e-3e3c720f5708"}
{"name":"worker","pid":844,"phase":"INSTALL_DEPENDENCIES","buildId":"114e576c-7b66-4c0b-b583-a312a68da540","source":"stderr","level":30,"msg":"npm http cache react@https://registry.npmjs.org/react/-/react-19.2.3.tgz 0ms (cache hit)","time":"2026-10-08T12:41:30.345Z","v":0,"logId":"01a11b88-75e9-75c2-9b7e-3e3da9639472"}
{"name":"worker","pid":844,"phase":"INSTALL_DEPENDENCIES","buildId":"114e576c-7b66-4c0b-b583-a312a68da540","source":"stderr","level":30,"msg":"npm http cache range-parser@https://registry.npmjs.org/range-parser/-/range-parser-1.2.1.tgz 0ms (cache hit)","time":"2026-10-08T12:41:30.345Z","v":0,"logId":"01a11b88-75e9-75c2-9b7e-3e3e65ccc336"}
{"name":"worker","pid":844,"phase":"INSTALL_DEPENDENCIES","buildId":"114e576c-7b66-4c0b-b583-a312a68da540","source":"stderr","level":30,"msg":"npm http cache proxy-from-env@https://registry.npmjs.org/proxy-from-env/-/proxy-from-env-2.1.0.tgz 0ms (cache hit)","time":"2026-10-08T12:41:30.345Z","v":0,"logId":"01a11b88-75e9-75c2-9b7e-3e3fd25d1df0"}
{"name":"worker","pid":844,"phase":"INSTALL_DEPENDENCIES","buildId":"114e576c-7b66-4c0b-b583-a312a68da540","source":"stderr","level":30,"msg":"npm http cache prompts@https://registry.npmjs.org/prompts/-/prompts-2.4.2.tgz 0ms (cache hit)","time":"2026-10-08T12:41:30.345Z","v":0,"logId":"01a11b88-75e9-75c2-9b7e-3e405602a66c"}
{"name":"worker","pid":844,"phase":"INSTALL_DEPENDENCIES","buildId":"114e576c-7b66-4c0b-b583-a312a68da540","source":"stderr","level":30,"msg":"npm http cache regjsgen@https://registry.npmjs.org/regjsgen/-/regjsgen-0.8.0.tgz 0ms (cache hit)","time":"2026-10-08T12:41:30.345Z","v":0,"logId":"01a11b88-75e9-75c2-9b7e-3e4197a5f7a2"}
{"name":"worker","pid":844,"phase":"INSTALL_DEPENDENCIES","buildId":"114e576c-7b66-4c0b-b583-a312a68da540","source":"stderr","level":30,"msg":"npm http cache promise@https://registry.npmjs.org/promise/-/promise-8.3.0.tgz 0ms (cache hit)","time":"2026-10-08T12:41:30.345Z","v":0,"logId":"01a11b88-75e9-75c2-9b7e-3e42820ffd0b"}
{"name":"worker","pid":844,"phase":"INSTALL_DEPENDENCIES","buildId":"114e576c-7b66-4c0b-b583-a312a68da540","source":"stderr","level":30,"msg":"npm http cache progress@https://registry.npmjs.org/progress/-/progress-2.0.3.tgz 0ms (cache hit)","time":"2026-10-08T12:41:30.345Z","v":0,"logId":"01a11b88-75e9-75c2-9b7e-3e43e6ceb907"}
{"name":"worker","pid":844,"phase":"INSTALL_DEPENDENCIES","buildId":"114e576c-7b66-4c0b-b583-a312a68da540","source":"stderr","level":30,"msg":"npm http cache postcss@https://registry.npmjs.org/postcss/-/postcss-8.5.29.tgz 0ms (cache hit)","time":"2026-10-08T12:41:30.345Z","v":0,"logId":"01a11b88-75e9-75c2-9b7e-3e4496b4d00d"}
{"name":"worker","pid":844,"phase":"INSTALL_DEPENDENCIES","buildId":"114e576c-7b66-4c0b-b583-a312a68da540","source":"stderr","level":30,"msg":"npm http cache pretty-format@https://registry.npmjs.org/pretty-format/-/pretty-format-29.7.0.tgz 0ms (cache hit)","time":"2026-10-08T12:41:30.345Z","v":0,"logId":"01a11b88-75e9-75c2-9b7e-3e4582f77cbb"}
{"name":"worker","pid":844,"phase":"INSTALL_DEPENDENCIES","buildId":"114e576c-7b66-4c0b-b583-a312a68da540","source":"stderr","level":30,"msg":"npm http cache pngjs@https://registry.npmjs.org/pngjs/-/pngjs-3.4.0.tgz 0ms (cache hit)","time":"2026-10-08T12:41:30.345Z","v":0,"logId":"01a11b88-75e9-75c2-9b7e-3e4680aa4589"}
{"name":"worker","pid":844,"phase":"INSTALL_DEPENDENCIES","buildId":"114e576c-7b66-4c0b-b583-a312a68da540","source":"stderr","level":30,"msg":"npm http cache proc-log@https://registry.npmjs.org/proc-log/-/proc-log-4.2.0.tgz 0ms (cache hit)","time":"2026-10-08T12:41:30.345Z","v":0,"logId":"01a11b88-75e9-75c2-9b7e-3e47d75c4b33"}
{"name":"worker","pid":844,"phase":"INSTALL_DEPENDENCIES","buildId":"114e576c-7b66-4c0b-b583-a312a68da540","source":"stderr","level":30,"msg":"npm http cache picomatch@https://registry.npmjs.org/picomatch/-/picomatch-2.3.2.tgz 0ms (cache hit)","time":"2026-10-08T12:41:30.345Z","v":0,"logId":"01a11b88-75e9-75c2-9b7e-3e4857e4a9e5"}
{"name":"worker","pid":844,"phase":"INSTALL_DEPENDENCIES","buildId":"114e576c-7b66-4c0b-b583-a312a68da540","source":"stderr","level":30,"msg":"npm http cache picocolors@https://registry.npmjs.org/picocolors/-/picocolors-1.1.1.tgz 0ms (cache hit)","time":"2026-10-08T12:41:30.345Z","v":0,"logId":"01a11b88-75e9-75c2-9b7e-3e495393277b"}
{"name":"worker","pid":844,"phase":"INSTALL_DEPENDENCIES","buildId":"114e576c-7b66-4c0b-b583-a312a68da540","source":"stderr","level":30,"msg":"npm http cache path-scurry@https://registry.npmjs.org/path-scurry/-/path-scurry-2.0.2.tgz 0ms (cache hit)","time":"2026-10-08T12:41:30.345Z","v":0,"logId":"01a11b88-75ea-75a1-99c6-8f539496c076"}
{"name":"worker","pid":844,"phase":"INSTALL_DEPENDENCIES","buildId":"114e576c-7b66-4c0b-b583-a312a68da540","source":"stderr","level":30,"msg":"npm http cache path-key@https://registry.npmjs.org/path-key/-/path-key-3.1.1.tgz 0ms (cache hit)","time":"2026-10-08T12:41:30.346Z","v":0,"logId":"01a11b88-75ea-75a1-99c6-8f547fbff151"}
{"name":"worker","pid":844,"phase":"INSTALL_DEPENDENCIES","buildId":"114e576c-7b66-4c0b-b583-a312a68da540","source":"stderr","level":30,"msg":"npm http cache parseurl@https://registry.npmjs.org/parseurl/-/parseurl-1.3.3.tgz 0ms (cache hit)","time":"2026-10-08T12:41:30.346Z","v":0,"logId":"01a11b88-75ea-75a1-99c6-8f55417dd236"}
{"name":"worker","pid":844,"phase":"INSTALL_DEPENDENCIES","buildId":"114e576c-7b66-4c0b-b583-a312a68da540","source":"stderr","level":30,"msg":"npm http cache open@https://registry.npmjs.org/open/-/open-7.4.2.tgz 0ms (cache hit)","time":"2026-10-08T12:41:30.346Z","v":0,"logId":"01a11b88-75ea-75a1-99c6-8f567dcb8be8"}
{"name":"worker","pid":844,"phase":"INSTALL_DEPENDENCIES","buildId":"114e576c-7b66-4c0b-b583-a312a68da540","source":"stderr","level":30,"msg":"npm http cache path-parse@https://registry.npmjs.org/path-parse/-/path-parse-1.0.7.tgz 0ms (cache hit)","time":"2026-10-08T12:41:30.346Z","v":0,"logId":"01a11b88-75ea-75a1-99c6-8f574d233928"}
{"name":"worker","pid":844,"phase":"INSTALL_DEPENDENCIES","buildId":"114e576c-7b66-4c0b-b583-a312a68da540","source":"stderr","level":30,"msg":"npm http cache parse-png@https://registry.npmjs.org/parse-png/-/parse-png-2.1.0.tgz 0ms (cache hit)","time":"2026-10-08T12:41:30.346Z","v":0,"logId":"01a11b88-75ea-75a1-99c6-8f588c4d40b3"}
{"name":"worker","pid":844,"phase":"INSTALL_DEPENDENCIES","buildId":"114e576c-7b66-4c0b-b583-a312a68da540","source":"stderr","level":30,"msg":"npm http cache plist@https://registry.npmjs.org/plist/-/plist-3.1.1.tgz 0ms (cache hit)","time":"2026-10-08T12:41:30.346Z","v":0,"logId":"01a11b88-75ea-75a1-99c6-8f59314b976b"}
{"name":"worker","pid":844,"phase":"INSTALL_DEPENDENCIES","buildId":"114e576c-7b66-4c0b-b583-a312a68da540","source":"stderr","level":30,"msg":"npm http cache onetime@https://registry.npmjs.org/onetime/-/onetime-2.0.1.tgz 0ms (cache hit)","time":"2026-10-08T12:41:30.346Z","v":0,"logId":"01a11b88-75ea-75a1-99c6-8f5a449f2a32"}
{"name":"worker","pid":844,"phase":"INSTALL_DEPENDENCIES","buildId":"114e576c-7b66-4c0b-b583-a312a68da540","source":"stderr","level":30,"msg":"npm http cache on-headers@https://registry.npmjs.org/on-headers/-/on-headers-1.1.0.tgz 0ms (cache hit)","time":"2026-10-08T12:41:30.346Z","v":0,"logId":"01a11b88-75ea-75a1-99c6-8f5b9f4525d0"}
{"name":"worker","pid":844,"phase":"INSTALL_DEPENDENCIES","buildId":"114e576c-7b66-4c0b-b583-a312a68da540","source":"stderr","level":30,"msg":"npm http cache ob1@https://registry.npmjs.org/ob1/-/ob1-0.84.6.tgz 0ms (cache hit)","time":"2026-10-08T12:41:30.346Z","v":0,"logId":"01a11b88-75ea-75a1-99c6-8f5c336f1eeb"}
{"name":"worker","pid":844,"phase":"INSTALL_DEPENDENCIES","buildId":"114e576c-7b66-4c0b-b583-a312a68da540","source":"stderr","level":30,"msg":"npm http cache nullthrows@https://registry.npmjs.org/nullthrows/-/nullthrows-1.1.1.tgz 0ms (cache hit)","time":"2026-10-08T12:41:30.346Z","v":0,"logId":"01a11b88-75ea-75a1-99c6-8f5d20f75380"}
{"name":"worker","pid":844,"phase":"INSTALL_DEPENDENCIES","buildId":"114e576c-7b66-4c0b-b583-a312a68da540","source":"stderr","level":30,"msg":"npm http cache nth-check@https://registry.npmjs.org/nth-check/-/nth-check-2.1.1.tgz 0ms (cache hit)","time":"2026-10-08T12:41:30.346Z","v":0,"logId":"01a11b88-75ea-75a1-99c6-8f5ef9773062"}
{"name":"worker","pid":844,"phase":"INSTALL_DEPENDENCIES","buildId":"114e576c-7b66-4c0b-b583-a312a68da540","source":"stderr","level":30,"msg":"npm http cache npm-package-arg@https://registry.npmjs.org/npm-package-arg/-/npm-package-arg-11.0.3.tgz 0ms (cache hit)","time":"2026-10-08T12:41:30.346Z","v":0,"logId":"01a11b88-75ea-75a1-99c6-8f5f513d4457"}
{"name":"worker","pid":844,"phase":"INSTALL_DEPENDENCIES","buildId":"114e576c-7b66-4c0b-b583-a312a68da540","source":"stderr","level":30,"msg":"npm http cache node-releases@https://registry.npmjs.org/node-releases/-/node-releases-2.0.56.tgz 0ms (cache hit)","time":"2026-10-08T12:41:30.346Z","v":0,"logId":"01a11b88-75ea-75a1-99c6-8f60e0749a0e"}
{"name":"worker","pid":844,"phase":"INSTALL_DEPENDENCIES","buildId":"114e576c-7b66-4c0b-b583-a312a68da540","source":"stderr","level":30,"msg":"npm http cache node-int64@https://registry.npmjs.org/node-int64/-/node-int64-0.4.0.tgz 0ms (cache hit)","time":"2026-10-08T12:41:30.346Z","v":0,"logId":"01a11b88-75ea-75a1-99c6-8f615830c8dd"}
{"name":"worker","pid":844,"phase":"INSTALL_DEPENDENCIES","buildId":"114e576c-7b66-4c0b-b583-a312a68da540","source":"stderr","level":30,"msg":"npm http cache negotiator@https://registry.npmjs.org/negotiator/-/negotiator-0.6.3.tgz 0ms (cache hit)","time":"2026-10-08T12:41:30.346Z","v":0,"logId":"01a11b88-75ea-75a1-99c6-8f6220f5386f"}
{"name":"worker","pid":844,"phase":"INSTALL_DEPENDENCIES","buildId":"114e576c-7b66-4c0b-b583-a312a68da540","source":"stderr","level":30,"msg":"npm http cache node-forge@https://registry.npmjs.org/node-forge/-/node-forge-1.4.0.tgz 0ms (cache hit)","time":"2026-10-08T12:41:30.346Z","v":0,"logId":"01a11b88-75ea-75a1-99c6-8f63478504f8"}
{"name":"worker","pid":844,"phase":"INSTALL_DEPENDENCIES","buildId":"114e576c-7b66-4c0b-b583-a312a68da540","source":"stderr","level":30,"msg":"npm http cache nanoid@https://registry.npmjs.org/nanoid/-/nanoid-3.3.19.tgz 0ms (cache hit)","time":"2026-10-08T12:41:30.346Z","v":0,"logId":"01a11b88-75ea-75a1-99c6-8f64fa7933ba"}
{"name":"worker","pid":844,"phase":"INSTALL_DEPENDENCIES","buildId":"114e576c-7b66-4c0b-b583-a312a68da540","source":"stderr","level":30,"msg":"npm http cache ora@https://registry.npmjs.org/ora/-/ora-3.4.0.tgz 0ms (cache hit)","time":"2026-10-08T12:41:30.346Z","v":0,"logId":"01a11b88-75ea-75a1-99c6-8f652038da74"}
{"name":"worker","pid":844,"phase":"INSTALL_DEPENDENCIES","buildId":"114e576c-7b66-4c0b-b583-a312a68da540","source":"stderr","level":30,"msg":"npm http cache mkdirp@https://registry.npmjs.org/mkdirp/-/mkdirp-1.0.4.tgz 0ms (cache hit)","time":"2026-10-08T12:41:30.346Z","v":0,"logId":"01a11b88-75ea-75a1-99c6-8f66d0636914"}
{"name":"worker","pid":844,"phase":"INSTALL_DEPENDENCIES","buildId":"114e576c-7b66-4c0b-b583-a312a68da540","source":"stderr","level":30,"msg":"npm http cache minipass@https://registry.npmjs.org/minipass/-/minipass-7.1.3.tgz 0ms (cache hit)","time":"2026-10-08T12:41:30.346Z","v":0,"logId":"01a11b88-75ea-75a1-99c6-8f67981b3178"}
{"name":"worker","pid":844,"phase":"INSTALL_DEPENDENCIES","buildId":"114e576c-7b66-4c0b-b583-a312a68da540","source":"stderr","level":30,"msg":"npm http cache ms@https://registry.npmjs.org/ms/-/ms-2.1.3.tgz 0ms (cache hit)","time":"2026-10-08T12:41:30.347Z","v":0,"logId":"01a11b88-75eb-70b4-a5b2-8f6fbb8bfb7b"}
{"name":"worker","pid":844,"phase":"INSTALL_DEPENDENCIES","buildId":"114e576c-7b66-4c0b-b583-a312a68da540","source":"stderr","level":30,"msg":"npm http cache multitars@https://registry.npmjs.org/multitars/-/multitars-1.0.2.tgz 0ms (cache hit)","time":"2026-10-08T12:41:30.347Z","v":0,"logId":"01a11b88-75eb-70b4-a5b2-8f70709ab218"}
{"name":"worker","pid":844,"phase":"INSTALL_DEPENDENCIES","buildId":"114e576c-7b66-4c0b-b583-a312a68da540","source":"stderr","level":30,"msg":"npm http cache minimatch@https://registry.npmjs.org/minimatch/-/minimatch-10.2.6.tgz 0ms (cache hit)","time":"2026-10-08T12:41:30.347Z","v":0,"logId":"01a11b88-75eb-70b4-a5b2-8f716482ff4e"}
{"name":"worker","pid":844,"phase":"INSTALL_DEPENDENCIES","buildId":"114e576c-7b66-4c0b-b583-a312a68da540","source":"stderr","level":30,"msg":"npm http cache on-finished@https://registry.npmjs.org/on-finished/-/on-finished-2.3.0.tgz 0ms (cache hit)","time":"2026-10-08T12:41:30.347Z","v":0,"logId":"01a11b88-75eb-70b4-a5b2-8f72ec0011e0"}
{"name":"worker","pid":844,"phase":"INSTALL_DEPENDENCIES","buildId":"114e576c-7b66-4c0b-b583-a312a68da540","source":"stderr","level":30,"msg":"npm http cache mimic-fn@https://registry.npmjs.org/mimic-fn/-/mimic-fn-1.2.0.tgz 0ms (cache hit)","time":"2026-10-08T12:41:30.347Z","v":0,"logId":"01a11b88-75eb-70b4-a5b2-8f738977deca"}
{"name":"worker","pid":844,"phase":"INSTALL_DEPENDENCIES","buildId":"114e576c-7b66-4c0b-b583-a312a68da540","source":"stderr","level":30,"msg":"npm http cache mime-db@https://registry.npmjs.org/mime-db/-/mime-db-1.52.0.tgz 0ms (cache hit)","time":"2026-10-08T12:41:30.347Z","v":0,"logId":"01a11b88-75eb-70b4-a5b2-8f7433a0cac4"}
{"name":"worker","pid":844,"phase":"INSTALL_DEPENDENCIES","buildId":"114e576c-7b66-4c0b-b583-a312a68da540","source":"stderr","level":30,"msg":"npm http cache mime-types@https://registry.npmjs.org/mime-types/-/mime-types-2.1.35.tgz 0ms (cache hit)","time":"2026-10-08T12:41:30.347Z","v":0,"logId":"01a11b88-75eb-70b4-a5b2-8f753b1774f9"}
{"name":"worker","pid":844,"phase":"INSTALL_DEPENDENCIES","buildId":"114e576c-7b66-4c0b-b583-a312a68da540","source":"stderr","level":30,"msg":"npm http cache mime@https://registry.npmjs.org/mime/-/mime-1.6.0.tgz 0ms (cache hit)","time":"2026-10-08T12:41:30.347Z","v":0,"logId":"01a11b88-75eb-70b4-a5b2-8f764eeb6c14"}
{"name":"worker","pid":844,"phase":"INSTALL_DEPENDENCIES","buildId":"114e576c-7b66-4c0b-b583-a312a68da540","source":"stderr","level":30,"msg":"npm http cache metro-transform-plugins@https://registry.npmjs.org/metro-transform-plugins/-/metro-transform-plugins-0.84.6.tgz 0ms (cache hit)","time":"2026-10-08T12:41:30.347Z","v":0,"logId":"01a11b88-75eb-70b4-a5b2-8f77c052a545"}
{"name":"worker","pid":844,"phase":"INSTALL_DEPENDENCIES","buildId":"114e576c-7b66-4c0b-b583-a312a68da540","source":"stderr","level":30,"msg":"npm http cache micromatch@https://registry.npmjs.org/micromatch/-/micromatch-4.0.8.tgz 0ms (cache hit)","time":"2026-10-08T12:41:30.347Z","v":0,"logId":"01a11b88-75eb-70b4-a5b2-8f78895da8b0"}
{"name":"worker","pid":844,"phase":"INSTALL_DEPENDENCIES","buildId":"114e576c-7b66-4c0b-b583-a312a68da540","source":"stderr","level":30,"msg":"npm http cache metro-source-map@https://registry.npmjs.org/metro-source-map/-/metro-source-map-0.84.6.tgz 0ms (cache hit)","time":"2026-10-08T12:41:30.347Z","v":0,"logId":"01a11b88-75eb-70b4-a5b2-8f7904ca6411"}
{"name":"worker","pid":844,"phase":"INSTALL_DEPENDENCIES","buildId":"114e576c-7b66-4c0b-b583-a312a68da540","source":"stderr","level":30,"msg":"npm http cache metro-transform-worker@https://registry.npmjs.org/metro-transform-worker/-/metro-transform-worker-0.84.6.tgz 0ms (cache hit)","time":"2026-10-08T12:41:30.347Z","v":0,"logId":"01a11b88-75eb-70b4-a5b2-8f7a81a7ddc7"}
{"name":"worker","pid":844,"phase":"INSTALL_DEPENDENCIES","buildId":"114e576c-7b66-4c0b-b583-a312a68da540","source":"stderr","level":30,"msg":"npm http cache metro-symbolicate@https://registry.npmjs.org/metro-symbolicate/-/metro-symbolicate-0.84.6.tgz 0ms (cache hit)","time":"2026-10-08T12:41:30.347Z","v":0,"logId":"01a11b88-75eb-70b4-a5b2-8f7ba7efd5a7"}
{"name":"worker","pid":844,"phase":"INSTALL_DEPENDENCIES","buildId":"114e576c-7b66-4c0b-b583-a312a68da540","source":"stderr","level":30,"msg":"npm http cache metro-runtime@https://registry.npmjs.org/metro-runtime/-/metro-runtime-0.84.6.tgz 0ms (cache hit)","time":"2026-10-08T12:41:30.347Z","v":0,"logId":"01a11b88-75eb-70b4-a5b2-8f7ca18fbba4"}
{"name":"worker","pid":844,"phase":"INSTALL_DEPENDENCIES","buildId":"114e576c-7b66-4c0b-b583-a312a68da540","source":"stderr","level":30,"msg":"npm http cache metro-resolver@https://registry.npmjs.org/metro-resolver/-/metro-resolver-0.84.6.tgz 0ms (cache hit)","time":"2026-10-08T12:41:30.347Z","v":0,"logId":"01a11b88-75eb-70b4-a5b2-8f7d1a3adebd"}
{"name":"worker","pid":844,"phase":"INSTALL_DEPENDENCIES","buildId":"114e576c-7b66-4c0b-b583-a312a68da540","source":"stderr","level":30,"msg":"npm http cache metro-minify-terser@https://registry.npmjs.org/metro-minify-terser/-/metro-minify-terser-0.84.6.tgz 0ms (cache hit)","time":"2026-10-08T12:41:30.347Z","v":0,"logId":"01a11b88-75eb-70b4-a5b2-8f7e64851fe4"}
{"name":"worker","pid":844,"phase":"INSTALL_DEPENDENCIES","buildId":"114e576c-7b66-4c0b-b583-a312a68da540","source":"stderr","level":30,"msg":"npm http cache metro-file-map@https://registry.npmjs.org/metro-file-map/-/metro-file-map-0.84.6.tgz 0ms (cache hit)","time":"2026-10-08T12:41:30.347Z","v":0,"logId":"01a11b88-75eb-70b4-a5b2-8f7ff5ed7623"}
{"name":"worker","pid":844,"phase":"INSTALL_DEPENDENCIES","buildId":"114e576c-7b66-4c0b-b583-a312a68da540","source":"stderr","level":30,"msg":"npm http cache metro-config@https://registry.npmjs.org/metro-config/-/metro-config-0.84.6.tgz 0ms (cache hit)","time":"2026-10-08T12:41:30.347Z","v":0,"logId":"01a11b88-75eb-70b4-a5b2-8f8024afa1cb"}
{"name":"worker","pid":844,"phase":"INSTALL_DEPENDENCIES","buildId":"114e576c-7b66-4c0b-b583-a312a68da540","source":"stderr","level":30,"msg":"npm http cache metro-core@https://registry.npmjs.org/metro-core/-/metro-core-0.84.6.tgz 0ms (cache hit)","time":"2026-10-08T12:41:30.347Z","v":0,"logId":"01a11b88-75eb-70b4-a5b2-8f81866a6a1e"}
{"name":"worker","pid":844,"phase":"INSTALL_DEPENDENCIES","buildId":"114e576c-7b66-4c0b-b583-a312a68da540","source":"stderr","level":30,"msg":"npm http cache metro-cache-key@https://registry.npmjs.org/metro-cache-key/-/metro-cache-key-0.84.6.tgz 0ms (cache hit)","time":"2026-10-08T12:41:30.347Z","v":0,"logId":"01a11b88-75eb-70b4-a5b2-8f8265fa1c86"}
{"name":"worker","pid":844,"phase":"INSTALL_DEPENDENCIES","buildId":"114e576c-7b66-4c0b-b583-a312a68da540","source":"stderr","level":30,"msg":"npm http cache metro-babel-transformer@https://registry.npmjs.org/metro-babel-transformer/-/metro-babel-transformer-0.84.6.tgz 0ms (cache hit)","time":"2026-10-08T12:41:30.347Z","v":0,"logId":"01a11b88-75eb-70b4-a5b2-8f8359b8751d"}
{"name":"worker","pid":844,"phase":"INSTALL_DEPENDENCIES","buildId":"114e576c-7b66-4c0b-b583-a312a68da540","source":"stderr","level":30,"msg":"npm http cache metro-cache@https://registry.npmjs.org/metro-cache/-/metro-cache-0.84.6.tgz 0ms (cache hit)","time":"2026-10-08T12:41:30.348Z","v":0,"logId":"01a11b88-75ec-77aa-b455-a754d929e55c"}
{"name":"worker","pid":844,"phase":"INSTALL_DEPENDENCIES","buildId":"114e576c-7b66-4c0b-b583-a312a68da540","source":"stderr","level":30,"msg":"npm http cache metro@https://registry.npmjs.org/metro/-/metro-0.84.6.tgz 0ms (cache hit)","time":"2026-10-08T12:41:30.348Z","v":0,"logId":"01a11b88-75ec-77aa-b455-a755e59bb011"}
{"name":"worker","pid":844,"phase":"INSTALL_DEPENDENCIES","buildId":"114e576c-7b66-4c0b-b583-a312a68da540","source":"stderr","level":30,"msg":"npm http cache memoize-one@https://registry.npmjs.org/memoize-one/-/memoize-one-5.2.1.tgz 0ms (cache hit)","time":"2026-10-08T12:41:30.348Z","v":0,"logId":"01a11b88-75ec-77aa-b455-a7567c92aadb"}
{"name":"worker","pid":844,"phase":"INSTALL_DEPENDENCIES","buildId":"114e576c-7b66-4c0b-b583-a312a68da540","source":"stderr","level":30,"msg":"npm http cache merge-options@https://registry.npmjs.org/merge-options/-/merge-options-3.0.4.tgz 0ms (cache hit)","time":"2026-10-08T12:41:30.348Z","v":0,"logId":"01a11b88-75ec-77aa-b455-a757060a3e04"}
{"name":"worker","pid":844,"phase":"INSTALL_DEPENDENCIES","buildId":"114e576c-7b66-4c0b-b583-a312a68da540","source":"stderr","level":30,"msg":"npm http cache mdn-data@https://registry.npmjs.org/mdn-data/-/mdn-data-2.0.14.tgz 0ms (cache hit)","time":"2026-10-08T12:41:30.348Z","v":0,"logId":"01a11b88-75ec-77aa-b455-a75862b8d845"}
{"name":"worker","pid":844,"phase":"INSTALL_DEPENDENCIES","buildId":"114e576c-7b66-4c0b-b583-a312a68da540","source":"stderr","level":30,"msg":"npm http cache marky@https://registry.npmjs.org/marky/-/marky-1.3.0.tgz 0ms (cache hit)","time":"2026-10-08T12:41:30.348Z","v":0,"logId":"01a11b88-75ec-77aa-b455-a759cf59bf14"}
{"name":"worker","pid":844,"phase":"INSTALL_DEPENDENCIES","buildId":"114e576c-7b66-4c0b-b583-a312a68da540","source":"stderr","level":30,"msg":"npm http cache makeerror@https://registry.npmjs.org/makeerror/-/makeerror-1.0.12.tgz 0ms (cache hit)","time":"2026-10-08T12:41:30.348Z","v":0,"logId":"01a11b88-75ec-77aa-b455-a75ad63a4147"}
{"name":"worker","pid":844,"phase":"INSTALL_DEPENDENCIES","buildId":"114e576c-7b66-4c0b-b583-a312a68da540","source":"stderr","level":30,"msg":"npm http cache loose-envify@https://registry.npmjs.org/loose-envify/-/loose-envify-1.4.0.tgz 0ms (cache hit)","time":"2026-10-08T12:41:30.348Z","v":0,"logId":"01a11b88-75ec-77aa-b455-a75b0fea49e3"}
{"name":"worker","pid":844,"phase":"INSTALL_DEPENDENCIES","buildId":"114e576c-7b66-4c0b-b583-a312a68da540","source":"stderr","level":30,"msg":"npm http cache lru-cache@https://registry.npmjs.org/lru-cache/-/lru-cache-5.1.1.tgz 0ms (cache hit)","time":"2026-10-08T12:41:30.348Z","v":0,"logId":"01a11b88-75ec-77aa-b455-a75c28e21d5f"}
{"name":"worker","pid":844,"phase":"INSTALL_DEPENDENCIES","buildId":"114e576c-7b66-4c0b-b583-a312a68da540","source":"stderr","level":30,"msg":"npm http cache lucide-react-native@https://registry.npmjs.org/lucide-react-native/-/lucide-react-native-1.48.0.tgz 0ms (cache hit)","time":"2026-10-08T12:41:30.348Z","v":0,"logId":"01a11b88-75ec-77aa-b455-a75d9a68906e"}
{"name":"worker","pid":844,"phase":"INSTALL_DEPENDENCIES","buildId":"114e576c-7b66-4c0b-b583-a312a68da540","source":"stderr","level":30,"msg":"npm http cache log-symbols@https://registry.npmjs.org/log-symbols/-/log-symbols-2.2.0.tgz 0ms (cache hit)","time":"2026-10-08T12:41:30.348Z","v":0,"logId":"01a11b88-75ec-77aa-b455-a75e5d8544d5"}
{"name":"worker","pid":844,"phase":"INSTALL_DEPENDENCIES","buildId":"114e576c-7b66-4c0b-b583-a312a68da540","source":"stderr","level":30,"msg":"npm http cache lodash.throttle@https://registry.npmjs.org/lodash.throttle/-/lodash.throttle-4.1.1.tgz 0ms (cache hit)","time":"2026-10-08T12:41:30.348Z","v":0,"logId":"01a11b88-75ec-77aa-b455-a75fa4a94cd3"}
{"name":"worker","pid":844,"phase":"INSTALL_DEPENDENCIES","buildId":"114e576c-7b66-4c0b-b583-a312a68da540","source":"stderr","level":30,"msg":"npm http cache lodash.debounce@https://registry.npmjs.org/lodash.debounce/-/lodash.debounce-4.0.8.tgz 0ms (cache hit)","time":"2026-10-08T12:41:30.348Z","v":0,"logId":"01a11b88-75ec-77aa-b455-a7606ec7bdf8"}
{"name":"worker","pid":844,"phase":"INSTALL_DEPENDENCIES","buildId":"114e576c-7b66-4c0b-b583-a312a68da540","source":"stderr","level":30,"msg":"npm http cache merge-stream@https://registry.npmjs.org/merge-stream/-/merge-stream-2.0.0.tgz 0ms (cache hit)","time":"2026-10-08T12:41:30.348Z","v":0,"logId":"01a11b88-75ec-77aa-b455-a761d3e3f17f"}
{"name":"worker","pid":844,"phase":"INSTALL_DEPENDENCIES","buildId":"114e576c-7b66-4c0b-b583-a312a68da540","source":"stderr","level":30,"msg":"npm http cache lighthouse-logger@https://registry.npmjs.org/lighthouse-logger/-/lighthouse-logger-1.4.2.tgz 0ms (cache hit)","time":"2026-10-08T12:41:30.348Z","v":0,"logId":"01a11b88-75ec-77aa-b455-a7621bff8268"}
{"name":"worker","pid":844,"phase":"INSTALL_DEPENDENCIES","buildId":"114e576c-7b66-4c0b-b583-a312a68da540","source":"stderr","level":30,"msg":"npm http cache lightningcss@https://registry.npmjs.org/lightningcss/-/lightningcss-1.33.0.tgz 0ms (cache hit)","time":"2026-10-08T12:41:30.348Z","v":0,"logId":"01a11b88-75ec-77aa-b455-a763d14c8504"}
{"name":"worker","pid":844,"phase":"INSTALL_DEPENDENCIES","buildId":"114e576c-7b66-4c0b-b583-a312a68da540","source":"stderr","level":30,"msg":"npm http cache leven@https://registry.npmjs.org/leven/-/leven-3.1.0.tgz 0ms (cache hit)","time":"2026-10-08T12:41:30.348Z","v":0,"logId":"01a11b88-75ec-77aa-b455-a76483f24006"}
{"name":"worker","pid":844,"phase":"INSTALL_DEPENDENCIES","buildId":"114e576c-7b66-4c0b-b583-a312a68da540","source":"stderr","level":30,"msg":"npm http cache lan-network@https://registry.npmjs.org/lan-network/-/lan-network-0.2.1.tgz 0ms (cache hit)","time":"2026-10-08T12:41:30.348Z","v":0,"logId":"01a11b88-75ec-77aa-b455-a765fafa3639"}
{"name":"worker","pid":844,"phase":"INSTALL_DEPENDENCIES","buildId":"114e576c-7b66-4c0b-b583-a312a68da540","source":"stderr","level":30,"msg":"npm http cache kleur@https://registry.npmjs.org/kleur/-/kleur-3.0.3.tgz 0ms (cache hit)","time":"2026-10-08T12:41:30.348Z","v":0,"logId":"01a11b88-75ec-77aa-b455-a76694a3d7c3"}
{"name":"worker","pid":844,"phase":"INSTALL_DEPENDENCIES","buildId":"114e576c-7b66-4c0b-b583-a312a68da540","source":"stderr","level":30,"msg":"npm http cache json5@https://registry.npmjs.org/json5/-/json5-2.2.3.tgz 0ms (cache hit)","time":"2026-10-08T12:41:30.348Z","v":0,"logId":"01a11b88-75ec-77aa-b455-a767fdba97da"}
{"name":"worker","pid":844,"phase":"INSTALL_DEPENDENCIES","buildId":"114e576c-7b66-4c0b-b583-a312a68da540","source":"stderr","level":30,"msg":"npm http cache jsesc@https://registry.npmjs.org/jsesc/-/jsesc-3.1.0.tgz 0ms (cache hit)","time":"2026-10-08T12:41:30.349Z","v":0,"logId":"01a11b88-75ed-7921-952d-9123d23a9ef5"}
{"name":"worker","pid":844,"phase":"INSTALL_DEPENDENCIES","buildId":"114e576c-7b66-4c0b-b583-a312a68da540","source":"stderr","level":30,"msg":"npm http cache jsc-safe-url@https://registry.npmjs.org/jsc-safe-url/-/jsc-safe-url-0.2.4.tgz 0ms (cache hit)","time":"2026-10-08T12:41:30.349Z","v":0,"logId":"01a11b88-75ed-7921-952d-9124a2f4b76d"}
{"name":"worker","pid":844,"phase":"INSTALL_DEPENDENCIES","buildId":"114e576c-7b66-4c0b-b583-a312a68da540","source":"stderr","level":30,"msg":"npm http cache lightningcss-darwin-arm64@https://registry.npmjs.org/lightningcss-darwin-arm64/-/lightningcss-darwin-arm64-1.33.0.tgz 0ms (cache hit)","time":"2026-10-08T12:41:30.349Z","v":0,"logId":"01a11b88-75ed-7921-952d-9125a1ddf50c"}
{"name":"worker","pid":844,"phase":"INSTALL_DEPENDENCIES","buildId":"114e576c-7b66-4c0b-b583-a312a68da540","source":"stderr","level":30,"msg":"npm http cache js-tokens@https://registry.npmjs.org/js-tokens/-/js-tokens-4.0.0.tgz 0ms (cache hit)","time":"2026-10-08T12:41:30.349Z","v":0,"logId":"01a11b88-75ed-7921-952d-91261f0fd81a"}
{"name":"worker","pid":844,"phase":"INSTALL_DEPENDENCIES","buildId":"114e576c-7b66-4c0b-b583-a312a68da540","source":"stderr","level":30,"msg":"npm http cache jest-worker@https://registry.npmjs.org/jest-worker/-/jest-worker-29.7.0.tgz 0ms (cache hit)","time":"2026-10-08T12:41:30.349Z","v":0,"logId":"01a11b88-75ed-7921-952d-912769d2ae19"}
{"name":"worker","pid":844,"phase":"INSTALL_DEPENDENCIES","buildId":"114e576c-7b66-4c0b-b583-a312a68da540","source":"stderr","level":30,"msg":"npm http cache jimp-compact@https://registry.npmjs.org/jimp-compact/-/jimp-compact-0.16.1.tgz 0ms (cache hit)","time":"2026-10-08T12:41:30.349Z","v":0,"logId":"01a11b88-75ed-7921-952d-91288be32ab1"}
{"name":"worker","pid":844,"phase":"INSTALL_DEPENDENCIES","buildId":"114e576c-7b66-4c0b-b583-a312a68da540","source":"stderr","level":30,"msg":"npm http cache jest-validate@https://registry.npmjs.org/jest-validate/-/jest-validate-29.7.0.tgz 0ms (cache hit)","time":"2026-10-08T12:41:30.349Z","v":0,"logId":"01a11b88-75ed-7921-952d-912940a5fd7b"}
{"name":"worker","pid":844,"phase":"INSTALL_DEPENDENCIES","buildId":"114e576c-7b66-4c0b-b583-a312a68da540","source":"stderr","level":30,"msg":"npm http cache jest-util@https://registry.npmjs.org/jest-util/-/jest-util-29.7.0.tgz 0ms (cache hit)","time":"2026-10-08T12:41:30.349Z","v":0,"logId":"01a11b88-75ed-7921-952d-912a8c7765f3"}
{"name":"worker","pid":844,"phase":"INSTALL_DEPENDENCIES","buildId":"114e576c-7b66-4c0b-b583-a312a68da540","source":"stderr","level":30,"msg":"npm http cache jest-get-type@https://registry.npmjs.org/jest-get-type/-/jest-get-type-29.6.3.tgz 0ms (cache hit)","time":"2026-10-08T12:41:30.349Z","v":0,"logId":"01a11b88-75ed-7921-952d-912bb0125cfa"}
{"name":"worker","pid":844,"phase":"INSTALL_DEPENDENCIES","buildId":"114e576c-7b66-4c0b-b583-a312a68da540","source":"stderr","level":30,"msg":"npm http cache isexe@https://registry.npmjs.org/isexe/-/isexe-2.0.0.tgz 0ms (cache hit)","time":"2026-10-08T12:41:30.349Z","v":0,"logId":"01a11b88-75ed-7921-952d-912c771ad994"}
{"name":"worker","pid":844,"phase":"INSTALL_DEPENDENCIES","buildId":"114e576c-7b66-4c0b-b583-a312a68da540","source":"stderr","level":30,"msg":"npm http cache is-plain-obj@https://registry.npmjs.org/is-plain-obj/-/is-plain-obj-2.1.0.tgz 0ms (cache hit)","time":"2026-10-08T12:41:30.349Z","v":0,"logId":"01a11b88-75ed-7921-952d-912dfad866f3"}
{"name":"worker","pid":844,"phase":"INSTALL_DEPENDENCIES","buildId":"114e576c-7b66-4c0b-b583-a312a68da540","source":"stderr","level":30,"msg":"npm http cache is-number@https://registry.npmjs.org/is-number/-/is-number-7.0.0.tgz 0ms (cache hit)","time":"2026-10-08T12:41:30.349Z","v":0,"logId":"01a11b88-75ed-7921-952d-912e0c0a4f49"}
{"name":"worker","pid":844,"phase":"INSTALL_DEPENDENCIES","buildId":"114e576c-7b66-4c0b-b583-a312a68da540","source":"stderr","level":30,"msg":"npm http cache is-docker@https://registry.npmjs.org/is-docker/-/is-docker-2.2.1.tgz 0ms (cache hit)","time":"2026-10-08T12:41:30.349Z","v":0,"logId":"01a11b88-75ed-7921-952d-912f3611aac2"}
{"name":"worker","pid":844,"phase":"INSTALL_DEPENDENCIES","buildId":"114e576c-7b66-4c0b-b583-a312a68da540","source":"stderr","level":30,"msg":"npm http cache is-fullwidth-code-point@https://registry.npmjs.org/is-fullwidth-code-point/-/is-fullwidth-code-point-3.0.0.tgz 0ms (cache hit)","time":"2026-10-08T12:41:30.349Z","v":0,"logId":"01a11b88-75ed-7921-952d-9130ea92fc6f"}
{"name":"worker","pid":844,"phase":"INSTALL_DEPENDENCIES","buildId":"114e576c-7b66-4c0b-b583-a312a68da540","source":"stderr","level":30,"msg":"npm http cache is-wsl@https://registry.npmjs.org/is-wsl/-/is-wsl-2.2.0.tgz 0ms (cache hit)","time":"2026-10-08T12:41:30.349Z","v":0,"logId":"01a11b88-75ed-7921-952d-9131fa9aaf16"}
{"name":"worker","pid":844,"phase":"INSTALL_DEPENDENCIES","buildId":"114e576c-7b66-4c0b-b583-a312a68da540","source":"stderr","level":30,"msg":"npm http cache is-core-module@https://registry.npmjs.org/is-core-module/-/is-core-module-2.17.0.tgz 0ms (cache hit)","time":"2026-10-08T12:41:30.349Z","v":0,"logId":"01a11b88-75ed-7921-952d-913226053289"}
{"name":"worker","pid":844,"phase":"INSTALL_DEPENDENCIES","buildId":"114e576c-7b66-4c0b-b583-a312a68da540","source":"stderr","level":30,"msg":"npm http cache invariant@https://registry.npmjs.org/invariant/-/invariant-2.2.4.tgz 0ms (cache hit)","time":"2026-10-08T12:41:30.349Z","v":0,"logId":"01a11b88-75ed-7921-952d-9133394373fa"}
{"name":"worker","pid":844,"phase":"INSTALL_DEPENDENCIES","buildId":"114e576c-7b66-4c0b-b583-a312a68da540","source":"stderr","level":30,"msg":"npm http cache is-arrayish@https://registry.npmjs.org/is-arrayish/-/is-arrayish-0.3.4.tgz 0ms (cache hit)","time":"2026-10-08T12:41:30.349Z","v":0,"logId":"01a11b88-75ed-7921-952d-91348a41642b"}
{"name":"worker","pid":844,"phase":"INSTALL_DEPENDENCIES","buildId":"114e576c-7b66-4c0b-b583-a312a68da540","source":"stderr","level":30,"msg":"npm http cache inherits@https://registry.npmjs.org/inherits/-/inherits-2.0.4.tgz 0ms (cache hit)","time":"2026-10-08T12:41:30.350Z","v":0,"logId":"01a11b88-75ee-76d5-b0ab-0bdb20644711"}
{"name":"worker","pid":844,"phase":"INSTALL_DEPENDENCIES","buildId":"114e576c-7b66-4c0b-b583-a312a68da540","source":"stderr","level":30,"msg":"npm http cache https-proxy-agent@https://registry.npmjs.org/https-proxy-agent/-/https-proxy-agent-5.0.1.tgz 0ms (cache hit)","time":"2026-10-08T12:41:30.350Z","v":0,"logId":"01a11b88-75ee-76d5-b0ab-0bdcee5d31e7"}
{"name":"worker","pid":844,"phase":"INSTALL_DEPENDENCIES","buildId":"114e576c-7b66-4c0b-b583-a312a68da540","source":"stderr","level":30,"msg":"npm http cache ignore@https://registry.npmjs.org/ignore/-/ignore-5.3.2.tgz 0ms (cache hit)","time":"2026-10-08T12:41:30.350Z","v":0,"logId":"01a11b88-75ee-76d5-b0ab-0bdd679765a4"}
{"name":"worker","pid":844,"phase":"INSTALL_DEPENDENCIES","buildId":"114e576c-7b66-4c0b-b583-a312a68da540","source":"stderr","level":30,"msg":"npm http cache html2canvas@https://registry.npmjs.org/html2canvas/-/html2canvas-1.4.1.tgz 0ms (cache hit)","time":"2026-10-08T12:41:30.350Z","v":0,"logId":"01a11b88-75ee-76d5-b0ab-0bde64d1871f"}
{"name":"worker","pid":844,"phase":"INSTALL_DEPENDENCIES","buildId":"114e576c-7b66-4c0b-b583-a312a68da540","source":"stderr","level":30,"msg":"npm http cache http-errors@https://registry.npmjs.org/http-errors/-/http-errors-2.0.1.tgz 0ms (cache hit)","time":"2026-10-08T12:41:30.350Z","v":0,"logId":"01a11b88-75ee-76d5-b0ab-0bdf625c533d"}
{"name":"worker","pid":844,"phase":"INSTALL_DEPENDENCIES","buildId":"114e576c-7b66-4c0b-b583-a312a68da540","source":"stderr","level":30,"msg":"npm http cache hermes-parser@https://registry.npmjs.org/hermes-parser/-/hermes-parser-0.36.0.tgz 0ms (cache hit)","time":"2026-10-08T12:41:30.350Z","v":0,"logId":"01a11b88-75ee-76d5-b0ab-0be0b1b8a418"}
{"name":"worker","pid":844,"phase":"INSTALL_DEPENDENCIES","buildId":"114e576c-7b66-4c0b-b583-a312a68da540","source":"stderr","level":30,"msg":"npm http cache hosted-git-info@https://registry.npmjs.org/hosted-git-info/-/hosted-git-info-7.0.2.tgz 0ms (cache hit)","time":"2026-10-08T12:41:30.350Z","v":0,"logId":"01a11b88-75ee-76d5-b0ab-0be13cf06f18"}
{"name":"worker","pid":844,"phase":"INSTALL_DEPENDENCIES","buildId":"114e576c-7b66-4c0b-b583-a312a68da540","source":"stderr","level":30,"msg":"npm http cache hermes-compiler@https://registry.npmjs.org/hermes-compiler/-/hermes-compiler-250829098.0.17.tgz 0ms (cache hit)","time":"2026-10-08T12:41:30.350Z","v":0,"logId":"01a11b88-75ee-76d5-b0ab-0be2c4553584"}
{"name":"worker","pid":844,"phase":"INSTALL_DEPENDENCIES","buildId":"114e576c-7b66-4c0b-b583-a312a68da540","source":"stderr","level":30,"msg":"npm http cache hermes-estree@https://registry.npmjs.org/hermes-estree/-/hermes-estree-0.36.0.tgz 0ms (cache hit)","time":"2026-10-08T12:41:30.350Z","v":0,"logId":"01a11b88-75ee-76d5-b0ab-0be3bb0cb2ab"}
{"name":"worker","pid":844,"phase":"INSTALL_DEPENDENCIES","buildId":"114e576c-7b66-4c0b-b583-a312a68da540","source":"stderr","level":30,"msg":"npm http cache hasown@https://registry.npmjs.org/hasown/-/hasown-2.0.4.tgz 0ms (cache hit)","time":"2026-10-08T12:41:30.350Z","v":0,"logId":"01a11b88-75ee-76d5-b0ab-0be42ecb4ec5"}
{"name":"worker","pid":844,"phase":"INSTALL_DEPENDENCIES","buildId":"114e576c-7b66-4c0b-b583-a312a68da540","source":"stderr","level":30,"msg":"npm http cache has-symbols@https://registry.npmjs.org/has-symbols/-/has-symbols-1.1.0.tgz 0ms (cache hit)","time":"2026-10-08T12:41:30.352Z","v":0,"logId":"01a11b88-75f0-7d2b-88ab-09c99ff6ab00"}
{"name":"worker","pid":844,"phase":"INSTALL_DEPENDENCIES","buildId":"114e576c-7b66-4c0b-b583-a312a68da540","source":"stderr","level":30,"msg":"npm http cache has-tostringtag@https://registry.npmjs.org/has-tostringtag/-/has-tostringtag-1.0.2.tgz 0ms (cache hit)","time":"2026-10-08T12:41:30.352Z","v":0,"logId":"01a11b88-75f0-7d2b-88ab-09ca444bf8e9"}
{"name":"worker","pid":844,"phase":"INSTALL_DEPENDENCIES","buildId":"114e576c-7b66-4c0b-b583-a312a68da540","source":"stderr","level":30,"msg":"npm http cache has-flag@https://registry.npmjs.org/has-flag/-/has-flag-4.0.0.tgz 0ms (cache hit)","time":"2026-10-08T12:41:30.352Z","v":0,"logId":"01a11b88-75f0-7d2b-88ab-09cb39e79f19"}
{"name":"worker","pid":844,"phase":"INSTALL_DEPENDENCIES","buildId":"114e576c-7b66-4c0b-b583-a312a68da540","source":"stderr","level":30,"msg":"npm http cache math-intrinsics@https://registry.npmjs.org/math-intrinsics/-/math-intrinsics-1.1.0.tgz 0ms (cache hit)","time":"2026-10-08T12:41:30.352Z","v":0,"logId":"01a11b88-75f0-7d2b-88ab-09cc15336edf"}
{"name":"worker","pid":844,"phase":"INSTALL_DEPENDENCIES","buildId":"114e576c-7b66-4c0b-b583-a312a68da540","source":"stderr","level":30,"msg":"npm http cache gopd@https://registry.npmjs.org/gopd/-/gopd-1.2.0.tgz 0ms (cache hit)","time":"2026-10-08T12:41:30.352Z","v":0,"logId":"01a11b88-75f0-7d2b-88ab-09cdd2b5ccc8"}
{"name":"worker","pid":844,"phase":"INSTALL_DEPENDENCIES","buildId":"114e576c-7b66-4c0b-b583-a312a68da540","source":"stderr","level":30,"msg":"npm http cache graceful-fs@https://registry.npmjs.org/graceful-fs/-/graceful-fs-4.2.11.tgz 0ms (cache hit)","time":"2026-10-08T12:41:30.352Z","v":0,"logId":"01a11b88-75f0-7d2b-88ab-09cee5acc5d3"}
{"name":"worker","pid":844,"phase":"INSTALL_DEPENDENCIES","buildId":"114e576c-7b66-4c0b-b583-a312a68da540","source":"stderr","level":30,"msg":"npm http cache getenv@https://registry.npmjs.org/getenv/-/getenv-2.0.0.tgz 0ms (cache hit)","time":"2026-10-08T12:41:30.352Z","v":0,"logId":"01a11b88-75f0-7d2b-88ab-09cfd3b68cc6"}
{"name":"worker","pid":844,"phase":"INSTALL_DEPENDENCIES","buildId":"114e576c-7b66-4c0b-b583-a312a68da540","source":"stderr","level":30,"msg":"npm http cache get-intrinsic@https://registry.npmjs.org/get-intrinsic/-/get-intrinsic-1.3.0.tgz 0ms (cache hit)","time":"2026-10-08T12:41:30.352Z","v":0,"logId":"01a11b88-75f0-7d2b-88ab-09d038f97b24"}
{"name":"worker","pid":844,"phase":"INSTALL_DEPENDENCIES","buildId":"114e576c-7b66-4c0b-b583-a312a68da540","source":"stderr","level":30,"msg":"npm http cache get-proto@https://registry.npmjs.org/get-proto/-/get-proto-1.0.1.tgz 0ms (cache hit)","time":"2026-10-08T12:41:30.352Z","v":0,"logId":"01a11b88-75f0-7d2b-88ab-09d1af9ec375"}
{"name":"worker","pid":844,"phase":"INSTALL_DEPENDENCIES","buildId":"114e576c-7b66-4c0b-b583-a312a68da540","source":"stderr","level":30,"msg":"npm http cache function-bind@https://registry.npmjs.org/function-bind/-/function-bind-1.1.2.tgz 0ms (cache hit)","time":"2026-10-08T12:41:30.352Z","v":0,"logId":"01a11b88-75f0-7d2b-88ab-09d24ec4b619"}
{"name":"worker","pid":844,"phase":"INSTALL_DEPENDENCIES","buildId":"114e576c-7b66-4c0b-b583-a312a68da540","source":"stderr","level":30,"msg":"npm http cache gensync@https://registry.npmjs.org/gensync/-/gensync-1.0.0-beta.2.tgz 0ms (cache hit)","time":"2026-10-08T12:41:30.352Z","v":0,"logId":"01a11b88-75f0-7d2b-88ab-09d3b5b567ba"}
{"name":"worker","pid":844,"phase":"INSTALL_DEPENDENCIES","buildId":"114e576c-7b66-4c0b-b583-a312a68da540","source":"stderr","level":30,"msg":"npm http cache fresh@https://registry.npmjs.org/fresh/-/fresh-0.5.2.tgz 0ms (cache hit)","time":"2026-10-08T12:41:30.352Z","v":0,"logId":"01a11b88-75f0-7d2b-88ab-09d46bf55191"}
{"name":"worker","pid":844,"phase":"INSTALL_DEPENDENCIES","buildId":"114e576c-7b66-4c0b-b583-a312a68da540","source":"stderr","level":30,"msg":"npm http cache form-data@https://registry.npmjs.org/form-data/-/form-data-4.0.6.tgz 0ms (cache hit)","time":"2026-10-08T12:41:30.352Z","v":0,"logId":"01a11b88-75f0-7d2b-88ab-09d5caf9e8b7"}
{"name":"worker","pid":844,"phase":"INSTALL_DEPENDENCIES","buildId":"114e576c-7b66-4c0b-b583-a312a68da540","source":"stderr","level":30,"msg":"npm http cache glob@https://registry.npmjs.org/glob/-/glob-13.0.6.tgz 0ms (cache hit)","time":"2026-10-08T12:41:30.352Z","v":0,"logId":"01a11b88-75f0-7d2b-88ab-09d683a50ae3"}
{"name":"worker","pid":844,"phase":"INSTALL_DEPENDENCIES","buildId":"114e576c-7b66-4c0b-b583-a312a68da540","source":"stderr","level":30,"msg":"npm http cache follow-redirects@https://registry.npmjs.org/follow-redirects/-/follow-redirects-1.16.0.tgz 0ms (cache hit)","time":"2026-10-08T12:41:30.352Z","v":0,"logId":"01a11b88-75f0-7d2b-88ab-09d7565ac326"}
{"name":"worker","pid":844,"phase":"INSTALL_DEPENDENCIES","buildId":"114e576c-7b66-4c0b-b583-a312a68da540","source":"stderr","level":30,"msg":"npm http cache fontfaceobserver@https://registry.npmjs.org/fontfaceobserver/-/fontfaceobserver-2.3.0.tgz 0ms (cache hit)","time":"2026-10-08T12:41:30.355Z","v":0,"logId":"01a11b88-75f3-749d-afec-f941ea31f3c3"}
{"name":"worker","pid":844,"phase":"INSTALL_DEPENDENCIES","buildId":"114e576c-7b66-4c0b-b583-a312a68da540","source":"stderr","level":30,"msg":"npm http cache finalhandler@https://registry.npmjs.org/finalhandler/-/finalhandler-1.1.2.tgz 0ms (cache hit)","time":"2026-10-08T12:41:30.355Z","v":0,"logId":"01a11b88-75f3-749d-afec-f9426349a501"}
{"name":"worker","pid":844,"phase":"INSTALL_DEPENDENCIES","buildId":"114e576c-7b66-4c0b-b583-a312a68da540","source":"stderr","level":30,"msg":"npm http cache fill-range@https://registry.npmjs.org/fill-range/-/fill-range-7.1.1.tgz 0ms (cache hit)","time":"2026-10-08T12:41:30.355Z","v":0,"logId":"01a11b88-75f3-749d-afec-f943cd31225c"}
{"name":"worker","pid":844,"phase":"INSTALL_DEPENDENCIES","buildId":"114e576c-7b66-4c0b-b583-a312a68da540","source":"stderr","level":30,"msg":"npm http cache fetch-nodeshim@https://registry.npmjs.org/fetch-nodeshim/-/fetch-nodeshim-0.4.10.tgz 0ms (cache hit)","time":"2026-10-08T12:41:30.355Z","v":0,"logId":"01a11b88-75f3-749d-afec-f9444e5ada4b"}
{"name":"worker","pid":844,"phase":"INSTALL_DEPENDENCIES","buildId":"114e576c-7b66-4c0b-b583-a312a68da540","source":"stderr","level":30,"msg":"npm http cache fb-watchman@https://registry.npmjs.org/fb-watchman/-/fb-watchman-2.0.2.tgz 0ms (cache hit)","time":"2026-10-08T12:41:30.355Z","v":0,"logId":"01a11b88-75f3-749d-afec-f9450a09af4c"}
{"name":"worker","pid":844,"phase":"INSTALL_DEPENDENCIES","buildId":"114e576c-7b66-4c0b-b583-a312a68da540","source":"stderr","level":30,"msg":"npm http cache fb-dotslash@https://registry.npmjs.org/fb-dotslash/-/fb-dotslash-0.5.8.tgz 0ms (cache hit)","time":"2026-10-08T12:41:30.355Z","v":0,"logId":"01a11b88-75f3-749d-afec-f9462d01f0ef"}
{"name":"worker","pid":844,"phase":"INSTALL_DEPENDENCIES","buildId":"114e576c-7b66-4c0b-b583-a312a68da540","source":"stderr","level":30,"msg":"npm http cache fast-deep-equal@https://registry.npmjs.org/fast-deep-equal/-/fast-deep-equal-3.1.3.tgz 0ms (cache hit)","time":"2026-10-08T12:41:30.355Z","v":0,"logId":"01a11b88-75f3-749d-afec-f9476dfeed9d"}
{"name":"worker","pid":844,"phase":"INSTALL_DEPENDENCIES","buildId":"114e576c-7b66-4c0b-b583-a312a68da540","source":"stderr","level":30,"msg":"npm http cache flow-enums-runtime@https://registry.npmjs.org/flow-enums-runtime/-/flow-enums-runtime-0.0.6.tgz 0ms (cache hit)","time":"2026-10-08T12:41:30.355Z","v":0,"logId":"01a11b88-75f3-749d-afec-f9481a447b13"}
{"name":"worker","pid":844,"phase":"INSTALL_DEPENDENCIES","buildId":"114e576c-7b66-4c0b-b583-a312a68da540","source":"stderr","level":30,"msg":"npm http cache exponential-backoff@https://registry.npmjs.org/exponential-backoff/-/exponential-backoff-3.1.3.tgz 0ms (cache hit)","time":"2026-10-08T12:41:30.355Z","v":0,"logId":"01a11b88-75f3-749d-afec-f9492b8b1725"}
{"name":"worker","pid":844,"phase":"INSTALL_DEPENDENCIES","buildId":"114e576c-7b66-4c0b-b583-a312a68da540","source":"stderr","level":30,"msg":"npm http cache expo-task-manager@https://registry.npmjs.org/expo-task-manager/-/expo-task-manager-57.0.21.tgz 0ms (cache hit)","time":"2026-10-08T12:41:30.355Z","v":0,"logId":"01a11b88-75f3-749d-afec-f94a076fc160"}
{"name":"worker","pid":844,"phase":"INSTALL_DEPENDENCIES","buildId":"114e576c-7b66-4c0b-b583-a312a68da540","source":"stderr","level":30,"msg":"npm http cache expo-modules-jsi@https://registry.npmjs.org/expo-modules-jsi/-/expo-modules-jsi-57.1.1.tgz 0ms (cache hit)","time":"2026-10-08T12:41:30.355Z","v":0,"logId":"01a11b88-75f3-749d-afec-f94b7b424911"}
{"name":"worker","pid":844,"phase":"INSTALL_DEPENDENCIES","buildId":"114e576c-7b66-4c0b-b583-a312a68da540","source":"stderr","level":30,"msg":"npm http cache expo-server@https://registry.npmjs.org/expo-server/-/expo-server-57.0.3.tgz 0ms (cache hit)","time":"2026-10-08T12:41:30.355Z","v":0,"logId":"01a11b88-75f3-749d-afec-f94c4ecd8442"}
{"name":"worker","pid":844,"phase":"INSTALL_DEPENDENCIES","buildId":"114e576c-7b66-4c0b-b583-a312a68da540","source":"stderr","level":30,"msg":"npm http cache expo-modules-autolinking@https://registry.npmjs.org/expo-modules-autolinking/-/expo-modules-autolinking-57.0.14.tgz 0ms (cache hit)","time":"2026-10-08T12:41:30.355Z","v":0,"logId":"01a11b88-75f3-749d-afec-f94d536058e6"}
{"name":"worker","pid":844,"phase":"INSTALL_DEPENDENCIES","buildId":"114e576c-7b66-4c0b-b583-a312a68da540","source":"stderr","level":30,"msg":"npm http cache expo-status-bar@https://registry.npmjs.org/expo-status-bar/-/expo-status-bar-57.0.1.tgz 0ms (cache hit)","time":"2026-10-08T12:41:30.355Z","v":0,"logId":"01a11b88-75f3-749d-afec-f94e1f0454b9"}
{"name":"worker","pid":844,"phase":"INSTALL_DEPENDENCIES","buildId":"114e576c-7b66-4c0b-b583-a312a68da540","source":"stderr","level":30,"msg":"npm http cache expo-location@https://registry.npmjs.org/expo-location/-/expo-location-57.0.20.tgz 0ms (cache hit)","time":"2026-10-08T12:41:30.355Z","v":0,"logId":"01a11b88-75f3-749d-afec-f94f13686fcd"}
{"name":"worker","pid":844,"phase":"INSTALL_DEPENDENCIES","buildId":"114e576c-7b66-4c0b-b583-a312a68da540","source":"stderr","level":30,"msg":"npm http cache expo-image-loader@https://registry.npmjs.org/expo-image-loader/-/expo-image-loader-57.0.1.tgz 0ms (cache hit)","time":"2026-10-08T12:41:30.355Z","v":0,"logId":"01a11b88-75f3-749d-afec-f9502489577a"}
{"name":"worker","pid":844,"phase":"INSTALL_DEPENDENCIES","buildId":"114e576c-7b66-4c0b-b583-a312a68da540","source":"stderr","level":30,"msg":"npm http cache expo-font@https://registry.npmjs.org/expo-font/-/expo-font-57.0.4.tgz 0ms (cache hit)","time":"2026-10-08T12:41:30.355Z","v":0,"logId":"01a11b88-75f3-749d-afec-f9519d126213"}
{"name":"worker","pid":844,"phase":"INSTALL_DEPENDENCIES","buildId":"114e576c-7b66-4c0b-b583-a312a68da540","source":"stderr","level":30,"msg":"npm http cache expo-camera@https://registry.npmjs.org/expo-camera/-/expo-camera-57.0.6.tgz 0ms (cache hit)","time":"2026-10-08T12:41:30.355Z","v":0,"logId":"01a11b88-75f3-749d-afec-f9528d3d9608"}
{"name":"worker","pid":844,"phase":"INSTALL_DEPENDENCIES","buildId":"114e576c-7b66-4c0b-b583-a312a68da540","source":"stderr","level":30,"msg":"npm http cache expo-image-picker@https://registry.npmjs.org/expo-image-picker/-/expo-image-picker-57.0.20.tgz 0ms (cache hit)","time":"2026-10-08T12:41:30.355Z","v":0,"logId":"01a11b88-75f3-749d-afec-f9537c67dcfe"}
{"name":"worker","pid":844,"phase":"INSTALL_DEPENDENCIES","buildId":"114e576c-7b66-4c0b-b583-a312a68da540","source":"stderr","level":30,"msg":"npm http cache expo-document-picker@https://registry.npmjs.org/expo-document-picker/-/expo-document-picker-57.0.3.tgz 0ms (cache hit)","time":"2026-10-08T12:41:30.355Z","v":0,"logId":"01a11b88-75f3-749d-afec-f95434dc1507"}
{"name":"worker","pid":844,"phase":"INSTALL_DEPENDENCIES","buildId":"114e576c-7b66-4c0b-b583-a312a68da540","source":"stderr","level":30,"msg":"npm http cache get-caller-file@https://registry.npmjs.org/get-caller-file/-/get-caller-file-2.0.5.tgz 0ms (cache hit)","time":"2026-10-08T12:41:30.355Z","v":0,"logId":"01a11b88-75f3-749d-afec-f95585967b48"}
{"name":"worker","pid":844,"phase":"INSTALL_DEPENDENCIES","buildId":"114e576c-7b66-4c0b-b583-a312a68da540","source":"stderr","level":30,"msg":"npm http cache etag@https://registry.npmjs.org/etag/-/etag-1.8.1.tgz 0ms (cache hit)","time":"2026-10-08T12:41:30.356Z","v":0,"logId":"01a11b88-75f4-7df7-bcbb-756d102c4559"}
{"name":"worker","pid":844,"phase":"INSTALL_DEPENDENCIES","buildId":"114e576c-7b66-4c0b-b583-a312a68da540","source":"stderr","level":30,"msg":"npm http cache escape-string-regexp@https://registry.npmjs.org/escape-string-regexp/-/escape-string-regexp-4.0.0.tgz 0ms (cache hit)","time":"2026-10-08T12:41:30.356Z","v":0,"logId":"01a11b88-75f4-7df7-bcbb-756e071d2f82"}
{"name":"worker","pid":844,"phase":"INSTALL_DEPENDENCIES","buildId":"114e576c-7b66-4c0b-b583-a312a68da540","source":"stderr","level":30,"msg":"npm http cache event-target-shim@https://registry.npmjs.org/event-target-shim/-/event-target-shim-5.0.1.tgz 0ms (cache hit)","time":"2026-10-08T12:41:30.356Z","v":0,"logId":"01a11b88-75f4-7df7-bcbb-756fd4b64d41"}
{"name":"worker","pid":844,"phase":"INSTALL_DEPENDENCIES","buildId":"114e576c-7b66-4c0b-b583-a312a68da540","source":"stderr","level":30,"msg":"npm http cache escape-html@https://registry.npmjs.org/escape-html/-/escape-html-1.0.3.tgz 0ms (cache hit)","time":"2026-10-08T12:41:30.356Z","v":0,"logId":"01a11b88-75f4-7df7-bcbb-7570e606c71e"}
{"name":"worker","pid":844,"phase":"INSTALL_DEPENDENCIES","buildId":"114e576c-7b66-4c0b-b583-a312a68da540","source":"stderr","level":30,"msg":"npm http cache escalade@https://registry.npmjs.org/escalade/-/escalade-3.2.0.tgz 0ms (cache hit)","time":"2026-10-08T12:41:30.356Z","v":0,"logId":"01a11b88-75f4-7df7-bcbb-757129e8db48"}
{"name":"worker","pid":844,"phase":"INSTALL_DEPENDENCIES","buildId":"114e576c-7b66-4c0b-b583-a312a68da540","source":"stderr","level":30,"msg":"npm http cache es-object-atoms@https://registry.npmjs.org/es-object-atoms/-/es-object-atoms-1.1.2.tgz 0ms (cache hit)","time":"2026-10-08T12:41:30.356Z","v":0,"logId":"01a11b88-75f4-7df7-bcbb-7572ffd21f3c"}
{"name":"worker","pid":844,"phase":"INSTALL_DEPENDENCIES","buildId":"114e576c-7b66-4c0b-b583-a312a68da540","source":"stderr","level":30,"msg":"npm http cache es-errors@https://registry.npmjs.org/es-errors/-/es-errors-1.3.0.tgz 0ms (cache hit)","time":"2026-10-08T12:41:30.356Z","v":0,"logId":"01a11b88-75f4-7df7-bcbb-757399d0d728"}
{"name":"worker","pid":844,"phase":"INSTALL_DEPENDENCIES","buildId":"114e576c-7b66-4c0b-b583-a312a68da540","source":"stderr","level":30,"msg":"npm http cache es-set-tostringtag@https://registry.npmjs.org/es-set-tostringtag/-/es-set-tostringtag-2.1.0.tgz 0ms (cache hit)","time":"2026-10-08T12:41:30.356Z","v":0,"logId":"01a11b88-75f4-7df7-bcbb-7574cc9ea778"}
{"name":"worker","pid":844,"phase":"INSTALL_DEPENDENCIES","buildId":"114e576c-7b66-4c0b-b583-a312a68da540","source":"stderr","level":30,"msg":"npm http cache es-define-property@https://registry.npmjs.org/es-define-property/-/es-define-property-1.0.1.tgz 0ms (cache hit)","time":"2026-10-08T12:41:30.356Z","v":0,"logId":"01a11b88-75f4-7df7-bcbb-7575b84777e8"}
{"name":"worker","pid":844,"phase":"INSTALL_DEPENDENCIES","buildId":"114e576c-7b66-4c0b-b583-a312a68da540","source":"stderr","level":30,"msg":"npm http cache error-stack-parser@https://registry.npmjs.org/error-stack-parser/-/error-stack-parser-2.1.4.tgz 0ms (cache hit)","time":"2026-10-08T12:41:30.356Z","v":0,"logId":"01a11b88-75f4-7df7-bcbb-7576cfe81d06"}
{"name":"worker","pid":844,"phase":"INSTALL_DEPENDENCIES","buildId":"114e576c-7b66-4c0b-b583-a312a68da540","source":"stderr","level":30,"msg":"npm http cache expo@https://registry.npmjs.org/expo/-/expo-57.0.27.tgz 0ms (cache hit)","time":"2026-10-08T12:41:30.356Z","v":0,"logId":"01a11b88-75f4-7df7-bcbb-75774a099c07"}
{"name":"worker","pid":844,"phase":"INSTALL_DEPENDENCIES","buildId":"114e576c-7b66-4c0b-b583-a312a68da540","source":"stderr","level":30,"msg":"npm http cache entities@https://registry.npmjs.org/entities/-/entities-4.5.0.tgz 0ms (cache hit)","time":"2026-10-08T12:41:30.356Z","v":0,"logId":"01a11b88-75f4-7df7-bcbb-75782f393987"}
{"name":"worker","pid":844,"phase":"INSTALL_DEPENDENCIES","buildId":"114e576c-7b66-4c0b-b583-a312a68da540","source":"stderr","level":30,"msg":"npm http cache electron-to-chromium@https://registry.npmjs.org/electron-to-chromium/-/electron-to-chromium-1.5.431.tgz 0ms (cache hit)","time":"2026-10-08T12:41:30.356Z","v":0,"logId":"01a11b88-75f4-7df7-bcbb-757968097304"}
{"name":"worker","pid":844,"phase":"INSTALL_DEPENDENCIES","buildId":"114e576c-7b66-4c0b-b583-a312a68da540","source":"stderr","level":30,"msg":"npm http cache emoji-regex@https://registry.npmjs.org/emoji-regex/-/emoji-regex-8.0.0.tgz 0ms (cache hit)","time":"2026-10-08T12:41:30.356Z","v":0,"logId":"01a11b88-75f4-7df7-bcbb-757abf6b0003"}
{"name":"worker","pid":844,"phase":"INSTALL_DEPENDENCIES","buildId":"114e576c-7b66-4c0b-b583-a312a68da540","source":"stderr","level":30,"msg":"npm http cache encodeurl@https://registry.npmjs.org/encodeurl/-/encodeurl-1.0.2.tgz 0ms (cache hit)","time":"2026-10-08T12:41:30.356Z","v":0,"logId":"01a11b88-75f4-7df7-bcbb-757b4f92bc1c"}
{"name":"worker","pid":844,"phase":"INSTALL_DEPENDENCIES","buildId":"114e576c-7b66-4c0b-b583-a312a68da540","source":"stderr","level":30,"msg":"npm http cache dunder-proto@https://registry.npmjs.org/dunder-proto/-/dunder-proto-1.0.1.tgz 0ms (cache hit)","time":"2026-10-08T12:41:30.356Z","v":0,"logId":"01a11b88-75f4-7df7-bcbb-757c6eb0795c"}
{"name":"worker","pid":844,"phase":"INSTALL_DEPENDENCIES","buildId":"114e576c-7b66-4c0b-b583-a312a68da540","source":"stderr","level":30,"msg":"npm http cache ee-first@https://registry.npmjs.org/ee-first/-/ee-first-1.1.1.tgz 0ms (cache hit)","time":"2026-10-08T12:41:30.356Z","v":0,"logId":"01a11b88-75f4-7df7-bcbb-757db14f540e"}
{"name":"worker","pid":844,"phase":"INSTALL_DEPENDENCIES","buildId":"114e576c-7b66-4c0b-b583-a312a68da540","source":"stderr","level":30,"msg":"npm http cache domhandler@https://registry.npmjs.org/domhandler/-/domhandler-5.0.3.tgz 0ms (cache hit)","time":"2026-10-08T12:41:30.356Z","v":0,"logId":"01a11b88-75f4-7df7-bcbb-757e79899e99"}
{"name":"worker","pid":844,"phase":"INSTALL_DEPENDENCIES","buildId":"114e576c-7b66-4c0b-b583-a312a68da540","source":"stderr","level":30,"msg":"npm http cache domelementtype@https://registry.npmjs.org/domelementtype/-/domelementtype-2.3.0.tgz 0ms (cache hit)","time":"2026-10-08T12:41:30.356Z","v":0,"logId":"01a11b88-75f4-7df7-bcbb-757fee91ebd8"}
{"name":"worker","pid":844,"phase":"INSTALL_DEPENDENCIES","buildId":"114e576c-7b66-4c0b-b583-a312a68da540","source":"stderr","level":30,"msg":"npm http cache dom-serializer@https://registry.npmjs.org/dom-serializer/-/dom-serializer-2.0.0.tgz 0ms (cache hit)","time":"2026-10-08T12:41:30.356Z","v":0,"logId":"01a11b88-75f4-7df7-bcbb-758055022b20"}
{"name":"worker","pid":844,"phase":"INSTALL_DEPENDENCIES","buildId":"114e576c-7b66-4c0b-b583-a312a68da540","source":"stderr","level":30,"msg":"npm http cache detect-libc@https://registry.npmjs.org/detect-libc/-/detect-libc-2.1.2.tgz 0ms (cache hit)","time":"2026-10-08T12:41:30.356Z","v":0,"logId":"01a11b88-75f4-7df7-bcbb-75813bbfc260"}
{"name":"worker","pid":844,"phase":"INSTALL_DEPENDENCIES","buildId":"114e576c-7b66-4c0b-b583-a312a68da540","source":"stderr","level":30,"msg":"npm http cache dnssd-advertise@https://registry.npmjs.org/dnssd-advertise/-/dnssd-advertise-1.1.6.tgz 0ms (cache hit)","time":"2026-10-08T12:41:30.356Z","v":0,"logId":"01a11b88-75f4-7df7-bcbb-75822e4a9418"}
{"name":"worker","pid":844,"phase":"INSTALL_DEPENDENCIES","buildId":"114e576c-7b66-4c0b-b583-a312a68da540","source":"stderr","level":30,"msg":"npm http cache depd@https://registry.npmjs.org/depd/-/depd-2.0.0.tgz 0ms (cache hit)","time":"2026-10-08T12:41:30.356Z","v":0,"logId":"01a11b88-75f5-7b79-8ba6-82e6cb1a2a7b"}
{"name":"worker","pid":844,"phase":"INSTALL_DEPENDENCIES","buildId":"114e576c-7b66-4c0b-b583-a312a68da540","source":"stderr","level":30,"msg":"npm http cache destroy@https://registry.npmjs.org/destroy/-/destroy-1.2.0.tgz 0ms (cache hit)","time":"2026-10-08T12:41:30.357Z","v":0,"logId":"01a11b88-75f5-7b79-8ba6-82e70b74756a"}
{"name":"worker","pid":844,"phase":"INSTALL_DEPENDENCIES","buildId":"114e576c-7b66-4c0b-b583-a312a68da540","source":"stderr","level":30,"msg":"npm http cache domutils@https://registry.npmjs.org/domutils/-/domutils-3.2.2.tgz 0ms (cache hit)","time":"2026-10-08T12:41:30.357Z","v":0,"logId":"01a11b88-75f5-7b79-8ba6-82e87c2315c7"}
{"name":"worker","pid":844,"phase":"INSTALL_DEPENDENCIES","buildId":"114e576c-7b66-4c0b-b583-a312a68da540","source":"stderr","level":30,"msg":"npm http cache delayed-stream@https://registry.npmjs.org/delayed-stream/-/delayed-stream-1.0.0.tgz 0ms (cache hit)","time":"2026-10-08T12:41:30.357Z","v":0,"logId":"01a11b88-75f5-7b79-8ba6-82e9bc0709e4"}
{"name":"worker","pid":844,"phase":"INSTALL_DEPENDENCIES","buildId":"114e576c-7b66-4c0b-b583-a312a68da540","source":"stderr","level":30,"msg":"npm http cache deepmerge@https://registry.npmjs.org/deepmerge/-/deepmerge-4.3.1.tgz 0ms (cache hit)","time":"2026-10-08T12:41:30.357Z","v":0,"logId":"01a11b88-75f5-7b79-8ba6-82eaab84b35e"}
{"name":"worker","pid":844,"phase":"INSTALL_DEPENDENCIES","buildId":"114e576c-7b66-4c0b-b583-a312a68da540","source":"stderr","level":30,"msg":"npm http cache defaults@https://registry.npmjs.org/defaults/-/defaults-1.0.4.tgz 0ms (cache hit)","time":"2026-10-08T12:41:30.357Z","v":0,"logId":"01a11b88-75f5-7b79-8ba6-82eb00d81901"}
{"name":"worker","pid":844,"phase":"INSTALL_DEPENDENCIES","buildId":"114e576c-7b66-4c0b-b583-a312a68da540","source":"stderr","level":30,"msg":"npm http cache css-what@https://registry.npmjs.org/css-what/-/css-what-6.2.2.tgz 0ms (cache hit)","time":"2026-10-08T12:41:30.357Z","v":0,"logId":"01a11b88-75f5-7b79-8ba6-82ecfaf207f6"}
{"name":"worker","pid":844,"phase":"INSTALL_DEPENDENCIES","buildId":"114e576c-7b66-4c0b-b583-a312a68da540","source":"stderr","level":30,"msg":"npm http cache debug@https://registry.npmjs.org/debug/-/debug-4.4.3.tgz 0ms (cache hit)","time":"2026-10-08T12:41:30.357Z","v":0,"logId":"01a11b88-75f5-7b79-8ba6-82ed4ea7941c"}
{"name":"worker","pid":844,"phase":"INSTALL_DEPENDENCIES","buildId":"114e576c-7b66-4c0b-b583-a312a68da540","source":"stderr","level":30,"msg":"npm http cache css-tree@https://registry.npmjs.org/css-tree/-/css-tree-1.1.3.tgz 0ms (cache hit)","time":"2026-10-08T12:41:30.357Z","v":0,"logId":"01a11b88-75f5-7b79-8ba6-82ee365ee530"}
{"name":"worker","pid":844,"phase":"INSTALL_DEPENDENCIES","buildId":"114e576c-7b66-4c0b-b583-a312a68da540","source":"stderr","level":30,"msg":"npm http cache css-line-break@https://registry.npmjs.org/css-line-break/-/css-line-break-2.1.0.tgz 0ms (cache hit)","time":"2026-10-08T12:41:30.357Z","v":0,"logId":"01a11b88-75f5-7b79-8ba6-82ef81b50acb"}
{"name":"worker","pid":844,"phase":"INSTALL_DEPENDENCIES","buildId":"114e576c-7b66-4c0b-b583-a312a68da540","source":"stderr","level":30,"msg":"npm http cache cross-spawn@https://registry.npmjs.org/cross-spawn/-/cross-spawn-7.0.6.tgz 0ms (cache hit)","time":"2026-10-08T12:41:30.357Z","v":0,"logId":"01a11b88-75f5-7b79-8ba6-82f08f30219c"}
{"name":"worker","pid":844,"phase":"INSTALL_DEPENDENCIES","buildId":"114e576c-7b66-4c0b-b583-a312a68da540","source":"stderr","level":30,"msg":"npm http cache content-type@https://registry.npmjs.org/content-type/-/content-type-2.1.0.tgz 0ms (cache hit)","time":"2026-10-08T12:41:30.357Z","v":0,"logId":"01a11b88-75f5-7b79-8ba6-82f1278ac23e"}
{"name":"worker","pid":844,"phase":"INSTALL_DEPENDENCIES","buildId":"114e576c-7b66-4c0b-b583-a312a68da540","source":"stderr","level":30,"msg":"npm http cache connect@https://registry.npmjs.org/connect/-/connect-3.7.0.tgz 0ms (cache hit)","time":"2026-10-08T12:41:30.357Z","v":0,"logId":"01a11b88-75f5-7b79-8ba6-82f2a1c8ca66"}
{"name":"worker","pid":844,"phase":"INSTALL_DEPENDENCIES","buildId":"114e576c-7b66-4c0b-b583-a312a68da540","source":"stderr","level":30,"msg":"npm http cache convert-source-map@https://registry.npmjs.org/convert-source-map/-/convert-source-map-2.0.0.tgz 0ms (cache hit)","time":"2026-10-08T12:41:30.357Z","v":0,"logId":"01a11b88-75f5-7b79-8ba6-82f3ce5f3741"}
{"name":"worker","pid":844,"phase":"INSTALL_DEPENDENCIES","buildId":"114e576c-7b66-4c0b-b583-a312a68da540","source":"stderr","level":30,"msg":"npm http cache core-js-compat@https://registry.npmjs.org/core-js-compat/-/core-js-compat-3.50.0.tgz 0ms (cache hit)","time":"2026-10-08T12:41:30.357Z","v":0,"logId":"01a11b88-75f5-7b79-8ba6-82f43de2a640"}
{"name":"worker","pid":844,"phase":"INSTALL_DEPENDENCIES","buildId":"114e576c-7b66-4c0b-b583-a312a68da540","source":"stderr","level":30,"msg":"npm http cache compression@https://registry.npmjs.org/compression/-/compression-1.8.2.tgz 0ms (cache hit)","time":"2026-10-08T12:41:30.357Z","v":0,"logId":"01a11b88-75f5-7b79-8ba6-82f5f6c24e49"}
{"name":"worker","pid":844,"phase":"INSTALL_DEPENDENCIES","buildId":"114e576c-7b66-4c0b-b583-a312a68da540","source":"stderr","level":30,"msg":"npm http cache css-select@https://registry.npmjs.org/css-select/-/css-select-5.2.2.tgz 0ms (cache hit)","time":"2026-10-08T12:41:30.357Z","v":0,"logId":"01a11b88-75f5-7b79-8ba6-82f6edecc22e"}
{"name":"worker","pid":844,"phase":"INSTALL_DEPENDENCIES","buildId":"114e576c-7b66-4c0b-b583-a312a68da540","source":"stderr","level":30,"msg":"npm http cache commander@https://registry.npmjs.org/commander/-/commander-7.2.0.tgz 0ms (cache hit)","time":"2026-10-08T12:41:30.357Z","v":0,"logId":"01a11b88-75f5-7b79-8ba6-82f788ea0bee"}
{"name":"worker","pid":844,"phase":"INSTALL_DEPENDENCIES","buildId":"114e576c-7b66-4c0b-b583-a312a68da540","source":"stderr","level":30,"msg":"npm http cache compressible@https://registry.npmjs.org/compressible/-/compressible-2.0.18.tgz 0ms (cache hit)","time":"2026-10-08T12:41:30.357Z","v":0,"logId":"01a11b88-75f5-7b79-8ba6-82f8e96ac1b1"}
{"name":"worker","pid":844,"phase":"INSTALL_DEPENDENCIES","buildId":"114e576c-7b66-4c0b-b583-a312a68da540","source":"stderr","level":30,"msg":"npm http cache combined-stream@https://registry.npmjs.org/combined-stream/-/combined-stream-1.0.8.tgz 0ms (cache hit)","time":"2026-10-08T12:41:30.357Z","v":0,"logId":"01a11b88-75f5-7b79-8ba6-82f97e431166"}
{"name":"worker","pid":844,"phase":"INSTALL_DEPENDENCIES","buildId":"114e576c-7b66-4c0b-b583-a312a68da540","source":"stderr","level":30,"msg":"npm http cache color-string@https://registry.npmjs.org/color-string/-/color-string-1.9.1.tgz 0ms (cache hit)","time":"2026-10-08T12:41:30.357Z","v":0,"logId":"01a11b88-75f5-7b79-8ba6-82fab48915fd"}
{"name":"worker","pid":844,"phase":"INSTALL_DEPENDENCIES","buildId":"114e576c-7b66-4c0b-b583-a312a68da540","source":"stderr","level":30,"msg":"npm http cache color-name@https://registry.npmjs.org/color-name/-/color-name-1.1.4.tgz 0ms (cache hit)","time":"2026-10-08T12:41:30.357Z","v":0,"logId":"01a11b88-75f5-7b79-8ba6-82fb8da3dcb7"}
{"name":"worker","pid":844,"phase":"INSTALL_DEPENDENCIES","buildId":"114e576c-7b66-4c0b-b583-a312a68da540","source":"stderr","level":30,"msg":"npm http cache color@https://registry.npmjs.org/color/-/color-4.2.3.tgz 0ms (cache hit)","time":"2026-10-08T12:41:30.357Z","v":0,"logId":"01a11b88-75f5-7b79-8ba6-82fc80186217"}
{"name":"worker","pid":844,"phase":"INSTALL_DEPENDENCIES","buildId":"114e576c-7b66-4c0b-b583-a312a68da540","source":"stderr","level":30,"msg":"npm http cache color-convert@https://registry.npmjs.org/color-convert/-/color-convert-2.0.1.tgz 0ms (cache hit)","time":"2026-10-08T12:41:30.357Z","v":0,"logId":"01a11b88-75f5-7b79-8ba6-82fd4b5c9a86"}
{"name":"worker","pid":844,"phase":"INSTALL_DEPENDENCIES","buildId":"114e576c-7b66-4c0b-b583-a312a68da540","source":"stderr","level":30,"msg":"npm http cache cliui@https://registry.npmjs.org/cliui/-/cliui-8.0.1.tgz 0ms (cache hit)","time":"2026-10-08T12:41:30.357Z","v":0,"logId":"01a11b88-75f5-7b79-8ba6-82fe43bddb34"}
{"name":"worker","pid":844,"phase":"INSTALL_DEPENDENCIES","buildId":"114e576c-7b66-4c0b-b583-a312a68da540","source":"stderr","level":30,"msg":"npm http cache clone@https://registry.npmjs.org/clone/-/clone-1.0.4.tgz 0ms (cache hit)","time":"2026-10-08T12:41:30.357Z","v":0,"logId":"01a11b88-75f5-7b79-8ba6-82ff2f1aa2c0"}
{"name":"worker","pid":844,"phase":"INSTALL_DEPENDENCIES","buildId":"114e576c-7b66-4c0b-b583-a312a68da540","source":"stderr","level":30,"msg":"npm http cache cli-cursor@https://registry.npmjs.org/cli-cursor/-/cli-cursor-2.1.0.tgz 0ms (cache hit)","time":"2026-10-08T12:41:30.357Z","v":0,"logId":"01a11b88-75f5-7b79-8ba6-8300aab9ef22"}
{"name":"worker","pid":844,"phase":"INSTALL_DEPENDENCIES","buildId":"114e576c-7b66-4c0b-b583-a312a68da540","source":"stderr","level":30,"msg":"npm http cache ci-info@https://registry.npmjs.org/ci-info/-/ci-info-2.0.0.tgz 0ms (cache hit)","time":"2026-10-08T12:41:30.358Z","v":0,"logId":"01a11b88-75f6-796d-9cf7-70e10fc19e7f"}
{"name":"worker","pid":844,"phase":"INSTALL_DEPENDENCIES","buildId":"114e576c-7b66-4c0b-b583-a312a68da540","source":"stderr","level":30,"msg":"npm http cache chromium-edge-launcher@https://registry.npmjs.org/chromium-edge-launcher/-/chromium-edge-launcher-0.3.0.tgz 0ms (cache hit)","time":"2026-10-08T12:41:30.358Z","v":0,"logId":"01a11b88-75f6-796d-9cf7-70e2f85d0503"}
{"name":"worker","pid":844,"phase":"INSTALL_DEPENDENCIES","buildId":"114e576c-7b66-4c0b-b583-a312a68da540","source":"stderr","level":30,"msg":"npm http cache chrome-launcher@https://registry.npmjs.org/chrome-launcher/-/chrome-launcher-0.15.2.tgz 0ms (cache hit)","time":"2026-10-08T12:41:30.358Z","v":0,"logId":"01a11b88-75f6-796d-9cf7-70e3c56530b8"}
{"name":"worker","pid":844,"phase":"INSTALL_DEPENDENCIES","buildId":"114e576c-7b66-4c0b-b583-a312a68da540","source":"stderr","level":30,"msg":"npm http cache caniuse-lite@https://registry.npmjs.org/caniuse-lite/-/caniuse-lite-1.0.30001810.tgz 0ms (cache hit)","time":"2026-10-08T12:41:30.358Z","v":0,"logId":"01a11b88-75f6-796d-9cf7-70e400fca6af"}
{"name":"worker","pid":844,"phase":"INSTALL_DEPENDENCIES","buildId":"114e576c-7b66-4c0b-b583-a312a68da540","source":"stderr","level":30,"msg":"npm http cache chalk@https://registry.npmjs.org/chalk/-/chalk-4.1.2.tgz 0ms (cache hit)","time":"2026-10-08T12:41:30.358Z","v":0,"logId":"01a11b88-75f6-796d-9cf7-70e510385459"}
{"name":"worker","pid":844,"phase":"INSTALL_DEPENDENCIES","buildId":"114e576c-7b66-4c0b-b583-a312a68da540","source":"stderr","level":30,"msg":"npm http cache cli-spinners@https://registry.npmjs.org/cli-spinners/-/cli-spinners-2.9.2.tgz 0ms (cache hit)","time":"2026-10-08T12:41:30.358Z","v":0,"logId":"01a11b88-75f6-796d-9cf7-70e6c49d2e57"}
{"name":"worker","pid":844,"phase":"INSTALL_DEPENDENCIES","buildId":"114e576c-7b66-4c0b-b583-a312a68da540","source":"stderr","level":30,"msg":"npm http cache camelcase@https://registry.npmjs.org/camelcase/-/camelcase-6.3.0.tgz 0ms (cache hit)","time":"2026-10-08T12:41:30.358Z","v":0,"logId":"01a11b88-75f6-796d-9cf7-70e744b67f6b"}
{"name":"worker","pid":844,"phase":"INSTALL_DEPENDENCIES","buildId":"114e576c-7b66-4c0b-b583-a312a68da540","source":"stderr","level":30,"msg":"npm http cache call-bind-apply-helpers@https://registry.npmjs.org/call-bind-apply-helpers/-/call-bind-apply-helpers-1.0.2.tgz 0ms (cache hit)","time":"2026-10-08T12:41:30.358Z","v":0,"logId":"01a11b88-75f6-796d-9cf7-70e849c7d9e1"}
{"name":"worker","pid":844,"phase":"INSTALL_DEPENDENCIES","buildId":"114e576c-7b66-4c0b-b583-a312a68da540","source":"stderr","level":30,"msg":"npm http cache buffer-from@https://registry.npmjs.org/buffer-from/-/buffer-from-1.1.2.tgz 0ms (cache hit)","time":"2026-10-08T12:41:30.358Z","v":0,"logId":"01a11b88-75f6-796d-9cf7-70e97a4e2f3d"}
{"name":"worker","pid":844,"phase":"INSTALL_DEPENDENCIES","buildId":"114e576c-7b66-4c0b-b583-a312a68da540","source":"stderr","level":30,"msg":"npm http cache bser@https://registry.npmjs.org/bser/-/bser-2.1.1.tgz 0ms (cache hit)","time":"2026-10-08T12:41:30.358Z","v":0,"logId":"01a11b88-75f6-796d-9cf7-70ea7a11d687"}
{"name":"worker","pid":844,"phase":"INSTALL_DEPENDENCIES","buildId":"114e576c-7b66-4c0b-b583-a312a68da540","source":"stderr","level":30,"msg":"npm http cache bytes@https://registry.npmjs.org/bytes/-/bytes-3.1.2.tgz 0ms (cache hit)","time":"2026-10-08T12:41:30.358Z","v":0,"logId":"01a11b88-75f6-796d-9cf7-70eb6f220168"}
{"name":"worker","pid":844,"phase":"INSTALL_DEPENDENCIES","buildId":"114e576c-7b66-4c0b-b583-a312a68da540","source":"stderr","level":30,"msg":"npm http cache browserslist@https://registry.npmjs.org/browserslist/-/browserslist-4.29.0.tgz 0ms (cache hit)","time":"2026-10-08T12:41:30.358Z","v":0,"logId":"01a11b88-75f6-796d-9cf7-70ec3f0619e5"}
{"name":"worker","pid":844,"phase":"INSTALL_DEPENDENCIES","buildId":"114e576c-7b66-4c0b-b583-a312a68da540","source":"stderr","level":30,"msg":"npm http cache brace-expansion@https://registry.npmjs.org/brace-expansion/-/brace-expansion-5.0.12.tgz 0ms (cache hit)","time":"2026-10-08T12:41:30.358Z","v":0,"logId":"01a11b88-75f6-796d-9cf7-70ed69c0590c"}
{"name":"worker","pid":844,"phase":"INSTALL_DEPENDENCIES","buildId":"114e576c-7b66-4c0b-b583-a312a68da540","source":"stderr","level":30,"msg":"npm http cache bplist-parser@https://registry.npmjs.org/bplist-parser/-/bplist-parser-0.3.1.tgz 0ms (cache hit)","time":"2026-10-08T12:41:30.358Z","v":0,"logId":"01a11b88-75f6-796d-9cf7-70ee44bce832"}
{"name":"worker","pid":844,"phase":"INSTALL_DEPENDENCIES","buildId":"114e576c-7b66-4c0b-b583-a312a68da540","source":"stderr","level":30,"msg":"npm http cache braces@https://registry.npmjs.org/braces/-/braces-3.0.3.tgz 0ms (cache hit)","time":"2026-10-08T12:41:30.358Z","v":0,"logId":"01a11b88-75f6-796d-9cf7-70ef3ae76924"}
{"name":"worker","pid":844,"phase":"INSTALL_DEPENDENCIES","buildId":"114e576c-7b66-4c0b-b583-a312a68da540","source":"stderr","level":30,"msg":"npm http cache bplist-creator@https://registry.npmjs.org/bplist-creator/-/bplist-creator-0.1.0.tgz 0ms (cache hit)","time":"2026-10-08T12:41:30.358Z","v":0,"logId":"01a11b88-75f6-796d-9cf7-70f07f689c17"}
{"name":"worker","pid":844,"phase":"INSTALL_DEPENDENCIES","buildId":"114e576c-7b66-4c0b-b583-a312a68da540","source":"stderr","level":30,"msg":"npm http cache boolbase@https://registry.npmjs.org/boolbase/-/boolbase-1.0.0.tgz 0ms (cache hit)","time":"2026-10-08T12:41:30.358Z","v":0,"logId":"01a11b88-75f6-796d-9cf7-70f1c747b5ac"}
{"name":"worker","pid":844,"phase":"INSTALL_DEPENDENCIES","buildId":"114e576c-7b66-4c0b-b583-a312a68da540","source":"stderr","level":30,"msg":"npm http cache big-integer@https://registry.npmjs.org/big-integer/-/big-integer-1.6.52.tgz 0ms (cache hit)","time":"2026-10-08T12:41:30.358Z","v":0,"logId":"01a11b88-75f6-796d-9cf7-70f284026cf7"}
{"name":"worker","pid":844,"phase":"INSTALL_DEPENDENCIES","buildId":"114e576c-7b66-4c0b-b583-a312a68da540","source":"stderr","level":30,"msg":"npm http cache base64-arraybuffer@https://registry.npmjs.org/base64-arraybuffer/-/base64-arraybuffer-1.0.2.tgz 0ms (cache hit)","time":"2026-10-08T12:41:30.358Z","v":0,"logId":"01a11b88-75f6-796d-9cf7-70f3f9c1d780"}
{"name":"worker","pid":844,"phase":"INSTALL_DEPENDENCIES","buildId":"114e576c-7b66-4c0b-b583-a312a68da540","source":"stderr","level":30,"msg":"npm http cache baseline-browser-mapping@https://registry.npmjs.org/baseline-browser-mapping/-/baseline-browser-mapping-2.11.25.tgz 0ms (cache hit)","time":"2026-10-08T12:41:30.358Z","v":0,"logId":"01a11b88-75f6-796d-9cf7-70f4926fa42b"}
{"name":"worker","pid":844,"phase":"INSTALL_DEPENDENCIES","buildId":"114e576c-7b66-4c0b-b583-a312a68da540","source":"stderr","level":30,"msg":"npm http cache base64-js@https://registry.npmjs.org/base64-js/-/base64-js-1.5.1.tgz 0ms (cache hit)","time":"2026-10-08T12:41:30.358Z","v":0,"logId":"01a11b88-75f6-796d-9cf7-70f52a13acf6"}
{"name":"worker","pid":844,"phase":"INSTALL_DEPENDENCIES","buildId":"114e576c-7b66-4c0b-b583-a312a68da540","source":"stderr","level":30,"msg":"npm http cache barcode-detector@https://registry.npmjs.org/barcode-detector/-/barcode-detector-3.2.2.tgz 0ms (cache hit)","time":"2026-10-08T12:41:30.358Z","v":0,"logId":"01a11b88-75f6-796d-9cf7-70f601c93038"}
{"name":"worker","pid":844,"phase":"INSTALL_DEPENDENCIES","buildId":"114e576c-7b66-4c0b-b583-a312a68da540","source":"stderr","level":30,"msg":"npm http cache babel-preset-expo@https://registry.npmjs.org/babel-preset-expo/-/babel-preset-expo-57.0.14.tgz 0ms (cache hit)","time":"2026-10-08T12:41:30.358Z","v":0,"logId":"01a11b88-75f6-796d-9cf7-70f78afa06a8"}
{"name":"worker","pid":844,"phase":"INSTALL_DEPENDENCIES","buildId":"114e576c-7b66-4c0b-b583-a312a68da540","source":"stderr","level":30,"msg":"npm http cache balanced-match@https://registry.npmjs.org/balanced-match/-/balanced-match-4.0.4.tgz 0ms (cache hit)","time":"2026-10-08T12:41:30.358Z","v":0,"logId":"01a11b88-75f6-796d-9cf7-70f8052bd198"}
{"name":"worker","pid":844,"phase":"INSTALL_DEPENDENCIES","buildId":"114e576c-7b66-4c0b-b583-a312a68da540","source":"stderr","level":30,"msg":"npm http cache babel-plugin-transform-flow-enums@https://registry.npmjs.org/babel-plugin-transform-flow-enums/-/babel-plugin-transform-flow-enums-0.0.2.tgz 0ms (cache hit)","time":"2026-10-08T12:41:30.358Z","v":0,"logId":"01a11b88-75f6-796d-9cf7-70f9a6dab513"}
{"name":"worker","pid":844,"phase":"INSTALL_DEPENDENCIES","buildId":"114e576c-7b66-4c0b-b583-a312a68da540","source":"stderr","level":30,"msg":"npm http cache babel-plugin-react-native-web@https://registry.npmjs.org/babel-plugin-react-native-web/-/babel-plugin-react-native-web-0.21.2.tgz 0ms (cache hit)","time":"2026-10-08T12:41:30.358Z","v":0,"logId":"01a11b88-75f6-796d-9cf7-70fa9687c334"}
{"name":"worker","pid":844,"phase":"INSTALL_DEPENDENCIES","buildId":"114e576c-7b66-4c0b-b583-a312a68da540","source":"stderr","level":30,"msg":"npm http cache babel-plugin-syntax-hermes-parser@https://registry.npmjs.org/babel-plugin-syntax-hermes-parser/-/babel-plugin-syntax-hermes-parser-0.36.1.tgz 0ms (cache hit)","time":"2026-10-08T12:41:30.358Z","v":0,"logId":"01a11b88-75f6-796d-9cf7-70fbdc14c27c"}
{"name":"worker","pid":844,"phase":"INSTALL_DEPENDENCIES","buildId":"114e576c-7b66-4c0b-b583-a312a68da540","source":"stderr","level":30,"msg":"npm http cache babel-plugin-react-compiler@https://registry.npmjs.org/babel-plugin-react-compiler/-/babel-plugin-react-compiler-1.0.0.tgz 0ms (cache hit)","time":"2026-10-08T12:41:30.358Z","v":0,"logId":"01a11b88-75f6-796d-9cf7-70fc8f8c8286"}
{"name":"worker","pid":844,"phase":"INSTALL_DEPENDENCIES","buildId":"114e576c-7b66-4c0b-b583-a312a68da540","source":"stderr","level":30,"msg":"npm http cache babel-plugin-polyfill-regenerator@https://registry.npmjs.org/babel-plugin-polyfill-regenerator/-/babel-plugin-polyfill-regenerator-0.6.8.tgz 0ms (cache hit)","time":"2026-10-08T12:41:30.358Z","v":0,"logId":"01a11b88-75f6-796d-9cf7-70fd0f6a65e0"}
{"name":"worker","pid":844,"phase":"INSTALL_DEPENDENCIES","buildId":"114e576c-7b66-4c0b-b583-a312a68da540","source":"stderr","level":30,"msg":"npm http cache babel-plugin-polyfill-corejs3@https://registry.npmjs.org/babel-plugin-polyfill-corejs3/-/babel-plugin-polyfill-corejs3-0.13.0.tgz 0ms (cache hit)","time":"2026-10-08T12:41:30.358Z","v":0,"logId":"01a11b88-75f6-796d-9cf7-70feba3eec78"}
{"name":"worker","pid":844,"phase":"INSTALL_DEPENDENCIES","buildId":"114e576c-7b66-4c0b-b583-a312a68da540","source":"stderr","level":30,"msg":"npm http cache babel-plugin-polyfill-corejs2@https://registry.npmjs.org/babel-plugin-polyfill-corejs2/-/babel-plugin-polyfill-corejs2-0.4.17.tgz 0ms (cache hit)","time":"2026-10-08T12:41:30.358Z","v":0,"logId":"01a11b88-75f6-796d-9cf7-70ff2b924551"}
{"name":"worker","pid":844,"phase":"INSTALL_DEPENDENCIES","buildId":"114e576c-7b66-4c0b-b583-a312a68da540","source":"stderr","level":30,"msg":"npm http cache asap@https://registry.npmjs.org/asap/-/asap-2.0.6.tgz 0ms (cache hit)","time":"2026-10-08T12:41:30.358Z","v":0,"logId":"01a11b88-75f6-796d-9cf7-7100b18c60c1"}
{"name":"worker","pid":844,"phase":"INSTALL_DEPENDENCIES","buildId":"114e576c-7b66-4c0b-b583-a312a68da540","source":"stderr","level":30,"msg":"npm http cache asynckit@https://registry.npmjs.org/asynckit/-/asynckit-0.4.0.tgz 0ms (cache hit)","time":"2026-10-08T12:41:30.358Z","v":0,"logId":"01a11b88-75f6-796d-9cf7-7101d8443939"}
{"name":"worker","pid":844,"phase":"INSTALL_DEPENDENCIES","buildId":"114e576c-7b66-4c0b-b583-a312a68da540","source":"stderr","level":30,"msg":"npm http cache ansi-regex@https://registry.npmjs.org/ansi-regex/-/ansi-regex-5.0.1.tgz 0ms (cache hit)","time":"2026-10-08T12:41:30.358Z","v":0,"logId":"01a11b88-75f6-796d-9cf7-71029b027176"}
{"name":"worker","pid":844,"phase":"INSTALL_DEPENDENCIES","buildId":"114e576c-7b66-4c0b-b583-a312a68da540","source":"stderr","level":30,"msg":"npm http cache ansi-escapes@https://registry.npmjs.org/ansi-escapes/-/ansi-escapes-4.3.2.tgz 0ms (cache hit)","time":"2026-10-08T12:41:30.359Z","v":0,"logId":"01a11b88-75f7-7f6a-b56d-bf28e0ae66f5"}
{"name":"worker","pid":844,"phase":"INSTALL_DEPENDENCIES","buildId":"114e576c-7b66-4c0b-b583-a312a68da540","source":"stderr","level":30,"msg":"npm http cache arg@https://registry.npmjs.org/arg/-/arg-5.0.2.tgz 0ms (cache hit)","time":"2026-10-08T12:41:30.359Z","v":0,"logId":"01a11b88-75f7-7f6a-b56d-bf29760f7b5e"}
{"name":"worker","pid":844,"phase":"INSTALL_DEPENDENCIES","buildId":"114e576c-7b66-4c0b-b583-a312a68da540","source":"stderr","level":30,"msg":"npm http cache ansi-styles@https://registry.npmjs.org/ansi-styles/-/ansi-styles-4.3.0.tgz 0ms (cache hit)","time":"2026-10-08T12:41:30.359Z","v":0,"logId":"01a11b88-75f7-7f6a-b56d-bf2a9a484998"}
{"name":"worker","pid":844,"phase":"INSTALL_DEPENDENCIES","buildId":"114e576c-7b66-4c0b-b583-a312a68da540","source":"stderr","level":30,"msg":"npm http cache anser@https://registry.npmjs.org/anser/-/anser-1.4.10.tgz 0ms (cache hit)","time":"2026-10-08T12:41:30.359Z","v":0,"logId":"01a11b88-75f7-7f6a-b56d-bf2b14c9ac8f"}
{"name":"worker","pid":844,"phase":"INSTALL_DEPENDENCIES","buildId":"114e576c-7b66-4c0b-b583-a312a68da540","source":"stderr","level":30,"msg":"npm http cache agent-cli-detector@https://registry.npmjs.org/agent-cli-detector/-/agent-cli-detector-0.1.7.tgz 0ms (cache hit)","time":"2026-10-08T12:41:30.359Z","v":0,"logId":"01a11b88-75f7-7f6a-b56d-bf2cee5725c4"}
{"name":"worker","pid":844,"phase":"INSTALL_DEPENDENCIES","buildId":"114e576c-7b66-4c0b-b583-a312a68da540","source":"stderr","level":30,"msg":"npm http cache acorn@https://registry.npmjs.org/acorn/-/acorn-8.18.0.tgz 0ms (cache hit)","time":"2026-10-08T12:41:30.359Z","v":0,"logId":"01a11b88-75f7-7f6a-b56d-bf2d6c036da4"}
{"name":"worker","pid":844,"phase":"INSTALL_DEPENDENCIES","buildId":"114e576c-7b66-4c0b-b583-a312a68da540","source":"stderr","level":30,"msg":"npm http cache accepts@https://registry.npmjs.org/accepts/-/accepts-1.3.8.tgz 0ms (cache hit)","time":"2026-10-08T12:41:30.359Z","v":0,"logId":"01a11b88-75f7-7f6a-b56d-bf2eab138d4d"}
{"name":"worker","pid":844,"phase":"INSTALL_DEPENDENCIES","buildId":"114e576c-7b66-4c0b-b583-a312a68da540","source":"stderr","level":30,"msg":"npm http cache agent-base@https://registry.npmjs.org/agent-base/-/agent-base-6.0.2.tgz 0ms (cache hit)","time":"2026-10-08T12:41:30.359Z","v":0,"logId":"01a11b88-75f7-7f6a-b56d-bf2ffaeb3142"}
{"name":"worker","pid":844,"phase":"INSTALL_DEPENDENCIES","buildId":"114e576c-7b66-4c0b-b583-a312a68da540","source":"stderr","level":30,"msg":"npm http cache abort-controller@https://registry.npmjs.org/abort-controller/-/abort-controller-3.0.0.tgz 0ms (cache hit)","time":"2026-10-08T12:41:30.359Z","v":0,"logId":"01a11b88-75f7-7f6a-b56d-bf30677e7d6f"}
{"name":"worker","pid":844,"phase":"INSTALL_DEPENDENCIES","buildId":"114e576c-7b66-4c0b-b583-a312a68da540","source":"stderr","level":30,"msg":"npm http cache @xmldom/xmldom@https://registry.npmjs.org/@xmldom/xmldom/-/xmldom-0.8.15.tgz 0ms (cache hit)","time":"2026-10-08T12:41:30.359Z","v":0,"logId":"01a11b88-75f7-7f6a-b56d-bf311ff889a6"}
{"name":"worker","pid":844,"phase":"INSTALL_DEPENDENCIES","buildId":"114e576c-7b66-4c0b-b583-a312a68da540","source":"stderr","level":30,"msg":"npm http cache axios@https://registry.npmjs.org/axios/-/axios-1.20.0.tgz 0ms (cache hit)","time":"2026-10-08T12:41:30.359Z","v":0,"logId":"01a11b88-75f7-7f6a-b56d-bf323d1b01b2"}
{"name":"worker","pid":844,"phase":"INSTALL_DEPENDENCIES","buildId":"114e576c-7b66-4c0b-b583-a312a68da540","source":"stderr","level":30,"msg":"npm http cache @ungap/structured-clone@https://registry.npmjs.org/@ungap/structured-clone/-/structured-clone-1.4.0.tgz 0ms (cache hit)","time":"2026-10-08T12:41:30.359Z","v":0,"logId":"01a11b88-75f7-7f6a-b56d-bf333dccc32c"}
{"name":"worker","pid":844,"phase":"INSTALL_DEPENDENCIES","buildId":"114e576c-7b66-4c0b-b583-a312a68da540","source":"stderr","level":30,"msg":"npm http cache @types/yargs-parser@https://registry.npmjs.org/@types/yargs-parser/-/yargs-parser-21.0.3.tgz 0ms (cache hit)","time":"2026-10-08T12:41:30.359Z","v":0,"logId":"01a11b88-75f7-7f6a-b56d-bf34fa3d154a"}
{"name":"worker","pid":844,"phase":"INSTALL_DEPENDENCIES","buildId":"114e576c-7b66-4c0b-b583-a312a68da540","source":"stderr","level":30,"msg":"npm http cache @types/node@https://registry.npmjs.org/@types/node/-/node-26.6.1.tgz 0ms (cache hit)","time":"2026-10-08T12:41:30.359Z","v":0,"logId":"01a11b88-75f7-7f6a-b56d-bf35c34cd7bf"}
{"name":"worker","pid":844,"phase":"INSTALL_DEPENDENCIES","buildId":"114e576c-7b66-4c0b-b583-a312a68da540","source":"stderr","level":30,"msg":"npm http cache @types/yargs@https://registry.npmjs.org/@types/yargs/-/yargs-17.0.35.tgz 0ms (cache hit)","time":"2026-10-08T12:41:30.359Z","v":0,"logId":"01a11b88-75f7-7f6a-b56d-bf3666b5c51e"}
{"name":"worker","pid":844,"phase":"INSTALL_DEPENDENCIES","buildId":"114e576c-7b66-4c0b-b583-a312a68da540","source":"stderr","level":30,"msg":"npm http cache @types/istanbul-lib-report@https://registry.npmjs.org/@types/istanbul-lib-report/-/istanbul-lib-report-3.0.3.tgz 0ms (cache hit)","time":"2026-10-08T12:41:30.359Z","v":0,"logId":"01a11b88-75f7-7f6a-b56d-bf37e71dd90d"}
{"name":"worker","pid":844,"phase":"INSTALL_DEPENDENCIES","buildId":"114e576c-7b66-4c0b-b583-a312a68da540","source":"stderr","level":30,"msg":"npm http cache @types/istanbul-reports@https://registry.npmjs.org/@types/istanbul-reports/-/istanbul-reports-3.0.4.tgz 0ms (cache hit)","time":"2026-10-08T12:41:30.359Z","v":0,"logId":"01a11b88-75f7-7f6a-b56d-bf385a43d4fd"}
{"name":"worker","pid":844,"phase":"INSTALL_DEPENDENCIES","buildId":"114e576c-7b66-4c0b-b583-a312a68da540","source":"stderr","level":30,"msg":"npm http cache @types/geojson@https://registry.npmjs.org/@types/geojson/-/geojson-7946.0.16.tgz 0ms (cache hit)","time":"2026-10-08T12:41:30.359Z","v":0,"logId":"01a11b88-75f7-7f6a-b56d-bf39b59d1030"}
{"name":"worker","pid":844,"phase":"INSTALL_DEPENDENCIES","buildId":"114e576c-7b66-4c0b-b583-a312a68da540","source":"stderr","level":30,"msg":"npm http cache @types/istanbul-lib-coverage@https://registry.npmjs.org/@types/istanbul-lib-coverage/-/istanbul-lib-coverage-2.0.6.tgz 0ms (cache hit)","time":"2026-10-08T12:41:30.359Z","v":0,"logId":"01a11b88-75f7-7f6a-b56d-bf3aaa56c934"}
{"name":"worker","pid":844,"phase":"INSTALL_DEPENDENCIES","buildId":"114e576c-7b66-4c0b-b583-a312a68da540","source":"stderr","level":30,"msg":"npm http cache @sinclair/typebox@https://registry.npmjs.org/@sinclair/typebox/-/typebox-0.27.12.tgz 0ms (cache hit)","time":"2026-10-08T12:41:30.359Z","v":0,"logId":"01a11b88-75f7-7f6a-b56d-bf3b26596511"}
{"name":"worker","pid":844,"phase":"INSTALL_DEPENDENCIES","buildId":"114e576c-7b66-4c0b-b583-a312a68da540","source":"stderr","level":30,"msg":"npm http cache @react-navigation/routers@https://registry.npmjs.org/@react-navigation/routers/-/routers-7.6.4.tgz 0ms (cache hit)","time":"2026-10-08T12:41:30.359Z","v":0,"logId":"01a11b88-75f7-7f6a-b56d-bf3c91ff1430"}
{"name":"worker","pid":844,"phase":"INSTALL_DEPENDENCIES","buildId":"114e576c-7b66-4c0b-b583-a312a68da540","source":"stderr","level":30,"msg":"npm http cache @react-navigation/native-stack@https://registry.npmjs.org/@react-navigation/native-stack/-/native-stack-7.19.2.tgz 0ms (cache hit)","time":"2026-10-08T12:41:30.359Z","v":0,"logId":"01a11b88-75f7-7f6a-b56d-bf3dff3c44e3"}
{"name":"worker","pid":844,"phase":"INSTALL_DEPENDENCIES","buildId":"114e576c-7b66-4c0b-b583-a312a68da540","source":"stderr","level":30,"msg":"npm http cache @react-navigation/elements@https://registry.npmjs.org/@react-navigation/elements/-/elements-2.9.43.tgz 0ms (cache hit)","time":"2026-10-08T12:41:30.359Z","v":0,"logId":"01a11b88-75f7-7f6a-b56d-bf3eec4ae9ce"}
{"name":"worker","pid":844,"phase":"INSTALL_DEPENDENCIES","buildId":"114e576c-7b66-4c0b-b583-a312a68da540","source":"stderr","level":30,"msg":"npm http cache @types/emscripten@https://registry.npmjs.org/@types/emscripten/-/emscripten-1.41.6.tgz 0ms (cache hit)","time":"2026-10-08T12:41:30.359Z","v":0,"logId":"01a11b88-75f7-7f6a-b56d-bf3ffddb28d9"}
{"name":"worker","pid":844,"phase":"INSTALL_DEPENDENCIES","buildId":"114e576c-7b66-4c0b-b583-a312a68da540","source":"stderr","level":30,"msg":"npm http cache @react-navigation/core@https://registry.npmjs.org/@react-navigation/core/-/core-7.22.1.tgz 0ms (cache hit)","time":"2026-10-08T12:41:30.359Z","v":0,"logId":"01a11b88-75f7-7f6a-b56d-bf409595e95c"}
{"name":"worker","pid":844,"phase":"INSTALL_DEPENDENCIES","buildId":"114e576c-7b66-4c0b-b583-a312a68da540","source":"stderr","level":30,"msg":"npm http cache @react-navigation/bottom-tabs@https://registry.npmjs.org/@react-navigation/bottom-tabs/-/bottom-tabs-7.19.2.tgz 0ms (cache hit)","time":"2026-10-08T12:41:30.359Z","v":0,"logId":"01a11b88-75f7-7f6a-b56d-bf41f91463d7"}
{"name":"worker","pid":844,"phase":"INSTALL_DEPENDENCIES","buildId":"114e576c-7b66-4c0b-b583-a312a68da540","source":"stderr","level":30,"msg":"npm http cache @react-native/virtualized-lists@https://registry.npmjs.org/@react-native/virtualized-lists/-/virtualized-lists-0.86.3.tgz 0ms (cache hit)","time":"2026-10-08T12:41:30.359Z","v":0,"logId":"01a11b88-75f7-7f6a-b56d-bf4272dc28f0"}
{"name":"worker","pid":844,"phase":"INSTALL_DEPENDENCIES","buildId":"114e576c-7b66-4c0b-b583-a312a68da540","source":"stderr","level":30,"msg":"npm http cache @react-native/normalize-colors@https://registry.npmjs.org/@react-native/normalize-colors/-/normalize-colors-0.86.3.tgz 0ms (cache hit)","time":"2026-10-08T12:41:30.359Z","v":0,"logId":"01a11b88-75f7-7f6a-b56d-bf432e928b6e"}
{"name":"worker","pid":844,"phase":"INSTALL_DEPENDENCIES","buildId":"114e576c-7b66-4c0b-b583-a312a68da540","source":"stderr","level":30,"msg":"npm http cache @react-native/js-polyfills@https://registry.npmjs.org/@react-native/js-polyfills/-/js-polyfills-0.86.3.tgz 0ms (cache hit)","time":"2026-10-08T12:41:30.359Z","v":0,"logId":"01a11b88-75f7-7f6a-b56d-bf44b1f22d88"}
{"name":"worker","pid":844,"phase":"INSTALL_DEPENDENCIES","buildId":"114e576c-7b66-4c0b-b583-a312a68da540","source":"stderr","level":30,"msg":"npm http cache @react-native/gradle-plugin@https://registry.npmjs.org/@react-native/gradle-plugin/-/gradle-plugin-0.86.3.tgz 0ms (cache hit)","time":"2026-10-08T12:41:30.359Z","v":0,"logId":"01a11b88-75f7-7f6a-b56d-bf45662ad965"}
{"name":"worker","pid":844,"phase":"INSTALL_DEPENDENCIES","buildId":"114e576c-7b66-4c0b-b583-a312a68da540","source":"stderr","level":30,"msg":"npm http cache @react-native/dev-middleware@https://registry.npmjs.org/@react-native/dev-middleware/-/dev-middleware-0.86.3.tgz 0ms (cache hit)","time":"2026-10-08T12:41:30.360Z","v":0,"logId":"01a11b88-75f8-78d1-a495-8fc5442ea156"}
{"name":"worker","pid":844,"phase":"INSTALL_DEPENDENCIES","buildId":"114e576c-7b66-4c0b-b583-a312a68da540","source":"stderr","level":30,"msg":"npm http cache @react-navigation/native@https://registry.npmjs.org/@react-navigation/native/-/native-7.4.1.tgz 0ms (cache hit)","time":"2026-10-08T12:41:30.360Z","v":0,"logId":"01a11b88-75f8-78d1-a495-8fc6e3d30ff3"}
{"name":"worker","pid":844,"phase":"INSTALL_DEPENDENCIES","buildId":"114e576c-7b66-4c0b-b583-a312a68da540","source":"stderr","level":30,"msg":"npm http cache @react-native/debugger-shell@https://registry.npmjs.org/@react-native/debugger-shell/-/debugger-shell-0.86.3.tgz 0ms (cache hit)","time":"2026-10-08T12:41:30.360Z","v":0,"logId":"01a11b88-75f8-78d1-a495-8fc7ed0b0890"}
{"name":"worker","pid":844,"phase":"INSTALL_DEPENDENCIES","buildId":"114e576c-7b66-4c0b-b583-a312a68da540","source":"stderr","level":30,"msg":"npm http cache @react-native/debugger-frontend@https://registry.npmjs.org/@react-native/debugger-frontend/-/debugger-frontend-0.86.3.tgz 0ms (cache hit)","time":"2026-10-08T12:41:30.360Z","v":0,"logId":"01a11b88-75f8-78d1-a495-8fc8dad4d62e"}
{"name":"worker","pid":844,"phase":"INSTALL_DEPENDENCIES","buildId":"114e576c-7b66-4c0b-b583-a312a68da540","source":"stderr","level":30,"msg":"npm http cache @react-native/codegen@https://registry.npmjs.org/@react-native/codegen/-/codegen-0.86.3.tgz 0ms (cache hit)","time":"2026-10-08T12:41:30.360Z","v":0,"logId":"01a11b88-75f8-78d1-a495-8fc9ec846583"}
{"name":"worker","pid":844,"phase":"INSTALL_DEPENDENCIES","buildId":"114e576c-7b66-4c0b-b583-a312a68da540","source":"stderr","level":30,"msg":"npm http cache @react-native/assets-registry@https://registry.npmjs.org/@react-native/assets-registry/-/assets-registry-0.86.3.tgz 0ms (cache hit)","time":"2026-10-08T12:41:30.360Z","v":0,"logId":"01a11b88-75f8-78d1-a495-8fca8d42df02"}
{"name":"worker","pid":844,"phase":"INSTALL_DEPENDENCIES","buildId":"114e576c-7b66-4c0b-b583-a312a68da540","source":"stderr","level":30,"msg":"npm http cache @react-native-community/datetimepicker@https://registry.npmjs.org/@react-native-community/datetimepicker/-/datetimepicker-9.1.0.tgz 0ms (cache hit)","time":"2026-10-08T12:41:30.360Z","v":0,"logId":"01a11b88-75f8-78d1-a495-8fcb9425ba38"}
{"name":"worker","pid":844,"phase":"INSTALL_DEPENDENCIES","buildId":"114e576c-7b66-4c0b-b583-a312a68da540","source":"stderr","level":30,"msg":"npm http cache @react-native-async-storage/async-storage@https://registry.npmjs.org/@react-native-async-storage/async-storage/-/async-storage-2.2.0.tgz 0ms (cache hit)","time":"2026-10-08T12:41:30.360Z","v":0,"logId":"01a11b88-75f8-78d1-a495-8fccd006e8a9"}
{"name":"worker","pid":844,"phase":"INSTALL_DEPENDENCIES","buildId":"114e576c-7b66-4c0b-b583-a312a68da540","source":"stderr","level":30,"msg":"npm http cache @jridgewell/trace-mapping@https://registry.npmjs.org/@jridgewell/trace-mapping/-/trace-mapping-0.3.31.tgz 0ms (cache hit)","time":"2026-10-08T12:41:30.360Z","v":0,"logId":"01a11b88-75f8-78d1-a495-8fcd225d4e6d"}
{"name":"worker","pid":844,"phase":"INSTALL_DEPENDENCIES","buildId":"114e576c-7b66-4c0b-b583-a312a68da540","source":"stderr","level":30,"msg":"npm http cache @jridgewell/sourcemap-codec@https://registry.npmjs.org/@jridgewell/sourcemap-codec/-/sourcemap-codec-1.6.0.tgz 0ms (cache hit)","time":"2026-10-08T12:41:30.360Z","v":0,"logId":"01a11b88-75f8-78d1-a495-8fce359e0b2e"}
{"name":"worker","pid":844,"phase":"INSTALL_DEPENDENCIES","buildId":"114e576c-7b66-4c0b-b583-a312a68da540","source":"stderr","level":30,"msg":"npm http cache @jridgewell/resolve-uri@https://registry.npmjs.org/@jridgewell/resolve-uri/-/resolve-uri-3.1.2.tgz 0ms (cache hit)","time":"2026-10-08T12:41:30.360Z","v":0,"logId":"01a11b88-75f8-78d1-a495-8fcf11dff495"}
{"name":"worker","pid":844,"phase":"INSTALL_DEPENDENCIES","buildId":"114e576c-7b66-4c0b-b583-a312a68da540","source":"stderr","level":30,"msg":"npm http cache @jridgewell/remapping@https://registry.npmjs.org/@jridgewell/remapping/-/remapping-2.3.5.tgz 0ms (cache hit)","time":"2026-10-08T12:41:30.360Z","v":0,"logId":"01a11b88-75f8-78d1-a495-8fd0767b25b3"}
{"name":"worker","pid":844,"phase":"INSTALL_DEPENDENCIES","buildId":"114e576c-7b66-4c0b-b583-a312a68da540","source":"stderr","level":30,"msg":"npm http cache @jridgewell/gen-mapping@https://registry.npmjs.org/@jridgewell/gen-mapping/-/gen-mapping-0.3.13.tgz 0ms (cache hit)","time":"2026-10-08T12:41:30.360Z","v":0,"logId":"01a11b88-75f8-78d1-a495-8fd1f5a0e85e"}
{"name":"worker","pid":844,"phase":"INSTALL_DEPENDENCIES","buildId":"114e576c-7b66-4c0b-b583-a312a68da540","source":"stderr","level":30,"msg":"npm http cache @jest/schemas@https://registry.npmjs.org/@jest/schemas/-/schemas-29.6.3.tgz 0ms (cache hit)","time":"2026-10-08T12:41:30.360Z","v":0,"logId":"01a11b88-75f8-78d1-a495-8fd22802de56"}
{"name":"worker","pid":844,"phase":"INSTALL_DEPENDENCIES","buildId":"114e576c-7b66-4c0b-b583-a312a68da540","source":"stderr","level":30,"msg":"npm http cache @isaacs/ttlcache@https://registry.npmjs.org/@isaacs/ttlcache/-/ttlcache-1.4.1.tgz 0ms (cache hit)","time":"2026-10-08T12:41:30.360Z","v":0,"logId":"01a11b88-75f8-78d1-a495-8fd314bb8b25"}
{"name":"worker","pid":844,"phase":"INSTALL_DEPENDENCIES","buildId":"114e576c-7b66-4c0b-b583-a312a68da540","source":"stderr","level":30,"msg":"npm http cache @jest/types@https://registry.npmjs.org/@jest/types/-/types-29.6.3.tgz 0ms (cache hit)","time":"2026-10-08T12:41:30.360Z","v":0,"logId":"01a11b88-75f8-78d1-a495-8fd4f685163e"}
{"name":"worker","pid":844,"phase":"INSTALL_DEPENDENCIES","buildId":"114e576c-7b66-4c0b-b583-a312a68da540","source":"stderr","level":30,"msg":"npm http cache @expo/xcpretty@https://registry.npmjs.org/@expo/xcpretty/-/xcpretty-4.4.6.tgz 0ms (cache hit)","time":"2026-10-08T12:41:30.360Z","v":0,"logId":"01a11b88-75f8-78d1-a495-8fd5e5edbe5d"}
{"name":"worker","pid":844,"phase":"INSTALL_DEPENDENCIES","buildId":"114e576c-7b66-4c0b-b583-a312a68da540","source":"stderr","level":30,"msg":"npm http cache @expo/vector-icons@https://registry.npmjs.org/@expo/vector-icons/-/vector-icons-15.1.1.tgz 0ms (cache hit)","time":"2026-10-08T12:41:30.360Z","v":0,"logId":"01a11b88-75f8-78d1-a495-8fd6378a3d7a"}
{"name":"worker","pid":844,"phase":"INSTALL_DEPENDENCIES","buildId":"114e576c-7b66-4c0b-b583-a312a68da540","source":"stderr","level":30,"msg":"npm http cache @expo/sudo-prompt@https://registry.npmjs.org/@expo/sudo-prompt/-/sudo-prompt-9.3.2.tgz 0ms (cache hit)","time":"2026-10-08T12:41:30.360Z","v":0,"logId":"01a11b88-75f8-78d1-a495-8fd7b2ce0cc0"}
{"name":"worker","pid":844,"phase":"INSTALL_DEPENDENCIES","buildId":"114e576c-7b66-4c0b-b583-a312a68da540","source":"stderr","level":30,"msg":"npm http cache @jridgewell/source-map@https://registry.npmjs.org/@jridgewell/source-map/-/source-map-0.3.11.tgz 0ms (cache hit)","time":"2026-10-08T12:41:30.360Z","v":0,"logId":"01a11b88-75f8-78d1-a495-8fd872482993"}
{"name":"worker","pid":844,"phase":"INSTALL_DEPENDENCIES","buildId":"114e576c-7b66-4c0b-b583-a312a68da540","source":"stderr","level":30,"msg":"npm http cache @expo/spawn-async@https://registry.npmjs.org/@expo/spawn-async/-/spawn-async-1.8.0.tgz 0ms (cache hit)","time":"2026-10-08T12:41:30.360Z","v":0,"logId":"01a11b88-75f8-78d1-a495-8fd932554b7f"}
{"name":"worker","pid":844,"phase":"INSTALL_DEPENDENCIES","buildId":"114e576c-7b66-4c0b-b583-a312a68da540","source":"stderr","level":30,"msg":"npm http cache @expo/sdk-runtime-versions@https://registry.npmjs.org/@expo/sdk-runtime-versions/-/sdk-runtime-versions-1.0.1.tgz 0ms (cache hit)","time":"2026-10-08T12:41:30.360Z","v":0,"logId":"01a11b88-75f8-78d1-a495-8fda792a3067"}
{"name":"worker","pid":844,"phase":"INSTALL_DEPENDENCIES","buildId":"114e576c-7b66-4c0b-b583-a312a68da540","source":"stderr","level":30,"msg":"npm http cache @expo/schema-utils@https://registry.npmjs.org/@expo/schema-utils/-/schema-utils-57.0.2.tgz 0ms (cache hit)","time":"2026-10-08T12:41:30.360Z","v":0,"logId":"01a11b88-75f8-78d1-a495-8fdb8b72a2ae"}
{"name":"worker","pid":844,"phase":"INSTALL_DEPENDENCIES","buildId":"114e576c-7b66-4c0b-b583-a312a68da540","source":"stderr","level":30,"msg":"npm http cache @react-native/community-cli-plugin@https://registry.npmjs.org/@react-native/community-cli-plugin/-/community-cli-plugin-0.86.3.tgz 0ms (cache hit)","time":"2026-10-08T12:41:30.360Z","v":0,"logId":"01a11b88-75f8-78d1-a495-8fdc357eb6c0"}
{"name":"worker","pid":844,"phase":"INSTALL_DEPENDENCIES","buildId":"114e576c-7b66-4c0b-b583-a312a68da540","source":"stderr","level":30,"msg":"npm http cache @expo/prebuild-config@https://registry.npmjs.org/@expo/prebuild-config/-/prebuild-config-57.0.17.tgz 0ms (cache hit)","time":"2026-10-08T12:41:30.360Z","v":0,"logId":"01a11b88-75f8-78d1-a495-8fdd29a415a3"}
{"name":"worker","pid":844,"phase":"INSTALL_DEPENDENCIES","buildId":"114e576c-7b66-4c0b-b583-a312a68da540","source":"stderr","level":30,"msg":"npm http cache @expo/plist@https://registry.npmjs.org/@expo/plist/-/plist-0.8.1.tgz 0ms (cache hit)","time":"2026-10-08T12:41:30.360Z","v":0,"logId":"01a11b88-75f8-78d1-a495-8fde0cb7d507"}
{"name":"worker","pid":844,"phase":"INSTALL_DEPENDENCIES","buildId":"114e576c-7b66-4c0b-b583-a312a68da540","source":"stderr","level":30,"msg":"npm http cache @expo/require-utils@https://registry.npmjs.org/@expo/require-utils/-/require-utils-57.0.6.tgz 0ms (cache hit)","time":"2026-10-08T12:41:30.360Z","v":0,"logId":"01a11b88-75f8-78d1-a495-8fdf08a01143"}
{"name":"worker","pid":844,"phase":"INSTALL_DEPENDENCIES","buildId":"114e576c-7b66-4c0b-b583-a312a68da540","source":"stderr","level":30,"msg":"npm http cache @expo/package-manager@https://registry.npmjs.org/@expo/package-manager/-/package-manager-1.13.1.tgz 0ms (cache hit)","time":"2026-10-08T12:41:30.360Z","v":0,"logId":"01a11b88-75f8-78d1-a495-8fe08b803476"}
{"name":"worker","pid":844,"phase":"INSTALL_DEPENDENCIES","buildId":"114e576c-7b66-4c0b-b583-a312a68da540","source":"stderr","level":30,"msg":"npm http cache @expo/osascript@https://registry.npmjs.org/@expo/osascript/-/osascript-2.7.1.tgz 0ms (cache hit)","time":"2026-10-08T12:41:30.360Z","v":0,"logId":"01a11b88-75f8-78d1-a495-8fe1f523d177"}
{"name":"worker","pid":844,"phase":"INSTALL_DEPENDENCIES","buildId":"114e576c-7b66-4c0b-b583-a312a68da540","source":"stderr","level":30,"msg":"npm http cache @expo/metro-file-map@https://registry.npmjs.org/@expo/metro-file-map/-/metro-file-map-57.0.4.tgz 0ms (cache hit)","time":"2026-10-08T12:41:30.360Z","v":0,"logId":"01a11b88-75f8-78d1-a495-8fe2abb31ec3"}
{"name":"worker","pid":844,"phase":"INSTALL_DEPENDENCIES","buildId":"114e576c-7b66-4c0b-b583-a312a68da540","source":"stderr","level":30,"msg":"npm http cache @expo/local-build-cache-provider@https://registry.npmjs.org/@expo/local-build-cache-provider/-/local-build-cache-provider-57.0.8.tgz 0ms (cache hit)","time":"2026-10-08T12:41:30.360Z","v":0,"logId":"01a11b88-75f9-7692-beda-87bb0a4000cd"}
{"name":"worker","pid":844,"phase":"INSTALL_DEPENDENCIES","buildId":"114e576c-7b66-4c0b-b583-a312a68da540","source":"stderr","level":30,"msg":"npm http cache @expo/metro@https://registry.npmjs.org/@expo/metro/-/metro-56.0.2.tgz 0ms (cache hit)","time":"2026-10-08T12:41:30.361Z","v":0,"logId":"01a11b88-75f9-7692-beda-87bc27542786"}
{"name":"worker","pid":844,"phase":"INSTALL_DEPENDENCIES","buildId":"114e576c-7b66-4c0b-b583-a312a68da540","source":"stderr","level":30,"msg":"npm http cache @expo/json-file@https://registry.npmjs.org/@expo/json-file/-/json-file-11.0.1.tgz 0ms (cache hit)","time":"2026-10-08T12:41:30.361Z","v":0,"logId":"01a11b88-75f9-7692-beda-87bdc1fe8a38"}
{"name":"worker","pid":844,"phase":"INSTALL_DEPENDENCIES","buildId":"114e576c-7b66-4c0b-b583-a312a68da540","source":"stderr","level":30,"msg":"npm http cache @expo/inline-modules@https://registry.npmjs.org/@expo/inline-modules/-/inline-modules-0.1.7.tgz 0ms (cache hit)","time":"2026-10-08T12:41:30.361Z","v":0,"logId":"01a11b88-75f9-7692-beda-87bebe89b426"}
{"name":"worker","pid":844,"phase":"INSTALL_DEPENDENCIES","buildId":"114e576c-7b66-4c0b-b583-a312a68da540","source":"stderr","level":30,"msg":"npm http cache @expo/image-utils@https://registry.npmjs.org/@expo/image-utils/-/image-utils-0.11.6.tgz 0ms (cache hit)","time":"2026-10-08T12:41:30.361Z","v":0,"logId":"01a11b88-75f9-7692-beda-87bf96071f55"}
{"name":"worker","pid":844,"phase":"INSTALL_DEPENDENCIES","buildId":"114e576c-7b66-4c0b-b583-a312a68da540","source":"stderr","level":30,"msg":"npm http cache @expo/fingerprint@https://registry.npmjs.org/@expo/fingerprint/-/fingerprint-0.20.13.tgz 0ms (cache hit)","time":"2026-10-08T12:41:30.361Z","v":0,"logId":"01a11b88-75f9-7692-beda-87c0601f1560"}
{"name":"worker","pid":844,"phase":"INSTALL_DEPENDENCIES","buildId":"114e576c-7b66-4c0b-b583-a312a68da540","source":"stderr","level":30,"msg":"npm http cache @expo/expo-modules-macros-plugin@https://registry.npmjs.org/@expo/expo-modules-macros-plugin/-/expo-modules-macros-plugin-0.6.1.tgz 0ms (cache hit)","time":"2026-10-08T12:41:30.361Z","v":0,"logId":"01a11b88-75f9-7692-beda-87c116db4f9b"}
{"name":"worker","pid":844,"phase":"INSTALL_DEPENDENCIES","buildId":"114e576c-7b66-4c0b-b583-a312a68da540","source":"stderr","level":30,"msg":"npm http cache @expo/env@https://registry.npmjs.org/@expo/env/-/env-2.4.3.tgz 0ms (cache hit)","time":"2026-10-08T12:41:30.361Z","v":0,"logId":"01a11b88-75f9-7692-beda-87c2733e7cca"}
{"name":"worker","pid":844,"phase":"INSTALL_DEPENDENCIES","buildId":"114e576c-7b66-4c0b-b583-a312a68da540","source":"stderr","level":30,"msg":"npm http cache @expo/devtools@https://registry.npmjs.org/@expo/devtools/-/devtools-57.0.1.tgz 0ms (cache hit)","time":"2026-10-08T12:41:30.361Z","v":0,"logId":"01a11b88-75f9-7692-beda-87c3220c7cee"}
{"name":"worker","pid":844,"phase":"INSTALL_DEPENDENCIES","buildId":"114e576c-7b66-4c0b-b583-a312a68da540","source":"stderr","level":30,"msg":"npm http cache @expo/devcert@https://registry.npmjs.org/@expo/devcert/-/devcert-1.2.2.tgz 0ms (cache hit)","time":"2026-10-08T12:41:30.361Z","v":0,"logId":"01a11b88-75f9-7692-beda-87c41475220c"}
{"name":"worker","pid":844,"phase":"INSTALL_DEPENDENCIES","buildId":"114e576c-7b66-4c0b-b583-a312a68da540","source":"stderr","level":30,"msg":"npm http cache @expo/config-types@https://registry.npmjs.org/@expo/config-types/-/config-types-57.0.2.tgz 0ms (cache hit)","time":"2026-10-08T12:41:30.361Z","v":0,"logId":"01a11b88-75f9-7692-beda-87c5371c5ff0"}
{"name":"worker","pid":844,"phase":"INSTALL_DEPENDENCIES","buildId":"114e576c-7b66-4c0b-b583-a312a68da540","source":"stderr","level":30,"msg":"npm http cache @expo/config-plugins@https://registry.npmjs.org/@expo/config-plugins/-/config-plugins-57.0.10.tgz 0ms (cache hit)","time":"2026-10-08T12:41:30.361Z","v":0,"logId":"01a11b88-75f9-7692-beda-87c69881bf47"}
{"name":"worker","pid":844,"phase":"INSTALL_DEPENDENCIES","buildId":"114e576c-7b66-4c0b-b583-a312a68da540","source":"stderr","level":30,"msg":"npm http cache @expo/config@https://registry.npmjs.org/@expo/config/-/config-57.0.10.tgz 0ms (cache hit)","time":"2026-10-08T12:41:30.361Z","v":0,"logId":"01a11b88-75f9-7692-beda-87c75f9db862"}
{"name":"worker","pid":844,"phase":"INSTALL_DEPENDENCIES","buildId":"114e576c-7b66-4c0b-b583-a312a68da540","source":"stderr","level":30,"msg":"npm http cache @expo/code-signing-certificates@https://registry.npmjs.org/@expo/code-signing-certificates/-/code-signing-certificates-0.0.6.tgz 0ms (cache hit)","time":"2026-10-08T12:41:30.361Z","v":0,"logId":"01a11b88-75f9-7692-beda-87c807817a78"}
{"name":"worker","pid":844,"phase":"INSTALL_DEPENDENCIES","buildId":"114e576c-7b66-4c0b-b583-a312a68da540","source":"stderr","level":30,"msg":"npm http cache @babel/types@https://registry.npmjs.org/@babel/types/-/types-7.29.8.tgz 0ms (cache hit)","time":"2026-10-08T12:41:30.361Z","v":0,"logId":"01a11b88-75f9-7692-beda-87c910da27e5"}
{"name":"worker","pid":844,"phase":"INSTALL_DEPENDENCIES","buildId":"114e576c-7b66-4c0b-b583-a312a68da540","source":"stderr","level":30,"msg":"npm http cache @babel/template@https://registry.npmjs.org/@babel/template/-/template-7.29.7.tgz 0ms (cache hit)","time":"2026-10-08T12:41:30.361Z","v":0,"logId":"01a11b88-75f9-7692-beda-87cad20eb356"}
{"name":"worker","pid":844,"phase":"INSTALL_DEPENDENCIES","buildId":"114e576c-7b66-4c0b-b583-a312a68da540","source":"stderr","level":30,"msg":"npm http cache @babel/traverse@https://registry.npmjs.org/@babel/traverse/-/traverse-7.29.8.tgz 0ms (cache hit)","time":"2026-10-08T12:41:30.361Z","v":0,"logId":"01a11b88-75f9-7692-beda-87cbcf1ca52a"}
{"name":"worker","pid":844,"phase":"INSTALL_DEPENDENCIES","buildId":"114e576c-7b66-4c0b-b583-a312a68da540","source":"stderr","level":30,"msg":"npm http cache @babel/preset-typescript@https://registry.npmjs.org/@babel/preset-typescript/-/preset-typescript-7.29.7.tgz 0ms (cache hit)","time":"2026-10-08T12:41:30.361Z","v":0,"logId":"01a11b88-75f9-7692-beda-87cc97c99f47"}
{"name":"worker","pid":844,"phase":"INSTALL_DEPENDENCIES","buildId":"114e576c-7b66-4c0b-b583-a312a68da540","source":"stderr","level":30,"msg":"npm http cache @babel/runtime@https://registry.npmjs.org/@babel/runtime/-/runtime-7.29.7.tgz 0ms (cache hit)","time":"2026-10-08T12:41:30.361Z","v":0,"logId":"01a11b88-75f9-7692-beda-87cdb2190d71"}
{"name":"worker","pid":844,"phase":"INSTALL_DEPENDENCIES","buildId":"114e576c-7b66-4c0b-b583-a312a68da540","source":"stderr","level":30,"msg":"npm http cache @react-native/babel-plugin-codegen@https://registry.npmjs.org/@react-native/babel-plugin-codegen/-/babel-plugin-codegen-0.86.3.tgz 0ms (cache hit)","time":"2026-10-08T12:41:30.361Z","v":0,"logId":"01a11b88-75f9-7692-beda-87ce961f8873"}
{"name":"worker","pid":844,"phase":"INSTALL_DEPENDENCIES","buildId":"114e576c-7b66-4c0b-b583-a312a68da540","source":"stderr","level":30,"msg":"npm http cache @babel/plugin-transform-typescript@https://registry.npmjs.org/@babel/plugin-transform-typescript/-/plugin-transform-typescript-7.29.7.tgz 0ms (cache hit)","time":"2026-10-08T12:41:30.361Z","v":0,"logId":"01a11b88-75f9-7692-beda-87cf30629cf6"}
{"name":"worker","pid":844,"phase":"INSTALL_DEPENDENCIES","buildId":"114e576c-7b66-4c0b-b583-a312a68da540","source":"stderr","level":30,"msg":"npm http cache @babel/plugin-transform-unicode-regex@https://registry.npmjs.org/@babel/plugin-transform-unicode-regex/-/plugin-transform-unicode-regex-7.29.7.tgz 0ms (cache hit)","time":"2026-10-08T12:41:30.361Z","v":0,"logId":"01a11b88-75f9-7692-beda-87d06d7a87f3"}
{"name":"worker","pid":844,"phase":"INSTALL_DEPENDENCIES","buildId":"114e576c-7b66-4c0b-b583-a312a68da540","source":"stderr","level":30,"msg":"npm http cache @babel/plugin-transform-react-pure-annotations@https://registry.npmjs.org/@babel/plugin-transform-react-pure-annotations/-/plugin-transform-react-pure-annotations-7.29.7.tgz 0ms (cache hit)","time":"2026-10-08T12:41:30.361Z","v":0,"logId":"01a11b88-75f9-7692-beda-87d1234a8234"}
{"name":"worker","pid":844,"phase":"INSTALL_DEPENDENCIES","buildId":"114e576c-7b66-4c0b-b583-a312a68da540","source":"stderr","level":30,"msg":"npm http cache @babel/plugin-transform-runtime@https://registry.npmjs.org/@babel/plugin-transform-runtime/-/plugin-transform-runtime-7.29.7.tgz 0ms (cache hit)","time":"2026-10-08T12:41:30.361Z","v":0,"logId":"01a11b88-75f9-7692-beda-87d28a8dbfdb"}
{"name":"worker","pid":844,"phase":"INSTALL_DEPENDENCIES","buildId":"114e576c-7b66-4c0b-b583-a312a68da540","source":"stderr","level":30,"msg":"npm http cache @babel/plugin-transform-react-jsx-development@https://registry.npmjs.org/@babel/plugin-transform-react-jsx-development/-/plugin-transform-react-jsx-development-7.29.7.tgz 0ms (cache hit)","time":"2026-10-08T12:41:30.361Z","v":0,"logId":"01a11b88-75f9-7692-beda-87d3f1bdffe1"}
{"name":"worker","pid":844,"phase":"INSTALL_DEPENDENCIES","buildId":"114e576c-7b66-4c0b-b583-a312a68da540","source":"stderr","level":30,"msg":"npm http cache @babel/plugin-transform-react-jsx@https://registry.npmjs.org/@babel/plugin-transform-react-jsx/-/plugin-transform-react-jsx-7.29.7.tgz 0ms (cache hit)","time":"2026-10-08T12:41:30.361Z","v":0,"logId":"01a11b88-75f9-7692-beda-87d4c88fa2e3"}
{"name":"worker","pid":844,"phase":"INSTALL_DEPENDENCIES","buildId":"114e576c-7b66-4c0b-b583-a312a68da540","source":"stderr","level":30,"msg":"npm http cache @babel/plugin-transform-private-property-in-object@https://registry.npmjs.org/@babel/plugin-transform-private-property-in-object/-/plugin-transform-private-property-in-object-7.29.7.tgz 0ms (cache hit)","time":"2026-10-08T12:41:30.361Z","v":0,"logId":"01a11b88-75f9-7692-beda-87d58cb81135"}
{"name":"worker","pid":844,"phase":"INSTALL_DEPENDENCIES","buildId":"114e576c-7b66-4c0b-b583-a312a68da540","source":"stderr","level":30,"msg":"npm http cache @babel/plugin-transform-private-methods@https://registry.npmjs.org/@babel/plugin-transform-private-methods/-/plugin-transform-private-methods-7.29.7.tgz 0ms (cache hit)","time":"2026-10-08T12:41:30.361Z","v":0,"logId":"01a11b88-75f9-7692-beda-87d633f464b6"}
{"name":"worker","pid":844,"phase":"INSTALL_DEPENDENCIES","buildId":"114e576c-7b66-4c0b-b583-a312a68da540","source":"stderr","level":30,"msg":"npm http cache @babel/plugin-transform-react-display-name@https://registry.npmjs.org/@babel/plugin-transform-react-display-name/-/plugin-transform-react-display-name-7.29.7.tgz 0ms (cache hit)","time":"2026-10-08T12:41:30.361Z","v":0,"logId":"01a11b88-75f9-7692-beda-87d75b7899cd"}
{"name":"worker","pid":844,"phase":"INSTALL_DEPENDENCIES","buildId":"114e576c-7b66-4c0b-b583-a312a68da540","source":"stderr","level":30,"msg":"npm http cache @babel/plugin-transform-parameters@https://registry.npmjs.org/@babel/plugin-transform-parameters/-/plugin-transform-parameters-7.29.7.tgz 0ms (cache hit)","time":"2026-10-08T12:41:30.362Z","v":0,"logId":"01a11b88-75fa-7761-9dee-67aa36b14412"}
{"name":"worker","pid":844,"phase":"INSTALL_DEPENDENCIES","buildId":"114e576c-7b66-4c0b-b583-a312a68da540","source":"stderr","level":30,"msg":"npm http cache @babel/plugin-transform-optional-chaining@https://registry.npmjs.org/@babel/plugin-transform-optional-chaining/-/plugin-transform-optional-chaining-7.29.7.tgz 0ms (cache hit)","time":"2026-10-08T12:41:30.362Z","v":0,"logId":"01a11b88-75fa-7761-9dee-67ab95aa39b1"}
{"name":"worker","pid":844,"phase":"INSTALL_DEPENDENCIES","buildId":"114e576c-7b66-4c0b-b583-a312a68da540","source":"stderr","level":30,"msg":"npm http cache @babel/plugin-transform-optional-catch-binding@https://registry.npmjs.org/@babel/plugin-transform-optional-catch-binding/-/plugin-transform-optional-catch-binding-7.29.7.tgz 0ms (cache hit)","time":"2026-10-08T12:41:30.362Z","v":0,"logId":"01a11b88-75fa-7761-9dee-67acdd66d53a"}
{"name":"worker","pid":844,"phase":"INSTALL_DEPENDENCIES","buildId":"114e576c-7b66-4c0b-b583-a312a68da540","source":"stderr","level":30,"msg":"npm http cache @babel/plugin-transform-nullish-coalescing-operator@https://registry.npmjs.org/@babel/plugin-transform-nullish-coalescing-operator/-/plugin-transform-nullish-coalescing-operator-7.29.7.tgz 0ms (cache hit)","time":"2026-10-08T12:41:30.362Z","v":0,"logId":"01a11b88-75fa-7761-9dee-67ada0cd0b04"}
{"name":"worker","pid":844,"phase":"INSTALL_DEPENDENCIES","buildId":"114e576c-7b66-4c0b-b583-a312a68da540","source":"stderr","level":30,"msg":"npm http cache @babel/plugin-transform-object-rest-spread@https://registry.npmjs.org/@babel/plugin-transform-object-rest-spread/-/plugin-transform-object-rest-spread-7.29.7.tgz 0ms (cache hit)","time":"2026-10-08T12:41:30.362Z","v":0,"logId":"01a11b88-75fa-7761-9dee-67aef75b7054"}
{"name":"worker","pid":844,"phase":"INSTALL_DEPENDENCIES","buildId":"114e576c-7b66-4c0b-b583-a312a68da540","source":"stderr","level":30,"msg":"npm http cache @babel/plugin-transform-named-capturing-groups-regex@https://registry.npmjs.org/@babel/plugin-transform-named-capturing-groups-regex/-/plugin-transform-named-capturing-groups-regex-7.29.7.tgz 0ms (cache hit)","time":"2026-10-08T12:41:30.362Z","v":0,"logId":"01a11b88-75fa-7761-9dee-67af10fb68f1"}
{"name":"worker","pid":844,"phase":"INSTALL_DEPENDENCIES","buildId":"114e576c-7b66-4c0b-b583-a312a68da540","source":"stderr","level":30,"msg":"npm http cache @babel/plugin-transform-logical-assignment-operators@https://registry.npmjs.org/@babel/plugin-transform-logical-assignment-operators/-/plugin-transform-logical-assignment-operators-7.29.7.tgz 0ms (cache hit)","time":"2026-10-08T12:41:30.362Z","v":0,"logId":"01a11b88-75fa-7761-9dee-67b00e1ae5ff"}
{"name":"worker","pid":844,"phase":"INSTALL_DEPENDENCIES","buildId":"114e576c-7b66-4c0b-b583-a312a68da540","source":"stderr","level":30,"msg":"npm http cache @babel/plugin-transform-modules-commonjs@https://registry.npmjs.org/@babel/plugin-transform-modules-commonjs/-/plugin-transform-modules-commonjs-7.29.7.tgz 0ms (cache hit)","time":"2026-10-08T12:41:30.362Z","v":0,"logId":"01a11b88-75fa-7761-9dee-67b173c29ab8"}
{"name":"worker","pid":844,"phase":"INSTALL_DEPENDENCIES","buildId":"114e576c-7b66-4c0b-b583-a312a68da540","source":"stderr","level":30,"msg":"npm http cache @babel/plugin-transform-for-of@https://registry.npmjs.org/@babel/plugin-transform-for-of/-/plugin-transform-for-of-7.29.7.tgz 0ms (cache hit)","time":"2026-10-08T12:41:30.362Z","v":0,"logId":"01a11b88-75fa-7761-9dee-67b2f89023f9"}
{"name":"worker","pid":844,"phase":"INSTALL_DEPENDENCIES","buildId":"114e576c-7b66-4c0b-b583-a312a68da540","source":"stderr","level":30,"msg":"npm http cache @babel/plugin-transform-flow-strip-types@https://registry.npmjs.org/@babel/plugin-transform-flow-strip-types/-/plugin-transform-flow-strip-types-7.29.7.tgz 0ms (cache hit)","time":"2026-10-08T12:41:30.362Z","v":0,"logId":"01a11b88-75fa-7761-9dee-67b36366b49c"}
{"name":"worker","pid":844,"phase":"INSTALL_DEPENDENCIES","buildId":"114e576c-7b66-4c0b-b583-a312a68da540","source":"stderr","level":30,"msg":"npm http cache @babel/plugin-transform-export-namespace-from@https://registry.npmjs.org/@babel/plugin-transform-export-namespace-from/-/plugin-transform-export-namespace-from-7.29.7.tgz 0ms (cache hit)","time":"2026-10-08T12:41:30.362Z","v":0,"logId":"01a11b88-75fa-7761-9dee-67b4f85a9f6f"}
{"name":"worker","pid":844,"phase":"INSTALL_DEPENDENCIES","buildId":"114e576c-7b66-4c0b-b583-a312a68da540","source":"stderr","level":30,"msg":"npm http cache @babel/plugin-transform-destructuring@https://registry.npmjs.org/@babel/plugin-transform-destructuring/-/plugin-transform-destructuring-7.29.7.tgz 0ms (cache hit)","time":"2026-10-08T12:41:30.362Z","v":0,"logId":"01a11b88-75fa-7761-9dee-67b5c85771a9"}
{"name":"worker","pid":844,"phase":"INSTALL_DEPENDENCIES","buildId":"114e576c-7b66-4c0b-b583-a312a68da540","source":"stderr","level":30,"msg":"npm http cache @babel/plugin-transform-classes@https://registry.npmjs.org/@babel/plugin-transform-classes/-/plugin-transform-classes-7.29.7.tgz 0ms (cache hit)","time":"2026-10-08T12:41:30.362Z","v":0,"logId":"01a11b88-75fa-7761-9dee-67b6a8537ccd"}
{"name":"worker","pid":844,"phase":"INSTALL_DEPENDENCIES","buildId":"114e576c-7b66-4c0b-b583-a312a68da540","source":"stderr","level":30,"msg":"npm http cache @babel/plugin-transform-class-static-block@https://registry.npmjs.org/@babel/plugin-transform-class-static-block/-/plugin-transform-class-static-block-7.29.7.tgz 0ms (cache hit)","time":"2026-10-08T12:41:30.362Z","v":0,"logId":"01a11b88-75fa-7761-9dee-67b75bdb8edb"}
{"name":"worker","pid":844,"phase":"INSTALL_DEPENDENCIES","buildId":"114e576c-7b66-4c0b-b583-a312a68da540","source":"stderr","level":30,"msg":"npm http cache @babel/plugin-transform-block-scoping@https://registry.npmjs.org/@babel/plugin-transform-block-scoping/-/plugin-transform-block-scoping-7.29.7.tgz 0ms (cache hit)","time":"2026-10-08T12:41:30.362Z","v":0,"logId":"01a11b88-75fa-7761-9dee-67b8145ae365"}
{"name":"worker","pid":844,"phase":"INSTALL_DEPENDENCIES","buildId":"114e576c-7b66-4c0b-b583-a312a68da540","source":"stderr","level":30,"msg":"npm http cache @babel/plugin-transform-async-to-generator@https://registry.npmjs.org/@babel/plugin-transform-async-to-generator/-/plugin-transform-async-to-generator-7.29.7.tgz 0ms (cache hit)","time":"2026-10-08T12:41:30.362Z","v":0,"logId":"01a11b88-75fa-7761-9dee-67b9c7338512"}
{"name":"worker","pid":844,"phase":"INSTALL_DEPENDENCIES","buildId":"114e576c-7b66-4c0b-b583-a312a68da540","source":"stderr","level":30,"msg":"npm http cache @babel/plugin-transform-class-properties@https://registry.npmjs.org/@babel/plugin-transform-class-properties/-/plugin-transform-class-properties-7.29.7.tgz 0ms (cache hit)","time":"2026-10-08T12:41:30.362Z","v":0,"logId":"01a11b88-75fa-7761-9dee-67ba62edae9f"}
{"name":"worker","pid":844,"phase":"INSTALL_DEPENDENCIES","buildId":"114e576c-7b66-4c0b-b583-a312a68da540","source":"stderr","level":30,"msg":"npm http cache @babel/plugin-transform-async-generator-functions@https://registry.npmjs.org/@babel/plugin-transform-async-generator-functions/-/plugin-transform-async-generator-functions-7.29.7.tgz 0ms (cache hit)","time":"2026-10-08T12:41:30.362Z","v":0,"logId":"01a11b88-75fa-7761-9dee-67bb5d7ef68a"}
{"name":"worker","pid":844,"phase":"INSTALL_DEPENDENCIES","buildId":"114e576c-7b66-4c0b-b583-a312a68da540","source":"stderr","level":30,"msg":"npm http cache @babel/plugin-syntax-typescript@https://registry.npmjs.org/@babel/plugin-syntax-typescript/-/plugin-syntax-typescript-7.29.7.tgz 0ms (cache hit)","time":"2026-10-08T12:41:30.362Z","v":0,"logId":"01a11b88-75fa-7761-9dee-67bcb02dc80e"}
{"name":"worker","pid":844,"phase":"INSTALL_DEPENDENCIES","buildId":"114e576c-7b66-4c0b-b583-a312a68da540","source":"stderr","level":30,"msg":"npm http cache @babel/plugin-syntax-optional-chaining@https://registry.npmjs.org/@babel/plugin-syntax-optional-chaining/-/plugin-syntax-optional-chaining-7.8.3.tgz 0ms (cache hit)","time":"2026-10-08T12:41:30.362Z","v":0,"logId":"01a11b88-75fa-7761-9dee-67bd1b6e4f1b"}
{"name":"worker","pid":844,"phase":"INSTALL_DEPENDENCIES","buildId":"114e576c-7b66-4c0b-b583-a312a68da540","source":"stderr","level":30,"msg":"npm http cache @babel/plugin-syntax-nullish-coalescing-operator@https://registry.npmjs.org/@babel/plugin-syntax-nullish-coalescing-operator/-/plugin-syntax-nullish-coalescing-operator-7.8.3.tgz 0ms (cache hit)","time":"2026-10-08T12:41:30.362Z","v":0,"logId":"01a11b88-75fa-7761-9dee-67be41bed3cd"}
{"name":"worker","pid":844,"phase":"INSTALL_DEPENDENCIES","buildId":"114e576c-7b66-4c0b-b583-a312a68da540","source":"stderr","level":30,"msg":"npm http cache @babel/plugin-syntax-jsx@https://registry.npmjs.org/@babel/plugin-syntax-jsx/-/plugin-syntax-jsx-7.29.7.tgz 0ms (cache hit)","time":"2026-10-08T12:41:30.362Z","v":0,"logId":"01a11b88-75fa-7761-9dee-67bf0f8c7a5c"}
{"name":"worker","pid":844,"phase":"INSTALL_DEPENDENCIES","buildId":"114e576c-7b66-4c0b-b583-a312a68da540","source":"stderr","level":30,"msg":"npm http cache @babel/plugin-syntax-flow@https://registry.npmjs.org/@babel/plugin-syntax-flow/-/plugin-syntax-flow-7.29.7.tgz 0ms (cache hit)","time":"2026-10-08T12:41:30.362Z","v":0,"logId":"01a11b88-75fa-7761-9dee-67c0dbe7fee4"}
{"name":"worker","pid":844,"phase":"INSTALL_DEPENDENCIES","buildId":"114e576c-7b66-4c0b-b583-a312a68da540","source":"stderr","level":30,"msg":"npm http cache @babel/plugin-syntax-export-default-from@https://registry.npmjs.org/@babel/plugin-syntax-export-default-from/-/plugin-syntax-export-default-from-7.29.7.tgz 0ms (cache hit)","time":"2026-10-08T12:41:30.362Z","v":0,"logId":"01a11b88-75fa-7761-9dee-67c16f6148b6"}
{"name":"worker","pid":844,"phase":"INSTALL_DEPENDENCIES","buildId":"114e576c-7b66-4c0b-b583-a312a68da540","source":"stderr","level":30,"msg":"npm http cache @babel/plugin-syntax-decorators@https://registry.npmjs.org/@babel/plugin-syntax-decorators/-/plugin-syntax-decorators-7.29.7.tgz 0ms (cache hit)","time":"2026-10-08T12:41:30.362Z","v":0,"logId":"01a11b88-75fa-7761-9dee-67c2b0015c44"}
{"name":"worker","pid":844,"phase":"INSTALL_DEPENDENCIES","buildId":"114e576c-7b66-4c0b-b583-a312a68da540","source":"stderr","level":30,"msg":"npm http cache @babel/plugin-proposal-export-default-from@https://registry.npmjs.org/@babel/plugin-proposal-export-default-from/-/plugin-proposal-export-default-from-7.29.7.tgz 0ms (cache hit)","time":"2026-10-08T12:41:30.362Z","v":0,"logId":"01a11b88-75fa-7761-9dee-67c315152c33"}
{"name":"worker","pid":844,"phase":"INSTALL_DEPENDENCIES","buildId":"114e576c-7b66-4c0b-b583-a312a68da540","source":"stderr","level":30,"msg":"npm http cache @babel/plugin-proposal-decorators@https://registry.npmjs.org/@babel/plugin-proposal-decorators/-/plugin-proposal-decorators-7.29.7.tgz 0ms (cache hit)","time":"2026-10-08T12:41:30.362Z","v":0,"logId":"01a11b88-75fa-7761-9dee-67c43e9a2150"}
{"name":"worker","pid":844,"phase":"INSTALL_DEPENDENCIES","buildId":"114e576c-7b66-4c0b-b583-a312a68da540","source":"stderr","level":30,"msg":"npm http cache @babel/helpers@https://registry.npmjs.org/@babel/helpers/-/helpers-7.29.7.tgz 0ms (cache hit)","time":"2026-10-08T12:41:30.362Z","v":0,"logId":"01a11b88-75fa-7761-9dee-67c58c7cc03c"}
{"name":"worker","pid":844,"phase":"INSTALL_DEPENDENCIES","buildId":"114e576c-7b66-4c0b-b583-a312a68da540","source":"stderr","level":30,"msg":"npm http cache @babel/plugin-syntax-dynamic-import@https://registry.npmjs.org/@babel/plugin-syntax-dynamic-import/-/plugin-syntax-dynamic-import-7.8.3.tgz 0ms (cache hit)","time":"2026-10-08T12:41:30.362Z","v":0,"logId":"01a11b88-75fa-7761-9dee-67c6e0649b36"}
{"name":"worker","pid":844,"phase":"INSTALL_DEPENDENCIES","buildId":"114e576c-7b66-4c0b-b583-a312a68da540","source":"stderr","level":30,"msg":"npm http cache @babel/helper-wrap-function@https://registry.npmjs.org/@babel/helper-wrap-function/-/helper-wrap-function-7.29.7.tgz 0ms (cache hit)","time":"2026-10-08T12:41:30.362Z","v":0,"logId":"01a11b88-75fa-7761-9dee-67c7e6b65cfb"}
{"name":"worker","pid":844,"phase":"INSTALL_DEPENDENCIES","buildId":"114e576c-7b66-4c0b-b583-a312a68da540","source":"stderr","level":30,"msg":"npm http cache @babel/helper-validator-option@https://registry.npmjs.org/@babel/helper-validator-option/-/helper-validator-option-7.29.7.tgz 0ms (cache hit)","time":"2026-10-08T12:41:30.362Z","v":0,"logId":"01a11b88-75fa-7761-9dee-67c83be05bff"}
{"name":"worker","pid":844,"phase":"INSTALL_DEPENDENCIES","buildId":"114e576c-7b66-4c0b-b583-a312a68da540","source":"stderr","level":30,"msg":"npm http cache @babel/helper-string-parser@https://registry.npmjs.org/@babel/helper-string-parser/-/helper-string-parser-7.29.7.tgz 0ms (cache hit)","time":"2026-10-08T12:41:30.362Z","v":0,"logId":"01a11b88-75fa-7761-9dee-67c95f204db8"}
{"name":"worker","pid":844,"phase":"INSTALL_DEPENDENCIES","buildId":"114e576c-7b66-4c0b-b583-a312a68da540","source":"stderr","level":30,"msg":"npm http cache @babel/helper-skip-transparent-expression-wrappers@https://registry.npmjs.org/@babel/helper-skip-transparent-expression-wrappers/-/helper-skip-transparent-expression-wrappers-7.29.7.tgz 0ms (cache hit)","time":"2026-10-08T12:41:30.362Z","v":0,"logId":"01a11b88-75fa-7761-9dee-67ca77071970"}
{"name":"worker","pid":844,"phase":"INSTALL_DEPENDENCIES","buildId":"114e576c-7b66-4c0b-b583-a312a68da540","source":"stderr","level":30,"msg":"npm http cache @babel/helper-replace-supers@https://registry.npmjs.org/@babel/helper-replace-supers/-/helper-replace-supers-7.29.7.tgz 0ms (cache hit)","time":"2026-10-08T12:41:30.362Z","v":0,"logId":"01a11b88-75fa-7761-9dee-67cb2fa46b17"}
{"name":"worker","pid":844,"phase":"INSTALL_DEPENDENCIES","buildId":"114e576c-7b66-4c0b-b583-a312a68da540","source":"stderr","level":30,"msg":"npm http cache @babel/helper-validator-identifier@https://registry.npmjs.org/@babel/helper-validator-identifier/-/helper-validator-identifier-7.29.7.tgz 0ms (cache hit)","time":"2026-10-08T12:41:30.363Z","v":0,"logId":"01a11b88-75fb-7849-bf15-b7c8601fe915"}
{"name":"worker","pid":844,"phase":"INSTALL_DEPENDENCIES","buildId":"114e576c-7b66-4c0b-b583-a312a68da540","source":"stderr","level":30,"msg":"npm http cache @babel/helper-remap-async-to-generator@https://registry.npmjs.org/@babel/helper-remap-async-to-generator/-/helper-remap-async-to-generator-7.29.7.tgz 0ms (cache hit)","time":"2026-10-08T12:41:30.363Z","v":0,"logId":"01a11b88-75fb-7849-bf15-b7c951d44ef9"}
{"name":"worker","pid":844,"phase":"INSTALL_DEPENDENCIES","buildId":"114e576c-7b66-4c0b-b583-a312a68da540","source":"stderr","level":30,"msg":"npm http cache @babel/helper-plugin-utils@https://registry.npmjs.org/@babel/helper-plugin-utils/-/helper-plugin-utils-7.29.7.tgz 0ms (cache hit)","time":"2026-10-08T12:41:30.363Z","v":0,"logId":"01a11b88-75fb-7849-bf15-b7caa4f358a0"}
{"name":"worker","pid":844,"phase":"INSTALL_DEPENDENCIES","buildId":"114e576c-7b66-4c0b-b583-a312a68da540","source":"stderr","level":30,"msg":"npm http cache @babel/helper-optimise-call-expression@https://registry.npmjs.org/@babel/helper-optimise-call-expression/-/helper-optimise-call-expression-7.29.7.tgz 0ms (cache hit)","time":"2026-10-08T12:41:30.363Z","v":0,"logId":"01a11b88-75fb-7849-bf15-b7cbf8de7204"}
{"name":"worker","pid":844,"phase":"INSTALL_DEPENDENCIES","buildId":"114e576c-7b66-4c0b-b583-a312a68da540","source":"stderr","level":30,"msg":"npm http cache @babel/helper-module-transforms@https://registry.npmjs.org/@babel/helper-module-transforms/-/helper-module-transforms-7.29.7.tgz 0ms (cache hit)","time":"2026-10-08T12:41:30.363Z","v":0,"logId":"01a11b88-75fb-7849-bf15-b7cc897e8624"}
{"name":"worker","pid":844,"phase":"INSTALL_DEPENDENCIES","buildId":"114e576c-7b66-4c0b-b583-a312a68da540","source":"stderr","level":30,"msg":"npm http cache @babel/helper-module-imports@https://registry.npmjs.org/@babel/helper-module-imports/-/helper-module-imports-7.29.7.tgz 0ms (cache hit)","time":"2026-10-08T12:41:30.363Z","v":0,"logId":"01a11b88-75fb-7849-bf15-b7cda1755cc3"}
{"name":"worker","pid":844,"phase":"INSTALL_DEPENDENCIES","buildId":"114e576c-7b66-4c0b-b583-a312a68da540","source":"stderr","level":30,"msg":"npm http cache @babel/helper-globals@https://registry.npmjs.org/@babel/helper-globals/-/helper-globals-7.29.7.tgz 0ms (cache hit)","time":"2026-10-08T12:41:30.363Z","v":0,"logId":"01a11b88-75fb-7849-bf15-b7ce9afe1f55"}
{"name":"worker","pid":844,"phase":"INSTALL_DEPENDENCIES","buildId":"114e576c-7b66-4c0b-b583-a312a68da540","source":"stderr","level":30,"msg":"npm http cache @babel/helper-define-polyfill-provider@https://registry.npmjs.org/@babel/helper-define-polyfill-provider/-/helper-define-polyfill-provider-0.6.8.tgz 0ms (cache hit)","time":"2026-10-08T12:41:30.363Z","v":0,"logId":"01a11b88-75fb-7849-bf15-b7cf96902ba0"}
{"name":"worker","pid":844,"phase":"INSTALL_DEPENDENCIES","buildId":"114e576c-7b66-4c0b-b583-a312a68da540","source":"stderr","level":30,"msg":"npm http cache @babel/helper-member-expression-to-functions@https://registry.npmjs.org/@babel/helper-member-expression-to-functions/-/helper-member-expression-to-functions-7.29.7.tgz 0ms (cache hit)","time":"2026-10-08T12:41:30.363Z","v":0,"logId":"01a11b88-75fb-7849-bf15-b7d0a8ace112"}
{"name":"worker","pid":844,"phase":"INSTALL_DEPENDENCIES","buildId":"114e576c-7b66-4c0b-b583-a312a68da540","source":"stderr","level":30,"msg":"npm http cache @babel/helper-create-regexp-features-plugin@https://registry.npmjs.org/@babel/helper-create-regexp-features-plugin/-/helper-create-regexp-features-plugin-7.29.7.tgz 0ms (cache hit)","time":"2026-10-08T12:41:30.363Z","v":0,"logId":"01a11b88-75fb-7849-bf15-b7d171030487"}
{"name":"worker","pid":844,"phase":"INSTALL_DEPENDENCIES","buildId":"114e576c-7b66-4c0b-b583-a312a68da540","source":"stderr","level":30,"msg":"npm http cache @babel/helper-create-class-features-plugin@https://registry.npmjs.org/@babel/helper-create-class-features-plugin/-/helper-create-class-features-plugin-7.29.7.tgz 0ms (cache hit)","time":"2026-10-08T12:41:30.363Z","v":0,"logId":"01a11b88-75fb-7849-bf15-b7d2f5dcaeff"}
{"name":"worker","pid":844,"phase":"INSTALL_DEPENDENCIES","buildId":"114e576c-7b66-4c0b-b583-a312a68da540","source":"stderr","level":30,"msg":"npm http cache @babel/helper-compilation-targets@https://registry.npmjs.org/@babel/helper-compilation-targets/-/helper-compilation-targets-7.29.7.tgz 0ms (cache hit)","time":"2026-10-08T12:41:30.363Z","v":0,"logId":"01a11b88-75fb-7849-bf15-b7d3c0e8c56c"}
{"name":"worker","pid":844,"phase":"INSTALL_DEPENDENCIES","buildId":"114e576c-7b66-4c0b-b583-a312a68da540","source":"stderr","level":30,"msg":"npm http cache @babel/helper-annotate-as-pure@https://registry.npmjs.org/@babel/helper-annotate-as-pure/-/helper-annotate-as-pure-7.29.7.tgz 0ms (cache hit)","time":"2026-10-08T12:41:30.363Z","v":0,"logId":"01a11b88-75fb-7849-bf15-b7d4b5d5421f"}
{"name":"worker","pid":844,"phase":"INSTALL_DEPENDENCIES","buildId":"114e576c-7b66-4c0b-b583-a312a68da540","source":"stderr","level":30,"msg":"npm http cache @babel/generator@https://registry.npmjs.org/@babel/generator/-/generator-7.29.8.tgz 0ms (cache hit)","time":"2026-10-08T12:41:30.363Z","v":0,"logId":"01a11b88-75fb-7849-bf15-b7d54a2f6439"}
{"name":"worker","pid":844,"phase":"INSTALL_DEPENDENCIES","buildId":"114e576c-7b66-4c0b-b583-a312a68da540","source":"stderr","level":30,"msg":"npm http cache @babel/code-frame@https://registry.npmjs.org/@babel/code-frame/-/code-frame-7.29.7.tgz 0ms (cache hit)","time":"2026-10-08T12:41:30.363Z","v":0,"logId":"01a11b88-75fb-7849-bf15-b7d62b5eae69"}
{"name":"worker","pid":844,"phase":"INSTALL_DEPENDENCIES","buildId":"114e576c-7b66-4c0b-b583-a312a68da540","source":"stderr","level":30,"msg":"npm http cache @babel/compat-data@https://registry.npmjs.org/@babel/compat-data/-/compat-data-7.29.7.tgz 0ms (cache hit)","time":"2026-10-08T12:41:30.363Z","v":0,"logId":"01a11b88-75fb-7849-bf15-b7d758684018"}
{"name":"worker","pid":844,"phase":"INSTALL_DEPENDENCIES","buildId":"114e576c-7b66-4c0b-b583-a312a68da540","source":"stderr","level":30,"msg":"npm http cache @babel/core@https://registry.npmjs.org/@babel/core/-/core-7.29.7.tgz 0ms (cache hit)","time":"2026-10-08T12:41:30.363Z","v":0,"logId":"01a11b88-75fb-7849-bf15-b7d80bc6b887"}
{"name":"worker","pid":844,"phase":"INSTALL_DEPENDENCIES","buildId":"114e576c-7b66-4c0b-b583-a312a68da540","source":"stderr","level":30,"msg":"npm http cache type-fest@https://registry.npmjs.org/type-fest/-/type-fest-5.10.0.tgz 0ms (cache hit)","time":"2026-10-08T12:41:30.363Z","v":0,"logId":"01a11b88-75fb-7849-bf15-b7d904ac08d0"}
{"name":"worker","pid":844,"phase":"INSTALL_DEPENDENCIES","buildId":"114e576c-7b66-4c0b-b583-a312a68da540","source":"stderr","level":30,"msg":"npm http cache fdir@https://registry.npmjs.org/fdir/-/fdir-6.5.0.tgz 0ms (cache hit)","time":"2026-10-08T12:41:30.363Z","v":0,"logId":"01a11b88-75fb-7849-bf15-b7dace20747c"}
{"name":"worker","pid":844,"phase":"INSTALL_DEPENDENCIES","buildId":"114e576c-7b66-4c0b-b583-a312a68da540","source":"stderr","level":30,"msg":"npm http cache picomatch@https://registry.npmjs.org/picomatch/-/picomatch-4.0.7.tgz 0ms (cache hit)","time":"2026-10-08T12:41:30.363Z","v":0,"logId":"01a11b88-75fb-7849-bf15-b7db459ac9d7"}
{"name":"worker","pid":844,"phase":"INSTALL_DEPENDENCIES","buildId":"114e576c-7b66-4c0b-b583-a312a68da540","source":"stderr","level":30,"msg":"npm http cache commander@https://registry.npmjs.org/commander/-/commander-2.20.3.tgz 0ms (cache hit)","time":"2026-10-08T12:41:30.363Z","v":0,"logId":"01a11b88-75fb-7849-bf15-b7dc317ba4ba"}
{"name":"worker","pid":844,"phase":"INSTALL_DEPENDENCIES","buildId":"114e576c-7b66-4c0b-b583-a312a68da540","source":"stderr","level":30,"msg":"npm http cache source-map@https://registry.npmjs.org/source-map/-/source-map-0.6.1.tgz 0ms (cache hit)","time":"2026-10-08T12:41:30.363Z","v":0,"logId":"01a11b88-75fb-7849-bf15-b7dd2c456eb6"}
{"name":"worker","pid":844,"phase":"INSTALL_DEPENDENCIES","buildId":"114e576c-7b66-4c0b-b583-a312a68da540","source":"stderr","level":30,"msg":"npm http cache encodeurl@https://registry.npmjs.org/encodeurl/-/encodeurl-2.0.0.tgz 0ms (cache hit)","time":"2026-10-08T12:41:30.363Z","v":0,"logId":"01a11b88-75fb-7849-bf15-b7de6f2b1350"}
{"name":"worker","pid":844,"phase":"INSTALL_DEPENDENCIES","buildId":"114e576c-7b66-4c0b-b583-a312a68da540","source":"stderr","level":30,"msg":"npm http cache statuses@https://registry.npmjs.org/statuses/-/statuses-2.0.2.tgz 0ms (cache hit)","time":"2026-10-08T12:41:30.363Z","v":0,"logId":"01a11b88-75fb-7849-bf15-b7df059014a4"}
{"name":"worker","pid":844,"phase":"INSTALL_DEPENDENCIES","buildId":"114e576c-7b66-4c0b-b583-a312a68da540","source":"stderr","level":30,"msg":"npm http cache encodeurl@https://registry.npmjs.org/encodeurl/-/encodeurl-2.0.0.tgz 0ms (cache hit)","time":"2026-10-08T12:41:30.363Z","v":0,"logId":"01a11b88-75fb-7849-bf15-b7e0f7a1d718"}
{"name":"worker","pid":844,"phase":"INSTALL_DEPENDENCIES","buildId":"114e576c-7b66-4c0b-b583-a312a68da540","source":"stderr","level":30,"msg":"npm http cache xmlbuilder@https://registry.npmjs.org/xmlbuilder/-/xmlbuilder-11.0.1.tgz 0ms (cache hit)","time":"2026-10-08T12:41:30.363Z","v":0,"logId":"01a11b88-75fb-7849-bf15-b7e150637029"}
{"name":"worker","pid":844,"phase":"INSTALL_DEPENDENCIES","buildId":"114e576c-7b66-4c0b-b583-a312a68da540","source":"stderr","level":30,"msg":"npm http cache debug@https://registry.npmjs.org/debug/-/debug-2.6.9.tgz 0ms (cache hit)","time":"2026-10-08T12:41:30.363Z","v":0,"logId":"01a11b88-75fb-7849-bf15-b7e2f8b0b260"}
{"name":"worker","pid":844,"phase":"INSTALL_DEPENDENCIES","buildId":"114e576c-7b66-4c0b-b583-a312a68da540","source":"stderr","level":30,"msg":"npm http cache commander@https://registry.npmjs.org/commander/-/commander-12.1.0.tgz 0ms (cache hit)","time":"2026-10-08T12:41:30.363Z","v":0,"logId":"01a11b88-75fb-7849-bf15-b7e31e3df0d2"}
{"name":"worker","pid":844,"phase":"INSTALL_DEPENDENCIES","buildId":"114e576c-7b66-4c0b-b583-a312a68da540","source":"stderr","level":30,"msg":"npm http cache babel-plugin-syntax-hermes-parser@https://registry.npmjs.org/babel-plugin-syntax-hermes-parser/-/babel-plugin-syntax-hermes-parser-0.36.0.tgz 0ms (cache hit)","time":"2026-10-08T12:41:30.363Z","v":0,"logId":"01a11b88-75fb-7849-bf15-b7e4179aab44"}
{"name":"worker","pid":844,"phase":"INSTALL_DEPENDENCIES","buildId":"114e576c-7b66-4c0b-b583-a312a68da540","source":"stderr","level":30,"msg":"npm http cache ms@https://registry.npmjs.org/ms/-/ms-2.0.0.tgz 0ms (cache hit)","time":"2026-10-08T12:41:30.363Z","v":0,"logId":"01a11b88-75fb-7849-bf15-b7e5ab3a4c2a"}
{"name":"worker","pid":844,"phase":"INSTALL_DEPENDENCIES","buildId":"114e576c-7b66-4c0b-b583-a312a68da540","source":"stderr","level":30,"msg":"npm http cache react-is@https://registry.npmjs.org/react-is/-/react-is-18.3.1.tgz 0ms (cache hit)","time":"2026-10-08T12:41:30.363Z","v":0,"logId":"01a11b88-75fb-7849-bf15-b7e646834b7a"}
{"name":"worker","pid":844,"phase":"INSTALL_DEPENDENCIES","buildId":"114e576c-7b66-4c0b-b583-a312a68da540","source":"stderr","level":30,"msg":"npm http cache ansi-styles@https://registry.npmjs.org/ansi-styles/-/ansi-styles-5.2.0.tgz 0ms (cache hit)","time":"2026-10-08T12:41:30.363Z","v":0,"logId":"01a11b88-75fb-7849-bf15-b7e7e8bb3f41"}
{"name":"worker","pid":844,"phase":"INSTALL_DEPENDENCIES","buildId":"114e576c-7b66-4c0b-b583-a312a68da540","source":"stderr","level":30,"msg":"npm http cache @xmldom/xmldom@https://registry.npmjs.org/@xmldom/xmldom/-/xmldom-0.9.12.tgz 0ms (cache hit)","time":"2026-10-08T12:41:30.363Z","v":0,"logId":"01a11b88-75fb-7849-bf15-b7e82978b914"}
{"name":"worker","pid":844,"phase":"INSTALL_DEPENDENCIES","buildId":"114e576c-7b66-4c0b-b583-a312a68da540","source":"stderr","level":30,"msg":"npm http cache supports-color@https://registry.npmjs.org/supports-color/-/supports-color-5.5.0.tgz 0ms (cache hit)","time":"2026-10-08T12:41:30.363Z","v":0,"logId":"01a11b88-75fb-7849-bf15-b7e967d21343"}
{"name":"worker","pid":844,"phase":"INSTALL_DEPENDENCIES","buildId":"114e576c-7b66-4c0b-b583-a312a68da540","source":"stderr","level":30,"msg":"npm http cache strip-ansi@https://registry.npmjs.org/strip-ansi/-/strip-ansi-5.2.0.tgz 0ms (cache hit)","time":"2026-10-08T12:41:30.363Z","v":0,"logId":"01a11b88-75fb-7849-bf15-b7eaf2dab569"}
{"name":"worker","pid":844,"phase":"INSTALL_DEPENDENCIES","buildId":"114e576c-7b66-4c0b-b583-a312a68da540","source":"stderr","level":30,"msg":"npm http cache has-flag@https://registry.npmjs.org/has-flag/-/has-flag-3.0.0.tgz 0ms (cache hit)","time":"2026-10-08T12:41:30.363Z","v":0,"logId":"01a11b88-75fb-7849-bf15-b7eb8a8f7643"}
{"name":"worker","pid":844,"phase":"INSTALL_DEPENDENCIES","buildId":"114e576c-7b66-4c0b-b583-a312a68da540","source":"stderr","level":30,"msg":"npm http cache escape-string-regexp@https://registry.npmjs.org/escape-string-regexp/-/escape-string-regexp-1.0.5.tgz 0ms (cache hit)","time":"2026-10-08T12:41:30.363Z","v":0,"logId":"01a11b88-75fb-7849-bf15-b7ec39f64619"}
{"name":"worker","pid":844,"phase":"INSTALL_DEPENDENCIES","buildId":"114e576c-7b66-4c0b-b583-a312a68da540","source":"stderr","level":30,"msg":"npm http cache on-finished@https://registry.npmjs.org/on-finished/-/on-finished-2.4.1.tgz 0ms (cache hit)","time":"2026-10-08T12:41:30.363Z","v":0,"logId":"01a11b88-75fb-7849-bf15-b7ed38d76783"}
{"name":"worker","pid":844,"phase":"INSTALL_DEPENDENCIES","buildId":"114e576c-7b66-4c0b-b583-a312a68da540","source":"stderr","level":30,"msg":"npm http cache lru-cache@https://registry.npmjs.org/lru-cache/-/lru-cache-11.5.3.tgz 0ms (cache hit)","time":"2026-10-08T12:41:30.363Z","v":0,"logId":"01a11b88-75fb-7849-bf15-b7eeb12dbdcc"}
{"name":"worker","pid":844,"phase":"INSTALL_DEPENDENCIES","buildId":"114e576c-7b66-4c0b-b583-a312a68da540","source":"stderr","level":30,"msg":"npm http cache color-convert@https://registry.npmjs.org/color-convert/-/color-convert-1.9.3.tgz 0ms (cache hit)","time":"2026-10-08T12:41:30.363Z","v":0,"logId":"01a11b88-75fb-7849-bf15-b7ef8ac0dda5"}
{"name":"worker","pid":844,"phase":"INSTALL_DEPENDENCIES","buildId":"114e576c-7b66-4c0b-b583-a312a68da540","source":"stderr","level":30,"msg":"npm http cache color-name@https://registry.npmjs.org/color-name/-/color-name-1.1.3.tgz 0ms (cache hit)","time":"2026-10-08T12:41:30.364Z","v":0,"logId":"01a11b88-75fc-7309-96de-366ef4ceb809"}
{"name":"worker","pid":844,"phase":"INSTALL_DEPENDENCIES","buildId":"114e576c-7b66-4c0b-b583-a312a68da540","source":"stderr","level":30,"msg":"npm http cache ansi-regex@https://registry.npmjs.org/ansi-regex/-/ansi-regex-4.1.1.tgz 0ms (cache hit)","time":"2026-10-08T12:41:30.364Z","v":0,"logId":"01a11b88-75fc-7309-96de-366f94b70f23"}
{"name":"worker","pid":844,"phase":"INSTALL_DEPENDENCIES","buildId":"114e576c-7b66-4c0b-b583-a312a68da540","source":"stderr","level":30,"msg":"npm http cache ansi-styles@https://registry.npmjs.org/ansi-styles/-/ansi-styles-3.2.1.tgz 0ms (cache hit)","time":"2026-10-08T12:41:30.364Z","v":0,"logId":"01a11b88-75fc-7309-96de-3670bab1cfdf"}
{"name":"worker","pid":844,"phase":"INSTALL_DEPENDENCIES","buildId":"114e576c-7b66-4c0b-b583-a312a68da540","source":"stderr","level":30,"msg":"npm http cache chalk@https://registry.npmjs.org/chalk/-/chalk-2.4.2.tgz 0ms (cache hit)","time":"2026-10-08T12:41:30.364Z","v":0,"logId":"01a11b88-75fc-7309-96de-3671f667897a"}
{"name":"worker","pid":844,"phase":"INSTALL_DEPENDENCIES","buildId":"114e576c-7b66-4c0b-b583-a312a68da540","source":"stderr","level":30,"msg":"npm http cache https-proxy-agent@https://registry.npmjs.org/https-proxy-agent/-/https-proxy-agent-7.0.6.tgz 0ms (cache hit)","time":"2026-10-08T12:41:30.364Z","v":0,"logId":"01a11b88-75fc-7309-96de-3672280d63d4"}
{"name":"worker","pid":844,"phase":"INSTALL_DEPENDENCIES","buildId":"114e576c-7b66-4c0b-b583-a312a68da540","source":"stderr","level":30,"msg":"npm http cache hermes-parser@https://registry.npmjs.org/hermes-parser/-/hermes-parser-0.35.0.tgz 0ms (cache hit)","time":"2026-10-08T12:41:30.364Z","v":0,"logId":"01a11b88-75fc-7309-96de-3673525b0f3c"}
{"name":"worker","pid":844,"phase":"INSTALL_DEPENDENCIES","buildId":"114e576c-7b66-4c0b-b583-a312a68da540","source":"stderr","level":30,"msg":"npm http cache hermes-estree@https://registry.npmjs.org/hermes-estree/-/hermes-estree-0.35.0.tgz 0ms (cache hit)","time":"2026-10-08T12:41:30.364Z","v":0,"logId":"01a11b88-75fc-7309-96de-367463e7f472"}
{"name":"worker","pid":844,"phase":"INSTALL_DEPENDENCIES","buildId":"114e576c-7b66-4c0b-b583-a312a68da540","source":"stderr","level":30,"msg":"npm http cache negotiator@https://registry.npmjs.org/negotiator/-/negotiator-1.1.0.tgz 0ms (cache hit)","time":"2026-10-08T12:41:30.364Z","v":0,"logId":"01a11b88-75fc-7309-96de-3675d9800615"}
{"name":"worker","pid":844,"phase":"INSTALL_DEPENDENCIES","buildId":"114e576c-7b66-4c0b-b583-a312a68da540","source":"stderr","level":30,"msg":"npm http cache agent-base@https://registry.npmjs.org/agent-base/-/agent-base-7.1.4.tgz 0ms (cache hit)","time":"2026-10-08T12:41:30.364Z","v":0,"logId":"01a11b88-75fc-7309-96de-3676db5bd84f"}
{"name":"worker","pid":844,"phase":"INSTALL_DEPENDENCIES","buildId":"114e576c-7b66-4c0b-b583-a312a68da540","source":"stderr","level":30,"msg":"npm http cache mime-types@https://registry.npmjs.org/mime-types/-/mime-types-3.0.2.tgz 0ms (cache hit)","time":"2026-10-08T12:41:30.364Z","v":0,"logId":"01a11b88-75fc-7309-96de-36772b1d0024"}
{"name":"worker","pid":844,"phase":"INSTALL_DEPENDENCIES","buildId":"114e576c-7b66-4c0b-b583-a312a68da540","source":"stderr","level":30,"msg":"npm http cache mime-db@https://registry.npmjs.org/mime-db/-/mime-db-1.54.0.tgz 0ms (cache hit)","time":"2026-10-08T12:41:30.364Z","v":0,"logId":"01a11b88-75fc-7309-96de-3678673238c7"}
{"name":"worker","pid":844,"phase":"INSTALL_DEPENDENCIES","buildId":"114e576c-7b66-4c0b-b583-a312a68da540","source":"stderr","level":30,"msg":"npm http cache hermes-estree@https://registry.npmjs.org/hermes-estree/-/hermes-estree-0.35.0.tgz 0ms (cache hit)","time":"2026-10-08T12:41:30.364Z","v":0,"logId":"01a11b88-75fc-7309-96de-3679662e5c14"}
{"name":"worker","pid":844,"phase":"INSTALL_DEPENDENCIES","buildId":"114e576c-7b66-4c0b-b583-a312a68da540","source":"stderr","level":30,"msg":"npm http cache hermes-parser@https://registry.npmjs.org/hermes-parser/-/hermes-parser-0.35.0.tgz 0ms (cache hit)","time":"2026-10-08T12:41:30.364Z","v":0,"logId":"01a11b88-75fc-7309-96de-367a6b3bae3b"}
{"name":"worker","pid":844,"phase":"INSTALL_DEPENDENCIES","buildId":"114e576c-7b66-4c0b-b583-a312a68da540","source":"stderr","level":30,"msg":"npm http cache accepts@https://registry.npmjs.org/accepts/-/accepts-2.0.0.tgz 0ms (cache hit)","time":"2026-10-08T12:41:30.364Z","v":0,"logId":"01a11b88-75fc-7309-96de-367b7f276164"}
{"name":"worker","pid":844,"phase":"INSTALL_DEPENDENCIES","buildId":"114e576c-7b66-4c0b-b583-a312a68da540","source":"stderr","level":30,"msg":"npm http cache supports-color@https://registry.npmjs.org/supports-color/-/supports-color-5.5.0.tgz 0ms (cache hit)","time":"2026-10-08T12:41:30.364Z","v":0,"logId":"01a11b88-75fc-7309-96de-367c401fd2fe"}
{"name":"worker","pid":844,"phase":"INSTALL_DEPENDENCIES","buildId":"114e576c-7b66-4c0b-b583-a312a68da540","source":"stderr","level":30,"msg":"npm http cache escape-string-regexp@https://registry.npmjs.org/escape-string-regexp/-/escape-string-regexp-1.0.5.tgz 0ms (cache hit)","time":"2026-10-08T12:41:30.364Z","v":0,"logId":"01a11b88-75fc-7309-96de-367d7ee0c378"}
{"name":"worker","pid":844,"phase":"INSTALL_DEPENDENCIES","buildId":"114e576c-7b66-4c0b-b583-a312a68da540","source":"stderr","level":30,"msg":"npm http cache color-name@https://registry.npmjs.org/color-name/-/color-name-1.1.3.tgz 0ms (cache hit)","time":"2026-10-08T12:41:30.364Z","v":0,"logId":"01a11b88-75fc-7309-96de-367ecdc17136"}
{"name":"worker","pid":844,"phase":"INSTALL_DEPENDENCIES","buildId":"114e576c-7b66-4c0b-b583-a312a68da540","source":"stderr","level":30,"msg":"npm http cache has-flag@https://registry.npmjs.org/has-flag/-/has-flag-3.0.0.tgz 0ms (cache hit)","time":"2026-10-08T12:41:30.364Z","v":0,"logId":"01a11b88-75fc-7309-96de-367f76a2dbe3"}
{"name":"worker","pid":844,"phase":"INSTALL_DEPENDENCIES","buildId":"114e576c-7b66-4c0b-b583-a312a68da540","source":"stderr","level":30,"msg":"npm http cache color-convert@https://registry.npmjs.org/color-convert/-/color-convert-1.9.3.tgz 0ms (cache hit)","time":"2026-10-08T12:41:30.364Z","v":0,"logId":"01a11b88-75fc-7309-96de-3680ce508e71"}
{"name":"worker","pid":844,"phase":"INSTALL_DEPENDENCIES","buildId":"114e576c-7b66-4c0b-b583-a312a68da540","source":"stderr","level":30,"msg":"npm http cache chalk@https://registry.npmjs.org/chalk/-/chalk-2.4.2.tgz 0ms (cache hit)","time":"2026-10-08T12:41:30.364Z","v":0,"logId":"01a11b88-75fc-7309-96de-3681f20540b4"}
{"name":"worker","pid":844,"phase":"INSTALL_DEPENDENCIES","buildId":"114e576c-7b66-4c0b-b583-a312a68da540","source":"stderr","level":30,"msg":"npm http cache ansi-styles@https://registry.npmjs.org/ansi-styles/-/ansi-styles-3.2.1.tgz 0ms (cache hit)","time":"2026-10-08T12:41:30.364Z","v":0,"logId":"01a11b88-75fc-7309-96de-3682f59ec903"}
{"name":"worker","pid":844,"phase":"INSTALL_DEPENDENCIES","buildId":"114e576c-7b66-4c0b-b583-a312a68da540","source":"stderr","level":30,"msg":"npm http cache ms@https://registry.npmjs.org/ms/-/ms-2.0.0.tgz 0ms (cache hit)","time":"2026-10-08T12:41:30.364Z","v":0,"logId":"01a11b88-75fc-7309-96de-3683fd1c917f"}
{"name":"worker","pid":844,"phase":"INSTALL_DEPENDENCIES","buildId":"114e576c-7b66-4c0b-b583-a312a68da540","source":"stderr","level":30,"msg":"npm http cache debug@https://registry.npmjs.org/debug/-/debug-2.6.9.tgz 0ms (cache hit)","time":"2026-10-08T12:41:30.364Z","v":0,"logId":"01a11b88-75fc-7309-96de-3684de82ec13"}
{"name":"worker","pid":844,"phase":"INSTALL_DEPENDENCIES","buildId":"114e576c-7b66-4c0b-b583-a312a68da540","source":"stderr","level":30,"msg":"npm http cache supports-color@https://registry.npmjs.org/supports-color/-/supports-color-8.1.1.tgz 0ms (cache hit)","time":"2026-10-08T12:41:30.364Z","v":0,"logId":"01a11b88-75fc-7309-96de-36857e2ef3dd"}
{"name":"worker","pid":844,"phase":"INSTALL_DEPENDENCIES","buildId":"114e576c-7b66-4c0b-b583-a312a68da540","source":"stderr","level":30,"msg":"npm http cache statuses@https://registry.npmjs.org/statuses/-/statuses-2.0.2.tgz 0ms (cache hit)","time":"2026-10-08T12:41:30.364Z","v":0,"logId":"01a11b88-75fc-7309-96de-3686eda96a2d"}
{"name":"worker","pid":844,"phase":"INSTALL_DEPENDENCIES","buildId":"114e576c-7b66-4c0b-b583-a312a68da540","source":"stderr","level":30,"msg":"npm http cache lru-cache@https://registry.npmjs.org/lru-cache/-/lru-cache-10.4.3.tgz 0ms (cache hit)","time":"2026-10-08T12:41:30.364Z","v":0,"logId":"01a11b88-75fc-7309-96de-36878aa415cc"}
{"name":"worker","pid":844,"phase":"INSTALL_DEPENDENCIES","buildId":"114e576c-7b66-4c0b-b583-a312a68da540","source":"stderr","level":30,"msg":"npm http cache ms@https://registry.npmjs.org/ms/-/ms-2.0.0.tgz 0ms (cache hit)","time":"2026-10-08T12:41:30.364Z","v":0,"logId":"01a11b88-75fc-7309-96de-3688d5c25bd0"}
{"name":"worker","pid":844,"phase":"INSTALL_DEPENDENCIES","buildId":"114e576c-7b66-4c0b-b583-a312a68da540","source":"stderr","level":30,"msg":"npm http cache debug@https://registry.npmjs.org/debug/-/debug-2.6.9.tgz 0ms (cache hit)","time":"2026-10-08T12:41:30.364Z","v":0,"logId":"01a11b88-75fc-7309-96de-3689d301d467"}
{"name":"worker","pid":844,"phase":"INSTALL_DEPENDENCIES","buildId":"114e576c-7b66-4c0b-b583-a312a68da540","source":"stderr","level":30,"msg":"npm http cache ws@https://registry.npmjs.org/ws/-/ws-8.22.0.tgz 0ms (cache hit)","time":"2026-10-08T12:41:30.364Z","v":0,"logId":"01a11b88-75fc-7309-96de-368a4e22107c"}
{"name":"worker","pid":844,"phase":"INSTALL_DEPENDENCIES","buildId":"114e576c-7b66-4c0b-b583-a312a68da540","source":"stderr","level":30,"msg":"npm http cache hermes-parser@https://registry.npmjs.org/hermes-parser/-/hermes-parser-0.36.1.tgz 0ms (cache hit)","time":"2026-10-08T12:41:30.364Z","v":0,"logId":"01a11b88-75fc-7309-96de-368b5ec49d70"}
{"name":"worker","pid":844,"phase":"INSTALL_DEPENDENCIES","buildId":"114e576c-7b66-4c0b-b583-a312a68da540","source":"stderr","level":30,"msg":"npm http cache hermes-estree@https://registry.npmjs.org/hermes-estree/-/hermes-estree-0.36.1.tgz 0ms (cache hit)","time":"2026-10-08T12:41:30.364Z","v":0,"logId":"01a11b88-75fc-7309-96de-368cc0cd47a5"}
{"name":"worker","pid":844,"phase":"INSTALL_DEPENDENCIES","buildId":"114e576c-7b66-4c0b-b583-a312a68da540","source":"stderr","level":30,"msg":"npm http cache picomatch@https://registry.npmjs.org/picomatch/-/picomatch-4.0.7.tgz 0ms (cache hit)","time":"2026-10-08T12:41:30.364Z","v":0,"logId":"01a11b88-75fc-7309-96de-368dab1cdef7"}
{"name":"worker","pid":844,"phase":"INSTALL_DEPENDENCIES","buildId":"114e576c-7b66-4c0b-b583-a312a68da540","source":"stderr","level":30,"msg":"npm http cache ci-info@https://registry.npmjs.org/ci-info/-/ci-info-3.9.0.tgz 0ms (cache hit)","time":"2026-10-08T12:41:30.364Z","v":0,"logId":"01a11b88-75fc-7309-96de-368e111532f7"}
{"name":"worker","pid":844,"phase":"INSTALL_DEPENDENCIES","buildId":"114e576c-7b66-4c0b-b583-a312a68da540","source":"stderr","level":30,"msg":"npm http cache expo-modules-core@https://registry.npmjs.org/expo-modules-core/-/expo-modules-core-57.0.21.tgz 0ms (cache hit)","time":"2026-10-08T12:41:30.364Z","v":0,"logId":"01a11b88-75fc-7309-96de-368ff13a6438"}
{"name":"worker","pid":844,"phase":"INSTALL_DEPENDENCIES","buildId":"114e576c-7b66-4c0b-b583-a312a68da540","source":"stderr","level":30,"msg":"npm http cache expo-file-system@https://registry.npmjs.org/expo-file-system/-/expo-file-system-57.0.7.tgz 0ms (cache hit)","time":"2026-10-08T12:41:30.364Z","v":0,"logId":"01a11b88-75fc-7309-96de-36908b37b86b"}
{"name":"worker","pid":844,"phase":"INSTALL_DEPENDENCIES","buildId":"114e576c-7b66-4c0b-b583-a312a68da540","source":"stderr","level":30,"msg":"npm http cache expo-keep-awake@https://registry.npmjs.org/expo-keep-awake/-/expo-keep-awake-57.0.2.tgz 0ms (cache hit)","time":"2026-10-08T12:41:30.364Z","v":0,"logId":"01a11b88-75fd-73ae-a138-6f99130c987a"}
{"name":"worker","pid":844,"phase":"INSTALL_DEPENDENCIES","buildId":"114e576c-7b66-4c0b-b583-a312a68da540","source":"stderr","level":30,"msg":"npm http cache expo-constants@https://registry.npmjs.org/expo-constants/-/expo-constants-57.0.21.tgz 0ms (cache hit)","time":"2026-10-08T12:41:30.365Z","v":0,"logId":"01a11b88-75fd-73ae-a138-6f9a4dee661e"}
{"name":"worker","pid":844,"phase":"INSTALL_DEPENDENCIES","buildId":"114e576c-7b66-4c0b-b583-a312a68da540","source":"stderr","level":30,"msg":"npm http cache expo-asset@https://registry.npmjs.org/expo-asset/-/expo-asset-57.0.19.tgz 0ms (cache hit)","time":"2026-10-08T12:41:30.365Z","v":0,"logId":"01a11b88-75fd-73ae-a138-6f9bed75078e"}
{"name":"worker","pid":844,"phase":"INSTALL_DEPENDENCIES","buildId":"114e576c-7b66-4c0b-b583-a312a68da540","source":"stderr","level":30,"msg":"npm http cache ci-info@https://registry.npmjs.org/ci-info/-/ci-info-3.9.0.tgz 0ms (cache hit)","time":"2026-10-08T12:41:30.365Z","v":0,"logId":"01a11b88-75fd-73ae-a138-6f9ce6eddc59"}
{"name":"worker","pid":844,"phase":"INSTALL_DEPENDENCIES","buildId":"114e576c-7b66-4c0b-b583-a312a68da540","source":"stderr","level":30,"msg":"npm http cache @expo/ws-tunnel@https://registry.npmjs.org/@expo/ws-tunnel/-/ws-tunnel-2.0.1.tgz 0ms (cache hit)","time":"2026-10-08T12:41:30.365Z","v":0,"logId":"01a11b88-75fd-73ae-a138-6f9d90c4224d"}
{"name":"worker","pid":844,"phase":"INSTALL_DEPENDENCIES","buildId":"114e576c-7b66-4c0b-b583-a312a68da540","source":"stderr","level":30,"msg":"npm http cache @expo/metro-config@https://registry.npmjs.org/@expo/metro-config/-/metro-config-57.0.13.tgz 0ms (cache hit)","time":"2026-10-08T12:41:30.365Z","v":0,"logId":"01a11b88-75fd-73ae-a138-6f9e63cede0e"}
{"name":"worker","pid":844,"phase":"INSTALL_DEPENDENCIES","buildId":"114e576c-7b66-4c0b-b583-a312a68da540","source":"stderr","level":30,"msg":"npm http cache @expo/log-box@https://registry.npmjs.org/@expo/log-box/-/log-box-57.0.4.tgz 0ms (cache hit)","time":"2026-10-08T12:41:30.365Z","v":0,"logId":"01a11b88-75fd-73ae-a138-6f9f77d734d4"}
{"name":"worker","pid":844,"phase":"INSTALL_DEPENDENCIES","buildId":"114e576c-7b66-4c0b-b583-a312a68da540","source":"stderr","level":30,"msg":"npm http cache @expo/dom-webview@https://registry.npmjs.org/@expo/dom-webview/-/dom-webview-57.0.1.tgz 0ms (cache hit)","time":"2026-10-08T12:41:30.365Z","v":0,"logId":"01a11b88-75fd-73ae-a138-6fa0c4b3aa81"}
{"name":"worker","pid":844,"phase":"INSTALL_DEPENDENCIES","buildId":"114e576c-7b66-4c0b-b583-a312a68da540","source":"stderr","level":30,"msg":"npm http cache @expo/router-server@https://registry.npmjs.org/@expo/router-server/-/router-server-57.0.12.tgz 0ms (cache hit)","time":"2026-10-08T12:41:30.365Z","v":0,"logId":"01a11b88-75fd-73ae-a138-6fa121303d43"}
{"name":"worker","pid":844,"phase":"INSTALL_DEPENDENCIES","buildId":"114e576c-7b66-4c0b-b583-a312a68da540","source":"stderr","level":30,"msg":"npm http cache @expo/cli@https://registry.npmjs.org/@expo/cli/-/cli-57.0.28.tgz 0ms (cache hit)","time":"2026-10-08T12:41:30.365Z","v":0,"logId":"01a11b88-75fd-73ae-a138-6fa29b1655e8"}
{"name":"worker","pid":844,"phase":"INSTALL_DEPENDENCIES","buildId":"114e576c-7b66-4c0b-b583-a312a68da540","source":"stderr","level":30,"msg":"npm http cache source-map@https://registry.npmjs.org/source-map/-/source-map-0.6.1.tgz 0ms (cache hit)","time":"2026-10-08T12:41:30.365Z","v":0,"logId":"01a11b88-75fd-73ae-a138-6fa32ce50337"}
{"name":"worker","pid":844,"phase":"INSTALL_DEPENDENCIES","buildId":"114e576c-7b66-4c0b-b583-a312a68da540","source":"stderr","level":30,"msg":"npm http cache ms@https://registry.npmjs.org/ms/-/ms-2.0.0.tgz 0ms (cache hit)","time":"2026-10-08T12:41:30.365Z","v":0,"logId":"01a11b88-75fd-73ae-a138-6fa4b2387865"}
{"name":"worker","pid":844,"phase":"INSTALL_DEPENDENCIES","buildId":"114e576c-7b66-4c0b-b583-a312a68da540","source":"stderr","level":30,"msg":"npm http cache debug@https://registry.npmjs.org/debug/-/debug-2.6.9.tgz 0ms (cache hit)","time":"2026-10-08T12:41:30.365Z","v":0,"logId":"01a11b88-75fd-73ae-a138-6fa5df6b93fd"}
{"name":"worker","pid":844,"phase":"INSTALL_DEPENDENCIES","buildId":"114e576c-7b66-4c0b-b583-a312a68da540","source":"stderr","level":30,"msg":"npm http cache negotiator@https://registry.npmjs.org/negotiator/-/negotiator-0.6.4.tgz 0ms (cache hit)","time":"2026-10-08T12:41:30.365Z","v":0,"logId":"01a11b88-75fd-73ae-a138-6fa6fe074a5f"}
{"name":"worker","pid":844,"phase":"INSTALL_DEPENDENCIES","buildId":"114e576c-7b66-4c0b-b583-a312a68da540","source":"stderr","level":30,"msg":"npm http cache ms@https://registry.npmjs.org/ms/-/ms-2.0.0.tgz 0ms (cache hit)","time":"2026-10-08T12:41:30.365Z","v":0,"logId":"01a11b88-75fd-73ae-a138-6fa7bc4ebc85"}
{"name":"worker","pid":844,"phase":"INSTALL_DEPENDENCIES","buildId":"114e576c-7b66-4c0b-b583-a312a68da540","source":"stderr","level":30,"msg":"npm http cache debug@https://registry.npmjs.org/debug/-/debug-2.6.9.tgz 0ms (cache hit)","time":"2026-10-08T12:41:30.365Z","v":0,"logId":"01a11b88-75fd-73ae-a138-6fa89826acc2"}
{"name":"worker","pid":844,"phase":"INSTALL_DEPENDENCIES","buildId":"114e576c-7b66-4c0b-b583-a312a68da540","source":"stderr","level":30,"msg":"npm http cache hermes-parser@https://registry.npmjs.org/hermes-parser/-/hermes-parser-0.36.1.tgz 0ms (cache hit)","time":"2026-10-08T12:41:30.365Z","v":0,"logId":"01a11b88-75fd-73ae-a138-6fa93711a02b"}
{"name":"worker","pid":844,"phase":"INSTALL_DEPENDENCIES","buildId":"114e576c-7b66-4c0b-b583-a312a68da540","source":"stderr","level":30,"msg":"npm http cache hermes-estree@https://registry.npmjs.org/hermes-estree/-/hermes-estree-0.36.1.tgz 0ms (cache hit)","time":"2026-10-08T12:41:30.365Z","v":0,"logId":"01a11b88-75fd-73ae-a138-6faa67b6649b"}
{"name":"worker","pid":844,"phase":"INSTALL_DEPENDENCIES","buildId":"114e576c-7b66-4c0b-b583-a312a68da540","source":"stderr","level":30,"msg":"npm http cache type-fest@https://registry.npmjs.org/type-fest/-/type-fest-0.21.3.tgz 0ms (cache hit)","time":"2026-10-08T12:41:30.365Z","v":0,"logId":"01a11b88-75fd-73ae-a138-6fabf2290c88"}
{"name":"worker","pid":844,"phase":"INSTALL_DEPENDENCIES","buildId":"114e576c-7b66-4c0b-b583-a312a68da540","source":"stderr","level":30,"msg":"npm http cache semver@https://registry.npmjs.org/semver/-/semver-6.3.1.tgz 0ms (cache hit)","time":"2026-10-08T12:41:30.365Z","v":0,"logId":"01a11b88-75fd-73ae-a138-6face8c13258"}
{"name":"worker","pid":844,"phase":"INSTALL_DEPENDENCIES","buildId":"114e576c-7b66-4c0b-b583-a312a68da540","source":"stderr","level":30,"msg":"npm http cache js-yaml@https://registry.npmjs.org/js-yaml/-/js-yaml-4.3.2.tgz 0ms (cache hit)","time":"2026-10-08T12:41:30.365Z","v":0,"logId":"01a11b88-75fd-73ae-a138-6fad30f35a21"}
{"name":"worker","pid":844,"phase":"INSTALL_DEPENDENCIES","buildId":"114e576c-7b66-4c0b-b583-a312a68da540","source":"stderr","level":30,"msg":"npm http cache argparse@https://registry.npmjs.org/argparse/-/argparse-2.0.1.tgz 0ms (cache hit)","time":"2026-10-08T12:41:30.365Z","v":0,"logId":"01a11b88-75fd-73ae-a138-6fae3cecebb9"}
{"name":"worker","pid":844,"phase":"INSTALL_DEPENDENCIES","buildId":"114e576c-7b66-4c0b-b583-a312a68da540","source":"stderr","level":30,"msg":"npm http cache mime-types@https://registry.npmjs.org/mime-types/-/mime-types-3.0.2.tgz 0ms (cache hit)","time":"2026-10-08T12:41:30.365Z","v":0,"logId":"01a11b88-75fd-73ae-a138-6faf39d1c18c"}
{"name":"worker","pid":844,"phase":"INSTALL_DEPENDENCIES","buildId":"114e576c-7b66-4c0b-b583-a312a68da540","source":"stderr","level":30,"msg":"npm http cache negotiator@https://registry.npmjs.org/negotiator/-/negotiator-1.1.0.tgz 0ms (cache hit)","time":"2026-10-08T12:41:30.365Z","v":0,"logId":"01a11b88-75fd-73ae-a138-6fb0fe212ef2"}
{"name":"worker","pid":844,"phase":"INSTALL_DEPENDENCIES","buildId":"114e576c-7b66-4c0b-b583-a312a68da540","source":"stderr","level":30,"msg":"npm http cache metro-transform-worker@https://registry.npmjs.org/metro-transform-worker/-/metro-transform-worker-0.84.5.tgz 0ms (cache hit)","time":"2026-10-08T12:41:30.365Z","v":0,"logId":"01a11b88-75fd-73ae-a138-6fb1dd568da6"}
{"name":"worker","pid":844,"phase":"INSTALL_DEPENDENCIES","buildId":"114e576c-7b66-4c0b-b583-a312a68da540","source":"stderr","level":30,"msg":"npm http cache ob1@https://registry.npmjs.org/ob1/-/ob1-0.84.5.tgz 0ms (cache hit)","time":"2026-10-08T12:41:30.365Z","v":0,"logId":"01a11b88-75fd-73ae-a138-6fb2317b2af3"}
{"name":"worker","pid":844,"phase":"INSTALL_DEPENDENCIES","buildId":"114e576c-7b66-4c0b-b583-a312a68da540","source":"stderr","level":30,"msg":"npm http cache mime-db@https://registry.npmjs.org/mime-db/-/mime-db-1.54.0.tgz 0ms (cache hit)","time":"2026-10-08T12:41:30.365Z","v":0,"logId":"01a11b88-75fd-73ae-a138-6fb3027724c3"}
{"name":"worker","pid":844,"phase":"INSTALL_DEPENDENCIES","buildId":"114e576c-7b66-4c0b-b583-a312a68da540","source":"stderr","level":30,"msg":"npm http cache @babel/parser@https://registry.npmjs.org/@babel/parser/-/parser-7.29.8.tgz 0ms (cache hit)","time":"2026-10-08T12:41:30.365Z","v":0,"logId":"01a11b88-75fd-73ae-a138-6fb45f445afa"}
{"name":"worker","pid":844,"phase":"INSTALL_DEPENDENCIES","buildId":"114e576c-7b66-4c0b-b583-a312a68da540","source":"stderr","level":30,"msg":"npm http cache metro-transform-plugins@https://registry.npmjs.org/metro-transform-plugins/-/metro-transform-plugins-0.84.5.tgz 0ms (cache hit)","time":"2026-10-08T12:41:30.365Z","v":0,"logId":"01a11b88-75fd-73ae-a138-6fb59887dc78"}
{"name":"worker","pid":844,"phase":"INSTALL_DEPENDENCIES","buildId":"114e576c-7b66-4c0b-b583-a312a68da540","source":"stderr","level":30,"msg":"npm http cache metro-symbolicate@https://registry.npmjs.org/metro-symbolicate/-/metro-symbolicate-0.84.5.tgz 0ms (cache hit)","time":"2026-10-08T12:41:30.365Z","v":0,"logId":"01a11b88-75fd-73ae-a138-6fb68a2948e3"}
{"name":"worker","pid":844,"phase":"INSTALL_DEPENDENCIES","buildId":"114e576c-7b66-4c0b-b583-a312a68da540","source":"stderr","level":30,"msg":"npm http cache metro-runtime@https://registry.npmjs.org/metro-runtime/-/metro-runtime-0.84.5.tgz 0ms (cache hit)","time":"2026-10-08T12:41:30.366Z","v":0,"logId":"01a11b88-75fe-76d6-8662-60fa8386dab5"}
{"name":"worker","pid":844,"phase":"INSTALL_DEPENDENCIES","buildId":"114e576c-7b66-4c0b-b583-a312a68da540","source":"stderr","level":30,"msg":"npm http cache metro-resolver@https://registry.npmjs.org/metro-resolver/-/metro-resolver-0.84.5.tgz 0ms (cache hit)","time":"2026-10-08T12:41:30.366Z","v":0,"logId":"01a11b88-75fe-76d6-8662-60fb287eeb65"}
{"name":"worker","pid":844,"phase":"INSTALL_DEPENDENCIES","buildId":"114e576c-7b66-4c0b-b583-a312a68da540","source":"stderr","level":30,"msg":"npm http cache metro-source-map@https://registry.npmjs.org/metro-source-map/-/metro-source-map-0.84.5.tgz 0ms (cache hit)","time":"2026-10-08T12:41:30.366Z","v":0,"logId":"01a11b88-75fe-76d6-8662-60fc26acbb68"}
{"name":"worker","pid":844,"phase":"INSTALL_DEPENDENCIES","buildId":"114e576c-7b66-4c0b-b583-a312a68da540","source":"stderr","level":30,"msg":"npm http cache metro-file-map@https://registry.npmjs.org/metro-file-map/-/metro-file-map-0.84.5.tgz 0ms (cache hit)","time":"2026-10-08T12:41:30.366Z","v":0,"logId":"01a11b88-75fe-76d6-8662-60fd68c76e86"}
{"name":"worker","pid":844,"phase":"INSTALL_DEPENDENCIES","buildId":"114e576c-7b66-4c0b-b583-a312a68da540","source":"stderr","level":30,"msg":"npm http cache metro-minify-terser@https://registry.npmjs.org/metro-minify-terser/-/metro-minify-terser-0.84.5.tgz 0ms (cache hit)","time":"2026-10-08T12:41:30.366Z","v":0,"logId":"01a11b88-75fe-76d6-8662-60fe4d991acb"}
{"name":"worker","pid":844,"phase":"INSTALL_DEPENDENCIES","buildId":"114e576c-7b66-4c0b-b583-a312a68da540","source":"stderr","level":30,"msg":"npm http cache metro-core@https://registry.npmjs.org/metro-core/-/metro-core-0.84.5.tgz 0ms (cache hit)","time":"2026-10-08T12:41:30.366Z","v":0,"logId":"01a11b88-75fe-76d6-8662-60ffe92e8dd8"}
{"name":"worker","pid":844,"phase":"INSTALL_DEPENDENCIES","buildId":"114e576c-7b66-4c0b-b583-a312a68da540","source":"stderr","level":30,"msg":"npm http cache metro-cache-key@https://registry.npmjs.org/metro-cache-key/-/metro-cache-key-0.84.5.tgz 0ms (cache hit)","time":"2026-10-08T12:41:30.366Z","v":0,"logId":"01a11b88-75fe-76d6-8662-610091a4e3c9"}
{"name":"worker","pid":844,"phase":"INSTALL_DEPENDENCIES","buildId":"114e576c-7b66-4c0b-b583-a312a68da540","source":"stderr","level":30,"msg":"npm http cache metro-cache@https://registry.npmjs.org/metro-cache/-/metro-cache-0.84.5.tgz 0ms (cache hit)","time":"2026-10-08T12:41:30.366Z","v":0,"logId":"01a11b88-75fe-76d6-8662-6101595a19bf"}
{"name":"worker","pid":844,"phase":"INSTALL_DEPENDENCIES","buildId":"114e576c-7b66-4c0b-b583-a312a68da540","source":"stderr","level":30,"msg":"npm http cache metro@https://registry.npmjs.org/metro/-/metro-0.84.5.tgz 0ms (cache hit)","time":"2026-10-08T12:41:30.366Z","v":0,"logId":"01a11b88-75fe-76d6-8662-610280c2a4dd"}
{"name":"worker","pid":844,"phase":"INSTALL_DEPENDENCIES","buildId":"114e576c-7b66-4c0b-b583-a312a68da540","source":"stderr","level":30,"msg":"npm http cache metro-babel-transformer@https://registry.npmjs.org/metro-babel-transformer/-/metro-babel-transformer-0.84.5.tgz 0ms (cache hit)","time":"2026-10-08T12:41:30.366Z","v":0,"logId":"01a11b88-75fe-76d6-8662-61032208fb9a"}
{"name":"worker","pid":844,"phase":"INSTALL_DEPENDENCIES","buildId":"114e576c-7b66-4c0b-b583-a312a68da540","source":"stderr","level":30,"msg":"npm http cache https-proxy-agent@https://registry.npmjs.org/https-proxy-agent/-/https-proxy-agent-7.0.6.tgz 0ms (cache hit)","time":"2026-10-08T12:41:30.366Z","v":0,"logId":"01a11b88-75fe-76d6-8662-610427638b7a"}
{"name":"worker","pid":844,"phase":"INSTALL_DEPENDENCIES","buildId":"114e576c-7b66-4c0b-b583-a312a68da540","source":"stderr","level":30,"msg":"npm http cache hermes-parser@https://registry.npmjs.org/hermes-parser/-/hermes-parser-0.35.0.tgz 0ms (cache hit)","time":"2026-10-08T12:41:30.366Z","v":0,"logId":"01a11b88-75fe-76d6-8662-61050e05c4ba"}
{"name":"worker","pid":844,"phase":"INSTALL_DEPENDENCIES","buildId":"114e576c-7b66-4c0b-b583-a312a68da540","source":"stderr","level":30,"msg":"npm http cache hermes-estree@https://registry.npmjs.org/hermes-estree/-/hermes-estree-0.35.0.tgz 0ms (cache hit)","time":"2026-10-08T12:41:30.366Z","v":0,"logId":"01a11b88-75fe-76d6-8662-6106883bb2ff"}
{"name":"worker","pid":844,"phase":"INSTALL_DEPENDENCIES","buildId":"114e576c-7b66-4c0b-b583-a312a68da540","source":"stderr","level":30,"msg":"npm http cache agent-base@https://registry.npmjs.org/agent-base/-/agent-base-7.1.4.tgz 0ms (cache hit)","time":"2026-10-08T12:41:30.366Z","v":0,"logId":"01a11b88-75fe-76d6-8662-610778846c72"}
{"name":"worker","pid":844,"phase":"INSTALL_DEPENDENCIES","buildId":"114e576c-7b66-4c0b-b583-a312a68da540","source":"stderr","level":30,"msg":"npm http cache accepts@https://registry.npmjs.org/accepts/-/accepts-2.0.0.tgz 0ms (cache hit)","time":"2026-10-08T12:41:30.366Z","v":0,"logId":"01a11b88-75fe-76d6-8662-610874701071"}
{"name":"worker","pid":844,"phase":"INSTALL_DEPENDENCIES","buildId":"114e576c-7b66-4c0b-b583-a312a68da540","source":"stderr","level":30,"msg":"npm http cache debug@https://registry.npmjs.org/debug/-/debug-3.2.7.tgz 0ms (cache hit)","time":"2026-10-08T12:41:30.366Z","v":0,"logId":"01a11b88-75fe-76d6-8662-6109699fba29"}
{"name":"worker","pid":844,"phase":"INSTALL_DEPENDENCIES","buildId":"114e576c-7b66-4c0b-b583-a312a68da540","source":"stderr","level":30,"msg":"npm http cache semver@https://registry.npmjs.org/semver/-/semver-6.3.1.tgz 0ms (cache hit)","time":"2026-10-08T12:41:30.366Z","v":0,"logId":"01a11b88-75fe-76d6-8662-610ababb03cc"}
{"name":"worker","pid":844,"phase":"INSTALL_DEPENDENCIES","buildId":"114e576c-7b66-4c0b-b583-a312a68da540","source":"stderr","level":30,"msg":"npm http cache semver@https://registry.npmjs.org/semver/-/semver-6.3.1.tgz 0ms (cache hit)","time":"2026-10-08T12:41:30.366Z","v":0,"logId":"01a11b88-75fe-76d6-8662-610b01672665"}
{"name":"worker","pid":844,"phase":"INSTALL_DEPENDENCIES","buildId":"114e576c-7b66-4c0b-b583-a312a68da540","source":"stderr","level":30,"msg":"npm http cache semver@https://registry.npmjs.org/semver/-/semver-6.3.1.tgz 0ms (cache hit)","time":"2026-10-08T12:41:30.366Z","v":0,"logId":"01a11b88-75fe-76d6-8662-610ccc2374f8"}
{"name":"worker","pid":844,"phase":"INSTALL_DEPENDENCIES","buildId":"114e576c-7b66-4c0b-b583-a312a68da540","source":"stderr","level":30,"msg":"npm http cache semver@https://registry.npmjs.org/semver/-/semver-6.3.1.tgz 0ms (cache hit)","time":"2026-10-08T12:41:30.366Z","v":0,"logId":"01a11b88-75fe-76d6-8662-610d10c80057"}
{"name":"worker","pid":844,"phase":"INSTALL_DEPENDENCIES","buildId":"114e576c-7b66-4c0b-b583-a312a68da540","source":"stderr","level":30,"msg":"npm http cache semver@https://registry.npmjs.org/semver/-/semver-6.3.1.tgz 0ms (cache hit)","time":"2026-10-08T12:41:30.371Z","v":0,"logId":"01a11b88-7603-71c0-b4bc-98e7430f9920"}
{"name":"worker","pid":844,"phase":"INSTALL_DEPENDENCIES","buildId":"114e576c-7b66-4c0b-b583-a312a68da540","source":"stderr","level":30,"msg":"npm http cache metro-config@https://registry.npmjs.org/metro-config/-/metro-config-0.84.5.tgz 0ms (cache hit)","time":"2026-10-08T12:41:30.373Z","v":0,"logId":"01a11b88-7605-715e-9b5c-8e9a1c15853c"}
{"name":"worker","pid":844,"phase":"INSTALL_DEPENDENCIES","buildId":"114e576c-7b66-4c0b-b583-a312a68da540","source":"stderr","level":30,"msg":"npm http fetch GET 200 https://registry.npmjs.org/vary/-/vary-1.1.2.tgz 246ms (cache miss)","time":"2026-10-08T12:41:30.616Z","v":0,"logId":"01a11b88-76f8-7e08-a417-33694f84890d"}
{"name":"worker","pid":844,"phase":"INSTALL_DEPENDENCIES","buildId":"114e576c-7b66-4c0b-b583-a312a68da540","source":"stderr","level":30,"msg":"npm http fetch GET 200 https://registry.npmjs.org/validate-npm-package-name/-/validate-npm-package-name-5.0.1.tgz 246ms (cache miss)","time":"2026-10-08T12:41:30.617Z","v":0,"logId":"01a11b88-76f9-7ac1-b9f8-2bd1ddc46fae"}
{"name":"worker","pid":844,"phase":"INSTALL_DEPENDENCIES","buildId":"114e576c-7b66-4c0b-b583-a312a68da540","source":"stderr","level":30,"msg":"npm http fetch GET 200 https://registry.npmjs.org/warn-once/-/warn-once-0.1.1.tgz 247ms (cache miss)","time":"2026-10-08T12:41:30.617Z","v":0,"logId":"01a11b88-76f9-7ac1-b9f8-2bd266b39203"}
{"name":"worker","pid":844,"phase":"INSTALL_DEPENDENCIES","buildId":"114e576c-7b66-4c0b-b583-a312a68da540","source":"stderr","level":30,"msg":"npm http fetch GET 200 https://registry.npmjs.org/walker/-/walker-1.0.8.tgz 248ms (cache miss)","time":"2026-10-08T12:41:30.618Z","v":0,"logId":"01a11b88-76fa-732a-bda5-e70d28d644c8"}
{"name":"worker","pid":844,"phase":"INSTALL_DEPENDENCIES","buildId":"114e576c-7b66-4c0b-b583-a312a68da540","source":"stderr","level":30,"msg":"npm http fetch GET 200 https://registry.npmjs.org/wcwidth/-/wcwidth-1.0.1.tgz 253ms (cache miss)","time":"2026-10-08T12:41:30.623Z","v":0,"logId":"01a11b88-76ff-7ef5-bc63-9e110275f447"}
{"name":"worker","pid":844,"phase":"INSTALL_DEPENDENCIES","buildId":"114e576c-7b66-4c0b-b583-a312a68da540","source":"stderr","level":30,"msg":"npm http fetch GET 200 https://registry.npmjs.org/whatwg-fetch/-/whatwg-fetch-3.6.20.tgz 254ms (cache miss)","time":"2026-10-08T12:41:30.624Z","v":0,"logId":"01a11b88-7701-7dcb-b268-cd09581c791e"}
{"name":"worker","pid":844,"phase":"INSTALL_DEPENDENCIES","buildId":"114e576c-7b66-4c0b-b583-a312a68da540","source":"stderr","level":30,"msg":"npm http fetch GET 200 https://registry.npmjs.org/vlq/-/vlq-1.0.1.tgz 261ms (cache miss)","time":"2026-10-08T12:41:30.631Z","v":0,"logId":"01a11b88-7707-7242-bb08-a31d794f708f"}
{"name":"worker","pid":844,"phase":"INSTALL_DEPENDENCIES","buildId":"114e576c-7b66-4c0b-b583-a312a68da540","source":"stderr","level":30,"msg":"npm http fetch GET 200 https://registry.npmjs.org/whatwg-url-minimum/-/whatwg-url-minimum-0.1.2.tgz 266ms (cache miss)","time":"2026-10-08T12:41:30.635Z","v":0,"logId":"01a11b88-770b-7dfb-aab5-4c1072e38727"}
{"name":"worker","pid":844,"phase":"INSTALL_DEPENDENCIES","buildId":"114e576c-7b66-4c0b-b583-a312a68da540","source":"stderr","level":30,"msg":"npm http fetch GET 200 https://registry.npmjs.org/xcode/-/xcode-3.0.1.tgz 266ms (cache miss)","time":"2026-10-08T12:41:30.635Z","v":0,"logId":"01a11b88-770b-7dfb-aab5-4c1197362fde"}
{"name":"worker","pid":844,"phase":"INSTALL_DEPENDENCIES","buildId":"114e576c-7b66-4c0b-b583-a312a68da540","source":"stderr","level":30,"msg":"npm http fetch GET 200 https://registry.npmjs.org/utils-merge/-/utils-merge-1.0.1.tgz 272ms (cache miss)","time":"2026-10-08T12:41:30.643Z","v":0,"logId":"01a11b88-7713-7f38-a444-18fd1a4118ae"}
{"name":"worker","pid":844,"phase":"INSTALL_DEPENDENCIES","buildId":"114e576c-7b66-4c0b-b583-a312a68da540","source":"stderr","level":30,"msg":"npm http fetch GET 200 https://registry.npmjs.org/use-latest-callback/-/use-latest-callback-0.2.6.tgz 282ms (cache miss)","time":"2026-10-08T12:41:30.653Z","v":0,"logId":"01a11b88-771d-7cb1-a417-054182bb1579"}
{"name":"worker","pid":844,"phase":"INSTALL_DEPENDENCIES","buildId":"114e576c-7b66-4c0b-b583-a312a68da540","source":"stderr","level":30,"msg":"npm http fetch GET 200 https://registry.npmjs.org/ws/-/ws-7.5.13.tgz 287ms (cache miss)","time":"2026-10-08T12:41:30.655Z","v":0,"logId":"01a11b88-771f-73f9-b26b-34172bfde49c"}
{"name":"worker","pid":844,"phase":"INSTALL_DEPENDENCIES","buildId":"114e576c-7b66-4c0b-b583-a312a68da540","source":"stderr","level":30,"msg":"npm http fetch GET 200 https://registry.npmjs.org/yallist/-/yallist-3.1.1.tgz 293ms (cache miss)","time":"2026-10-08T12:41:30.659Z","v":0,"logId":"01a11b88-7723-7712-abe7-bdb1416dac8a"}
{"name":"worker","pid":844,"phase":"INSTALL_DEPENDENCIES","buildId":"114e576c-7b66-4c0b-b583-a312a68da540","source":"stderr","level":30,"msg":"npm http fetch GET 200 https://registry.npmjs.org/unicode-match-property-ecmascript/-/unicode-match-property-ecmascript-2.0.0.tgz 288ms (cache miss)","time":"2026-10-08T12:41:30.661Z","v":0,"logId":"01a11b88-7725-7d62-88bc-8f25a1e731da"}
{"name":"worker","pid":844,"phase":"INSTALL_DEPENDENCIES","buildId":"114e576c-7b66-4c0b-b583-a312a68da540","source":"stderr","level":30,"msg":"npm http fetch GET 200 https://registry.npmjs.org/unicode-property-aliases-ecmascript/-/unicode-property-aliases-ecmascript-2.2.0.tgz 291ms (cache miss)","time":"2026-10-08T12:41:30.662Z","v":0,"logId":"01a11b88-7726-7e56-a1ca-24ab796b56b4"}
{"name":"worker","pid":844,"phase":"INSTALL_DEPENDENCIES","buildId":"114e576c-7b66-4c0b-b583-a312a68da540","source":"stderr","level":30,"msg":"npm http fetch GET 200 https://registry.npmjs.org/use-sync-external-store/-/use-sync-external-store-1.7.0.tgz 293ms (cache miss)","time":"2026-10-08T12:41:30.664Z","v":0,"logId":"01a11b88-7728-78b5-b659-021ab01deab4"}
{"name":"worker","pid":844,"phase":"INSTALL_DEPENDENCIES","buildId":"114e576c-7b66-4c0b-b583-a312a68da540","source":"stderr","level":30,"msg":"npm http fetch GET 200 https://registry.npmjs.org/xml2js/-/xml2js-0.6.0.tgz 301ms (cache miss)","time":"2026-10-08T12:41:30.670Z","v":0,"logId":"01a11b88-772e-7595-829d-4ded3c0562bc"}
{"name":"worker","pid":844,"phase":"INSTALL_DEPENDENCIES","buildId":"114e576c-7b66-4c0b-b583-a312a68da540","source":"stderr","level":30,"msg":"npm http fetch GET 200 https://registry.npmjs.org/toidentifier/-/toidentifier-1.0.1.tgz 302ms (cache miss)","time":"2026-10-08T12:41:30.674Z","v":0,"logId":"01a11b88-7732-771e-aef1-198311fc9295"}
{"name":"worker","pid":844,"phase":"INSTALL_DEPENDENCIES","buildId":"114e576c-7b66-4c0b-b583-a312a68da540","source":"stderr","level":30,"msg":"npm http fetch GET 200 https://registry.npmjs.org/utrie/-/utrie-1.0.2.tgz 319ms (cache miss)","time":"2026-10-08T12:41:30.690Z","v":0,"logId":"01a11b88-7742-7814-983c-b9ddc3b594fc"}
{"name":"worker","pid":844,"phase":"INSTALL_DEPENDENCIES","buildId":"114e576c-7b66-4c0b-b583-a312a68da540","source":"stderr","level":30,"msg":"npm http fetch GET 200 https://registry.npmjs.org/unicode-canonical-property-names-ecmascript/-/unicode-canonical-property-names-ecmascript-2.0.1.tgz 322ms (cache miss)","time":"2026-10-08T12:41:30.695Z","v":0,"logId":"01a11b88-7747-7a04-971b-581a506c64b5"}
{"name":"worker","pid":844,"phase":"INSTALL_DEPENDENCIES","buildId":"114e576c-7b66-4c0b-b583-a312a68da540","source":"stderr","level":30,"msg":"npm http fetch GET 200 https://registry.npmjs.org/to-regex-range/-/to-regex-range-5.0.1.tgz 322ms (cache miss)","time":"2026-10-08T12:41:30.695Z","v":0,"logId":"01a11b88-7747-7a04-971b-581b1dd25d9d"}
{"name":"worker","pid":844,"phase":"INSTALL_DEPENDENCIES","buildId":"114e576c-7b66-4c0b-b583-a312a68da540","source":"stderr","level":30,"msg":"npm http fetch GET 200 https://registry.npmjs.org/xmlbuilder/-/xmlbuilder-15.1.1.tgz 328ms (cache miss)","time":"2026-10-08T12:41:30.696Z","v":0,"logId":"01a11b88-7748-724d-9fd4-ef7262e3ab9c"}
{"name":"worker","pid":844,"phase":"INSTALL_DEPENDENCIES","buildId":"114e576c-7b66-4c0b-b583-a312a68da540","source":"stderr","level":30,"msg":"npm http fetch POST 200 https://registry.npmjs.org/-/npm/v1/security/advisories/bulk 408ms","time":"2026-10-08T12:41:30.696Z","v":0,"logId":"01a11b88-7748-724d-9fd4-ef7369f84395"}
{"name":"worker","pid":844,"phase":"INSTALL_DEPENDENCIES","buildId":"114e576c-7b66-4c0b-b583-a312a68da540","source":"stderr","level":30,"msg":"npm http fetch GET 200 https://registry.npmjs.org/tmpl/-/tmpl-1.0.5.tgz 331ms (cache miss)","time":"2026-10-08T12:41:30.704Z","v":0,"logId":"01a11b88-7750-7388-ba3f-eaec714f6d08"}
{"name":"worker","pid":844,"phase":"INSTALL_DEPENDENCIES","buildId":"114e576c-7b66-4c0b-b583-a312a68da540","source":"stderr","level":30,"msg":"npm http fetch GET 200 https://registry.npmjs.org/type-fest/-/type-fest-0.7.1.tgz 335ms (cache miss)","time":"2026-10-08T12:41:30.707Z","v":0,"logId":"01a11b88-7753-7b3e-959f-0a6e2a8b5b07"}
{"name":"worker","pid":844,"phase":"INSTALL_DEPENDENCIES","buildId":"114e576c-7b66-4c0b-b583-a312a68da540","source":"stderr","level":30,"msg":"npm http fetch GET 200 https://registry.npmjs.org/unpipe/-/unpipe-1.0.0.tgz 337ms (cache miss)","time":"2026-10-08T12:41:30.708Z","v":0,"logId":"01a11b88-7754-7485-afe7-59e0f5a6f823"}
{"name":"worker","pid":844,"phase":"INSTALL_DEPENDENCIES","buildId":"114e576c-7b66-4c0b-b583-a312a68da540","source":"stderr","level":30,"msg":"npm http fetch GET 200 https://registry.npmjs.org/update-browserslist-db/-/update-browserslist-db-1.3.3.tgz 338ms (cache miss)","time":"2026-10-08T12:41:30.709Z","v":0,"logId":"01a11b88-7755-79e9-bf6b-c89571ea9037"}
{"name":"worker","pid":844,"phase":"INSTALL_DEPENDENCIES","buildId":"114e576c-7b66-4c0b-b583-a312a68da540","source":"stderr","level":30,"msg":"npm http fetch GET 200 https://registry.npmjs.org/terminal-link/-/terminal-link-2.1.1.tgz 337ms (cache miss)","time":"2026-10-08T12:41:30.710Z","v":0,"logId":"01a11b88-7756-7453-b924-9af7c9020daa"}
{"name":"worker","pid":844,"phase":"INSTALL_DEPENDENCIES","buildId":"114e576c-7b66-4c0b-b583-a312a68da540","source":"stderr","level":30,"msg":"npm http fetch GET 200 https://registry.npmjs.org/undici-types/-/undici-types-8.9.0.tgz 346ms (cache miss)","time":"2026-10-08T12:41:30.719Z","v":0,"logId":"01a11b88-775f-780a-b8ed-0575fc7c7202"}
{"name":"worker","pid":844,"phase":"INSTALL_DEPENDENCIES","buildId":"114e576c-7b66-4c0b-b583-a312a68da540","source":"stderr","level":30,"msg":"npm http fetch GET 200 https://registry.npmjs.org/toqr/-/toqr-0.1.1.tgz 350ms (cache miss)","time":"2026-10-08T12:41:30.723Z","v":0,"logId":"01a11b88-7763-71dc-adf0-5870f95be19d"}
{"name":"worker","pid":844,"phase":"INSTALL_DEPENDENCIES","buildId":"114e576c-7b66-4c0b-b583-a312a68da540","source":"stderr","level":30,"msg":"npm http fetch GET 200 https://registry.npmjs.org/supports-preserve-symlinks-flag/-/supports-preserve-symlinks-flag-1.0.0.tgz 351ms (cache miss)","time":"2026-10-08T12:41:30.725Z","v":0,"logId":"01a11b88-7765-7481-8d3e-5c97fef64283"}
{"name":"worker","pid":844,"phase":"INSTALL_DEPENDENCIES","buildId":"114e576c-7b66-4c0b-b583-a312a68da540","source":"stderr","level":30,"msg":"npm http fetch GET 200 https://registry.npmjs.org/supports-hyperlinks/-/supports-hyperlinks-2.3.0.tgz 352ms (cache miss)","time":"2026-10-08T12:41:30.726Z","v":0,"logId":"01a11b88-7766-7c82-a102-ac15b6e80f3a"}
{"name":"worker","pid":844,"phase":"INSTALL_DEPENDENCIES","buildId":"114e576c-7b66-4c0b-b583-a312a68da540","source":"stderr","level":30,"msg":"npm http fetch GET 200 https://registry.npmjs.org/text-segmentation/-/text-segmentation-1.0.3.tgz 355ms (cache miss)","time":"2026-10-08T12:41:30.728Z","v":0,"logId":"01a11b88-7768-7487-bfb3-ee589c87e905"}
{"name":"worker","pid":844,"phase":"INSTALL_DEPENDENCIES","buildId":"114e576c-7b66-4c0b-b583-a312a68da540","source":"stderr","level":30,"msg":"npm http fetch GET 200 https://registry.npmjs.org/supports-color/-/supports-color-7.2.0.tgz 356ms (cache miss)","time":"2026-10-08T12:41:30.730Z","v":0,"logId":"01a11b88-776a-7af4-9c79-dab778a82650"}
{"name":"worker","pid":844,"phase":"INSTALL_DEPENDENCIES","buildId":"114e576c-7b66-4c0b-b583-a312a68da540","source":"stderr","level":30,"msg":"npm http fetch GET 200 https://registry.npmjs.org/unicode-match-property-value-ecmascript/-/unicode-match-property-value-ecmascript-2.2.1.tgz 365ms (cache miss)","time":"2026-10-08T12:41:30.736Z","v":0,"logId":"01a11b88-7771-71a0-9a91-e3d595957989"}
{"name":"worker","pid":844,"phase":"INSTALL_DEPENDENCIES","buildId":"114e576c-7b66-4c0b-b583-a312a68da540","source":"stderr","level":30,"msg":"npm http fetch GET 200 https://registry.npmjs.org/tagged-tag/-/tagged-tag-1.0.0.tgz 363ms (cache miss)","time":"2026-10-08T12:41:30.737Z","v":0,"logId":"01a11b88-7771-71a0-9a91-e3d66bec4530"}
{"name":"worker","pid":844,"phase":"INSTALL_DEPENDENCIES","buildId":"114e576c-7b66-4c0b-b583-a312a68da540","source":"stderr","level":30,"msg":"npm http fetch GET 200 https://registry.npmjs.org/statuses/-/statuses-1.5.0.tgz 364ms (cache miss)","time":"2026-10-08T12:41:30.738Z","v":0,"logId":"01a11b88-7772-74d8-b98e-bd811ac5f347"}
{"name":"worker","pid":844,"phase":"INSTALL_DEPENDENCIES","buildId":"114e576c-7b66-4c0b-b583-a312a68da540","source":"stderr","level":30,"msg":"npm http fetch GET 200 https://registry.npmjs.org/stackframe/-/stackframe-1.3.4.tgz 373ms (cache miss)","time":"2026-10-08T12:41:30.747Z","v":0,"logId":"01a11b88-777b-79d0-8585-acc01022ac23"}
{"name":"worker","pid":844,"phase":"INSTALL_DEPENDENCIES","buildId":"114e576c-7b66-4c0b-b583-a312a68da540","source":"stderr","level":30,"msg":"npm http fetch GET 200 https://registry.npmjs.org/throat/-/throat-5.0.0.tgz 376ms (cache miss)","time":"2026-10-08T12:41:30.750Z","v":0,"logId":"01a11b88-777e-7a3d-9c84-454cec6ce1bd"}
{"name":"worker","pid":844,"phase":"INSTALL_DEPENDENCIES","buildId":"114e576c-7b66-4c0b-b583-a312a68da540","source":"stderr","level":30,"msg":"npm http fetch GET 200 https://registry.npmjs.org/slugify/-/slugify-1.6.9.tgz 376ms (cache miss)","time":"2026-10-08T12:41:30.751Z","v":0,"logId":"01a11b88-777f-7263-b953-7afee0e51d86"}
{"name":"worker","pid":844,"phase":"INSTALL_DEPENDENCIES","buildId":"114e576c-7b66-4c0b-b583-a312a68da540","source":"stderr","level":30,"msg":"npm http fetch GET 200 https://registry.npmjs.org/uuid/-/uuid-7.0.3.tgz 393ms (cache miss)","time":"2026-10-08T12:41:30.765Z","v":0,"logId":"01a11b88-778d-72bc-9edb-0dd91842a8c0"}
{"name":"worker","pid":844,"phase":"INSTALL_DEPENDENCIES","buildId":"114e576c-7b66-4c0b-b583-a312a68da540","source":"stderr","level":30,"msg":"npm warn deprecated uuid@7.0.3: uuid@10 and below is no longer supported.  For ESM codebases, update to uuid@latest.  For CommonJS codebases, use uuid@11 (but be aware this version will likely be deprecated in 2028).","time":"2026-10-08T12:41:30.765Z","v":0,"logId":"01a11b88-778d-72bc-9edb-0ddac12b9978"}
{"name":"worker","pid":844,"phase":"INSTALL_DEPENDENCIES","buildId":"114e576c-7b66-4c0b-b583-a312a68da540","source":"stderr","level":30,"msg":"npm http fetch GET 200 https://registry.npmjs.org/simple-plist/-/simple-plist-1.3.1.tgz 392ms (cache miss)","time":"2026-10-08T12:41:30.767Z","v":0,"logId":"01a11b88-778f-7a69-8a1a-c3177dcdb19c"}
{"name":"worker","pid":844,"phase":"INSTALL_DEPENDENCIES","buildId":"114e576c-7b66-4c0b-b583-a312a68da540","source":"stderr","level":30,"msg":"npm http fetch GET 200 https://registry.npmjs.org/signal-exit/-/signal-exit-3.0.7.tgz 395ms (cache miss)","time":"2026-10-08T12:41:30.770Z","v":0,"logId":"01a11b88-7793-7425-9c79-6074a95dfb81"}
{"name":"worker","pid":844,"phase":"INSTALL_DEPENDENCIES","buildId":"114e576c-7b66-4c0b-b583-a312a68da540","source":"stderr","level":30,"msg":"npm http fetch GET 200 https://registry.npmjs.org/sisteransi/-/sisteransi-1.0.5.tgz 396ms (cache miss)","time":"2026-10-08T12:41:30.771Z","v":0,"logId":"01a11b88-7793-7425-9c79-6075e1a9d74d"}
{"name":"worker","pid":844,"phase":"INSTALL_DEPENDENCIES","buildId":"114e576c-7b66-4c0b-b583-a312a68da540","source":"stderr","level":30,"msg":"npm http fetch GET 200 https://registry.npmjs.org/shell-quote/-/shell-quote-1.10.0.tgz 407ms (cache miss)","time":"2026-10-08T12:41:30.782Z","v":0,"logId":"01a11b88-779f-7c83-b2f9-a42ae1e7c82b"}
{"name":"worker","pid":844,"phase":"INSTALL_DEPENDENCIES","buildId":"114e576c-7b66-4c0b-b583-a312a68da540","source":"stderr","level":30,"msg":"npm http fetch GET 200 https://registry.npmjs.org/stream-buffers/-/stream-buffers-2.2.0.tgz 409ms (cache miss)","time":"2026-10-08T12:41:30.783Z","v":0,"logId":"01a11b88-779f-7c83-b2f9-a42b7c2d0018"}
{"name":"worker","pid":844,"phase":"INSTALL_DEPENDENCIES","buildId":"114e576c-7b66-4c0b-b583-a312a68da540","source":"stderr","level":30,"msg":"npm http fetch GET 200 https://registry.npmjs.org/standard-navigation/-/standard-navigation-0.0.8.tgz 410ms (cache miss)","time":"2026-10-08T12:41:30.785Z","v":0,"logId":"01a11b88-77a1-7cb1-8bf9-f2ab386e7e15"}
{"name":"worker","pid":844,"phase":"INSTALL_DEPENDENCIES","buildId":"114e576c-7b66-4c0b-b583-a312a68da540","source":"stderr","level":30,"msg":"npm http fetch GET 200 https://registry.npmjs.org/serve-static/-/serve-static-1.16.3.tgz 410ms (cache miss)","time":"2026-10-08T12:41:30.785Z","v":0,"logId":"01a11b88-77a1-7cb1-8bf9-f2ac8f3e1c1e"}
{"name":"worker","pid":844,"phase":"INSTALL_DEPENDENCIES","buildId":"114e576c-7b66-4c0b-b583-a312a68da540","source":"stderr","level":30,"msg":"npm http fetch GET 200 https://registry.npmjs.org/serialize-error/-/serialize-error-2.1.0.tgz 411ms (cache miss)","time":"2026-10-08T12:41:30.786Z","v":0,"logId":"01a11b88-77a2-7d2d-865c-c460f3dd4a4a"}
{"name":"worker","pid":844,"phase":"INSTALL_DEPENDENCIES","buildId":"114e576c-7b66-4c0b-b583-a312a68da540","source":"stderr","level":30,"msg":"npm http fetch GET 200 https://registry.npmjs.org/source-map-support/-/source-map-support-0.5.21.tgz 459ms (cache miss)","time":"2026-10-08T12:41:30.833Z","v":0,"logId":"01a11b88-77d1-7204-9ff2-e2810f974524"}
{"name":"worker","pid":844,"phase":"INSTALL_DEPENDENCIES","buildId":"114e576c-7b66-4c0b-b583-a312a68da540","source":"stderr","level":30,"msg":"npm http fetch GET 200 https://registry.npmjs.org/send/-/send-0.19.2.tgz 466ms (cache miss)","time":"2026-10-08T12:41:30.842Z","v":0,"logId":"01a11b88-77da-7f17-93f9-2bdde77d4255"}
{"name":"worker","pid":844,"phase":"INSTALL_DEPENDENCIES","buildId":"114e576c-7b66-4c0b-b583-a312a68da540","source":"stderr","level":30,"msg":"npm http fetch GET 200 https://registry.npmjs.org/source-map-js/-/source-map-js-1.2.2.tgz 471ms (cache miss)","time":"2026-10-08T12:41:30.845Z","v":0,"logId":"01a11b88-77dd-705e-ac7d-5df162251f0d"}
{"name":"worker","pid":844,"phase":"INSTALL_DEPENDENCIES","buildId":"114e576c-7b66-4c0b-b583-a312a68da540","source":"stderr","level":30,"msg":"npm http fetch GET 200 https://registry.npmjs.org/stacktrace-parser/-/stacktrace-parser-0.1.11.tgz 473ms (cache miss)","time":"2026-10-08T12:41:30.848Z","v":0,"logId":"01a11b88-77e0-78e5-b92d-2419000227e9"}
{"name":"worker","pid":844,"phase":"INSTALL_DEPENDENCIES","buildId":"114e576c-7b66-4c0b-b583-a312a68da540","source":"stderr","level":30,"msg":"npm http fetch GET 200 https://registry.npmjs.org/scheduler/-/scheduler-0.27.0.tgz 474ms (cache miss)","time":"2026-10-08T12:41:30.851Z","v":0,"logId":"01a11b88-77e3-778b-acea-93fa561b29e2"}
{"name":"worker","pid":844,"phase":"INSTALL_DEPENDENCIES","buildId":"114e576c-7b66-4c0b-b583-a312a68da540","source":"stderr","level":30,"msg":"npm http fetch GET 200 https://registry.npmjs.org/safe-buffer/-/safe-buffer-5.2.1.tgz 477ms (cache miss)","time":"2026-10-08T12:41:30.853Z","v":0,"logId":"01a11b88-77e5-76d7-be62-02f4a89053ec"}
{"name":"worker","pid":844,"phase":"INSTALL_DEPENDENCIES","buildId":"114e576c-7b66-4c0b-b583-a312a68da540","source":"stderr","level":30,"msg":"npm http fetch GET 200 https://registry.npmjs.org/restore-cursor/-/restore-cursor-2.0.0.tgz 477ms (cache miss)","time":"2026-10-08T12:41:30.854Z","v":0,"logId":"01a11b88-77e6-797d-968f-e3fff1119925"}
{"name":"worker","pid":844,"phase":"INSTALL_DEPENDENCIES","buildId":"114e576c-7b66-4c0b-b583-a312a68da540","source":"stderr","level":30,"msg":"npm http fetch GET 200 https://registry.npmjs.org/resolve-from/-/resolve-from-5.0.0.tgz 478ms (cache miss)","time":"2026-10-08T12:41:30.854Z","v":0,"logId":"01a11b88-77e6-797d-968f-e400bb78381f"}
{"name":"worker","pid":844,"phase":"INSTALL_DEPENDENCIES","buildId":"114e576c-7b66-4c0b-b583-a312a68da540","source":"stderr","level":30,"msg":"npm http fetch GET 200 https://registry.npmjs.org/resolve-workspace-root/-/resolve-workspace-root-2.0.1.tgz 479ms (cache miss)","time":"2026-10-08T12:41:30.855Z","v":0,"logId":"01a11b88-77e7-7e42-be77-a3e82e25bc81"}
{"name":"worker","pid":844,"phase":"INSTALL_DEPENDENCIES","buildId":"114e576c-7b66-4c0b-b583-a312a68da540","source":"stderr","level":30,"msg":"npm http fetch GET 200 https://registry.npmjs.org/setprototypeof/-/setprototypeof-1.2.0.tgz 480ms (cache miss)","time":"2026-10-08T12:41:30.856Z","v":0,"logId":"01a11b88-77e8-75d5-879f-2dd4ab28e5bd"}
{"name":"worker","pid":844,"phase":"INSTALL_DEPENDENCIES","buildId":"114e576c-7b66-4c0b-b583-a312a68da540","source":"stderr","level":30,"msg":"npm http fetch GET 200 https://registry.npmjs.org/regenerator-runtime/-/regenerator-runtime-0.13.11.tgz 481ms (cache miss)","time":"2026-10-08T12:41:30.858Z","v":0,"logId":"01a11b88-77ea-74d1-9747-661b6cd5a00b"}
{"name":"worker","pid":844,"phase":"INSTALL_DEPENDENCIES","buildId":"114e576c-7b66-4c0b-b583-a312a68da540","source":"stderr","level":30,"msg":"npm http fetch GET 200 https://registry.npmjs.org/source-map/-/source-map-0.5.7.tgz 485ms (cache miss)","time":"2026-10-08T12:41:30.859Z","v":0,"logId":"01a11b88-77ec-7746-ac13-52a9692cc507"}
{"name":"worker","pid":844,"phase":"INSTALL_DEPENDENCIES","buildId":"114e576c-7b66-4c0b-b583-a312a68da540","source":"stderr","level":30,"msg":"npm http fetch GET 200 https://registry.npmjs.org/regenerate/-/regenerate-1.4.2.tgz 483ms (cache miss)","time":"2026-10-08T12:41:30.860Z","v":0,"logId":"01a11b88-77ec-7746-ac13-52aa557976cb"}
{"name":"worker","pid":844,"phase":"INSTALL_DEPENDENCIES","buildId":"114e576c-7b66-4c0b-b583-a312a68da540","source":"stderr","level":30,"msg":"npm http fetch GET 200 https://registry.npmjs.org/unimodules-app-loader/-/unimodules-app-loader-57.0.2.tgz 490ms (cache miss)","time":"2026-10-08T12:41:30.861Z","v":0,"logId":"01a11b88-77ed-7368-9b7a-d43b462498b6"}
{"name":"worker","pid":844,"phase":"INSTALL_DEPENDENCIES","buildId":"114e576c-7b66-4c0b-b583-a312a68da540","source":"stderr","level":30,"msg":"npm http fetch GET 200 https://registry.npmjs.org/react-refresh/-/react-refresh-0.14.2.tgz 484ms (cache miss)","time":"2026-10-08T12:41:30.861Z","v":0,"logId":"01a11b88-77ed-7368-9b7a-d43cb2e4f299"}
{"name":"worker","pid":844,"phase":"INSTALL_DEPENDENCIES","buildId":"114e576c-7b66-4c0b-b583-a312a68da540","source":"stderr","level":30,"msg":"npm http fetch GET 200 https://registry.npmjs.org/sax/-/sax-1.6.1.tgz 488ms (cache miss)","time":"2026-10-08T12:41:30.864Z","v":0,"logId":"01a11b88-77f0-7a1e-a877-b3ca3d0cd49a"}
{"name":"worker","pid":844,"phase":"INSTALL_DEPENDENCIES","buildId":"114e576c-7b66-4c0b-b583-a312a68da540","source":"stderr","level":30,"msg":"npm http fetch GET 200 https://registry.npmjs.org/regjsparser/-/regjsparser-0.13.2.tgz 487ms (cache miss)","time":"2026-10-08T12:41:30.864Z","v":0,"logId":"01a11b88-77f0-7a1e-a877-b3cb42fc88c0"}
{"name":"worker","pid":844,"phase":"INSTALL_DEPENDENCIES","buildId":"114e576c-7b66-4c0b-b583-a312a68da540","source":"stderr","level":30,"msg":"npm http fetch GET 200 https://registry.npmjs.org/sf-symbols-typescript/-/sf-symbols-typescript-2.2.0.tgz 492ms (cache miss)","time":"2026-10-08T12:41:30.868Z","v":0,"logId":"01a11b88-77f4-7511-9556-421e11a56c60"}
{"name":"worker","pid":844,"phase":"INSTALL_DEPENDENCIES","buildId":"114e576c-7b66-4c0b-b583-a312a68da540","source":"stderr","level":30,"msg":"npm http fetch GET 200 https://registry.npmjs.org/react-is/-/react-is-19.3.0.tgz 493ms (cache miss)","time":"2026-10-08T12:41:30.873Z","v":0,"logId":"01a11b88-77f9-7479-b356-6915908ef31b"}
{"name":"worker","pid":844,"phase":"INSTALL_DEPENDENCIES","buildId":"114e576c-7b66-4c0b-b583-a312a68da540","source":"stderr","level":30,"msg":"npm http fetch GET 200 https://registry.npmjs.org/react-freeze/-/react-freeze-1.0.4.tgz 496ms (cache miss)","time":"2026-10-08T12:41:30.876Z","v":0,"logId":"01a11b88-77fc-75e5-8afa-2142468cd5c6"}
{"name":"worker","pid":844,"phase":"INSTALL_DEPENDENCIES","buildId":"114e576c-7b66-4c0b-b583-a312a68da540","source":"stderr","level":30,"msg":"npm http fetch GET 200 https://registry.npmjs.org/structured-headers/-/structured-headers-0.4.1.tgz 503ms (cache miss)","time":"2026-10-08T12:41:30.877Z","v":0,"logId":"01a11b88-77fd-7093-b8a4-e30e3163ecc3"}
{"name":"worker","pid":844,"phase":"INSTALL_DEPENDENCIES","buildId":"114e576c-7b66-4c0b-b583-a312a68da540","source":"stderr","level":30,"msg":"npm http fetch GET 200 https://registry.npmjs.org/range-parser/-/range-parser-1.2.1.tgz 500ms (cache miss)","time":"2026-10-08T12:41:30.880Z","v":0,"logId":"01a11b88-7800-78d5-bb96-bc7dd72bc0fc"}
{"name":"worker","pid":844,"phase":"INSTALL_DEPENDENCIES","buildId":"114e576c-7b66-4c0b-b583-a312a68da540","source":"stderr","level":30,"msg":"npm http fetch GET 200 https://registry.npmjs.org/proxy-from-env/-/proxy-from-env-2.1.0.tgz 510ms (cache miss)","time":"2026-10-08T12:41:30.890Z","v":0,"logId":"01a11b88-780a-7c8d-adb9-660abb7dd308"}
{"name":"worker","pid":844,"phase":"INSTALL_DEPENDENCIES","buildId":"114e576c-7b66-4c0b-b583-a312a68da540","source":"stderr","level":30,"msg":"npm http fetch GET 200 https://registry.npmjs.org/regjsgen/-/regjsgen-0.8.0.tgz 510ms (cache miss)","time":"2026-10-08T12:41:30.890Z","v":0,"logId":"01a11b88-780a-7c8d-adb9-660bb6bff7ed"}
{"name":"worker","pid":844,"phase":"INSTALL_DEPENDENCIES","buildId":"114e576c-7b66-4c0b-b583-a312a68da540","source":"stderr","level":30,"msg":"npm http fetch GET 200 https://registry.npmjs.org/progress/-/progress-2.0.3.tgz 521ms (cache miss)","time":"2026-10-08T12:41:30.901Z","v":0,"logId":"01a11b88-7815-78f5-bb62-5e3a096271cd"}
{"name":"worker","pid":844,"phase":"INSTALL_DEPENDENCIES","buildId":"114e576c-7b66-4c0b-b583-a312a68da540","source":"stderr","level":30,"msg":"npm http fetch GET 200 https://registry.npmjs.org/proc-log/-/proc-log-4.2.0.tgz 557ms (cache miss)","time":"2026-10-08T12:41:30.938Z","v":0,"logId":"01a11b88-783a-76fb-b245-f0ebc03c94d5"}
{"name":"worker","pid":844,"phase":"INSTALL_DEPENDENCIES","buildId":"114e576c-7b66-4c0b-b583-a312a68da540","source":"stderr","level":30,"msg":"npm http fetch GET 200 https://registry.npmjs.org/picocolors/-/picocolors-1.1.1.tgz 560ms (cache miss)","time":"2026-10-08T12:41:30.941Z","v":0,"logId":"01a11b88-783d-7c20-a115-3e60b29fd3a6"}
{"name":"worker","pid":844,"phase":"INSTALL_DEPENDENCIES","buildId":"114e576c-7b66-4c0b-b583-a312a68da540","source":"stderr","level":30,"msg":"npm http fetch GET 200 https://registry.npmjs.org/open/-/open-7.4.2.tgz 566ms (cache miss)","time":"2026-10-08T12:41:30.947Z","v":0,"logId":"01a11b88-7843-73ac-b4a6-334c7a43c7ff"}
{"name":"worker","pid":844,"phase":"INSTALL_DEPENDENCIES","buildId":"114e576c-7b66-4c0b-b583-a312a68da540","source":"stderr","level":30,"msg":"npm http fetch GET 200 https://registry.npmjs.org/sandbox-cli-detector/-/sandbox-cli-detector-0.2.0.tgz 571ms (cache miss)","time":"2026-10-08T12:41:30.947Z","v":0,"logId":"01a11b88-7843-73ac-b4a6-334d42ed3634"}
{"name":"worker","pid":844,"phase":"INSTALL_DEPENDENCIES","buildId":"114e576c-7b66-4c0b-b583-a312a68da540","source":"stderr","level":30,"msg":"npm http fetch GET 200 https://registry.npmjs.org/onetime/-/onetime-2.0.1.tgz 572ms (cache miss)","time":"2026-10-08T12:41:30.953Z","v":0,"logId":"01a11b88-7849-70be-96be-e6d016436cbb"}
{"name":"worker","pid":844,"phase":"INSTALL_DEPENDENCIES","buildId":"114e576c-7b66-4c0b-b583-a312a68da540","source":"stderr","level":30,"msg":"npm http fetch GET 200 https://registry.npmjs.org/parse-png/-/parse-png-2.1.0.tgz 574ms (cache miss)","time":"2026-10-08T12:41:30.955Z","v":0,"logId":"01a11b88-784b-7341-8e00-65d04dd2655d"}
{"name":"worker","pid":844,"phase":"INSTALL_DEPENDENCIES","buildId":"114e576c-7b66-4c0b-b583-a312a68da540","source":"stderr","level":30,"msg":"npm http fetch GET 200 https://registry.npmjs.org/on-headers/-/on-headers-1.1.0.tgz 574ms (cache miss)","time":"2026-10-08T12:41:30.955Z","v":0,"logId":"01a11b88-784b-7341-8e00-65d1d1df60ef"}
{"name":"worker","pid":844,"phase":"INSTALL_DEPENDENCIES","buildId":"114e576c-7b66-4c0b-b583-a312a68da540","source":"stderr","level":30,"msg":"npm http fetch GET 200 https://registry.npmjs.org/path-parse/-/path-parse-1.0.7.tgz 574ms (cache miss)","time":"2026-10-08T12:41:30.955Z","v":0,"logId":"01a11b88-784b-7341-8e00-65d276a9d60e"}
{"name":"worker","pid":844,"phase":"INSTALL_DEPENDENCIES","buildId":"114e576c-7b66-4c0b-b583-a312a68da540","source":"stderr","level":30,"msg":"npm http fetch GET 200 https://registry.npmjs.org/terser/-/terser-5.51.2.tgz 585ms (cache miss)","time":"2026-10-08T12:41:30.958Z","v":0,"logId":"01a11b88-784e-7727-9058-56368e1ff280"}
{"name":"worker","pid":844,"phase":"INSTALL_DEPENDENCIES","buildId":"114e576c-7b66-4c0b-b583-a312a68da540","source":"stderr","level":30,"msg":"npm http fetch GET 200 https://registry.npmjs.org/picomatch/-/picomatch-2.3.2.tgz 580ms (cache miss)","time":"2026-10-08T12:41:30.961Z","v":0,"logId":"01a11b88-7851-77f9-a4e7-68c653fa9d38"}
{"name":"worker","pid":844,"phase":"INSTALL_DEPENDENCIES","buildId":"114e576c-7b66-4c0b-b583-a312a68da540","source":"stderr","level":30,"msg":"npm http fetch GET 200 https://registry.npmjs.org/parseurl/-/parseurl-1.3.3.tgz 580ms (cache miss)","time":"2026-10-08T12:41:30.961Z","v":0,"logId":"01a11b88-7851-77f9-a4e7-68c7f405df72"}
{"name":"worker","pid":844,"phase":"INSTALL_DEPENDENCIES","buildId":"114e576c-7b66-4c0b-b583-a312a68da540","source":"stderr","level":30,"msg":"npm http fetch GET 200 https://registry.npmjs.org/regexpu-core/-/regexpu-core-6.4.0.tgz 585ms (cache miss)","time":"2026-10-08T12:41:30.962Z","v":0,"logId":"01a11b88-7852-79a9-8384-81bbe05a3703"}
{"name":"worker","pid":844,"phase":"INSTALL_DEPENDENCIES","buildId":"114e576c-7b66-4c0b-b583-a312a68da540","source":"stderr","level":30,"msg":"npm http fetch GET 200 https://registry.npmjs.org/react/-/react-19.2.3.tgz 584ms (cache miss)","time":"2026-10-08T12:41:30.964Z","v":0,"logId":"01a11b88-7854-70a7-8c29-347551d8fda7"}
{"name":"worker","pid":844,"phase":"INSTALL_DEPENDENCIES","buildId":"114e576c-7b66-4c0b-b583-a312a68da540","source":"stderr","level":30,"msg":"npm http fetch GET 200 https://registry.npmjs.org/ob1/-/ob1-0.84.6.tgz 587ms (cache miss)","time":"2026-10-08T12:41:30.969Z","v":0,"logId":"01a11b88-7859-7d43-b023-bc5459e1aae4"}
{"name":"worker","pid":844,"phase":"INSTALL_DEPENDENCIES","buildId":"114e576c-7b66-4c0b-b583-a312a68da540","source":"stderr","level":30,"msg":"npm http fetch GET 200 https://registry.npmjs.org/node-releases/-/node-releases-2.0.56.tgz 598ms (cache miss)","time":"2026-10-08T12:41:30.980Z","v":0,"logId":"01a11b88-7864-77f1-a0c9-5dfd51be19fd"}
{"name":"worker","pid":844,"phase":"INSTALL_DEPENDENCIES","buildId":"114e576c-7b66-4c0b-b583-a312a68da540","source":"stderr","level":30,"msg":"npm http fetch GET 200 https://registry.npmjs.org/negotiator/-/negotiator-0.6.3.tgz 610ms (cache miss)","time":"2026-10-08T12:41:30.992Z","v":0,"logId":"01a11b88-7870-7cd1-8396-5b0cbe77c191"}
{"name":"worker","pid":844,"phase":"INSTALL_DEPENDENCIES","buildId":"114e576c-7b66-4c0b-b583-a312a68da540","source":"stderr","level":30,"msg":"npm http fetch GET 200 https://registry.npmjs.org/mkdirp/-/mkdirp-1.0.4.tgz 621ms (cache miss)","time":"2026-10-08T12:41:31.003Z","v":0,"logId":"01a11b88-787b-74e2-9c72-553a86a1695c"}
{"name":"worker","pid":844,"phase":"INSTALL_DEPENDENCIES","buildId":"114e576c-7b66-4c0b-b583-a312a68da540","source":"stderr","level":30,"msg":"npm http fetch GET 200 https://registry.npmjs.org/ora/-/ora-3.4.0.tgz 622ms (cache miss)","time":"2026-10-08T12:41:31.004Z","v":0,"logId":"01a11b88-787c-70c9-a401-64df88499838"}
{"name":"worker","pid":844,"phase":"INSTALL_DEPENDENCIES","buildId":"114e576c-7b66-4c0b-b583-a312a68da540","source":"stderr","level":30,"msg":"npm http fetch GET 200 https://registry.npmjs.org/npm-package-arg/-/npm-package-arg-11.0.3.tgz 623ms (cache miss)","time":"2026-10-08T12:41:31.005Z","v":0,"logId":"01a11b88-787d-7dbd-9e00-0ac2d1f0ddf0"}
{"name":"worker","pid":844,"phase":"INSTALL_DEPENDENCIES","buildId":"114e576c-7b66-4c0b-b583-a312a68da540","source":"stderr","level":30,"msg":"npm http fetch GET 200 https://registry.npmjs.org/promise/-/promise-8.3.0.tgz 633ms (cache miss)","time":"2026-10-08T12:41:31.013Z","v":0,"logId":"01a11b88-7885-73e3-9a6a-1faad1fc005a"}
{"name":"worker","pid":844,"phase":"INSTALL_DEPENDENCIES","buildId":"114e576c-7b66-4c0b-b583-a312a68da540","source":"stderr","level":30,"msg":"npm http fetch GET 200 https://registry.npmjs.org/on-finished/-/on-finished-2.3.0.tgz 640ms (cache miss)","time":"2026-10-08T12:41:31.023Z","v":0,"logId":"01a11b88-788f-71c0-b3be-7a9862340916"}
{"name":"worker","pid":844,"phase":"INSTALL_DEPENDENCIES","buildId":"114e576c-7b66-4c0b-b583-a312a68da540","source":"stderr","level":30,"msg":"npm http fetch GET 200 https://registry.npmjs.org/multitars/-/multitars-1.0.2.tgz 649ms (cache miss)","time":"2026-10-08T12:41:31.031Z","v":0,"logId":"01a11b88-7897-769a-b47b-3ec3322ca16c"}
{"name":"worker","pid":844,"phase":"INSTALL_DEPENDENCIES","buildId":"114e576c-7b66-4c0b-b583-a312a68da540","source":"stderr","level":30,"msg":"npm http fetch GET 200 https://registry.npmjs.org/nullthrows/-/nullthrows-1.1.1.tgz 650ms (cache miss)","time":"2026-10-08T12:41:31.031Z","v":0,"logId":"01a11b88-7897-769a-b47b-3ec400597651"}
{"name":"worker","pid":844,"phase":"INSTALL_DEPENDENCIES","buildId":"114e576c-7b66-4c0b-b583-a312a68da540","source":"stderr","level":30,"msg":"npm http fetch GET 200 https://registry.npmjs.org/mime/-/mime-1.6.0.tgz 657ms (cache miss)","time":"2026-10-08T12:41:31.040Z","v":0,"logId":"01a11b88-78a0-7c6e-b2e1-cb37b08fe717"}
{"name":"worker","pid":844,"phase":"INSTALL_DEPENDENCIES","buildId":"114e576c-7b66-4c0b-b583-a312a68da540","source":"stderr","level":30,"msg":"npm http fetch GET 200 https://registry.npmjs.org/mime-types/-/mime-types-2.1.35.tgz 657ms (cache miss)","time":"2026-10-08T12:41:31.041Z","v":0,"logId":"01a11b88-78a1-7ba9-a8ed-8371f1a2550b"}
{"name":"worker","pid":844,"phase":"INSTALL_DEPENDENCIES","buildId":"114e576c-7b66-4c0b-b583-a312a68da540","source":"stderr","level":30,"msg":"npm http fetch GET 200 https://registry.npmjs.org/plist/-/plist-3.1.1.tgz 660ms (cache miss)","time":"2026-10-08T12:41:31.041Z","v":0,"logId":"01a11b88-78a1-7ba9-a8ed-83722b157c85"}
{"name":"worker","pid":844,"phase":"INSTALL_DEPENDENCIES","buildId":"114e576c-7b66-4c0b-b583-a312a68da540","source":"stderr","level":30,"msg":"npm http fetch GET 200 https://registry.npmjs.org/mimic-fn/-/mimic-fn-1.2.0.tgz 661ms (cache miss)","time":"2026-10-08T12:41:31.043Z","v":0,"logId":"01a11b88-78a3-7e87-877a-8f76de16829e"}
{"name":"worker","pid":844,"phase":"INSTALL_DEPENDENCIES","buildId":"114e576c-7b66-4c0b-b583-a312a68da540","source":"stderr","level":30,"msg":"npm http fetch GET 200 https://registry.npmjs.org/ms/-/ms-2.1.3.tgz 662ms (cache miss)","time":"2026-10-08T12:41:31.044Z","v":0,"logId":"01a11b88-78a4-7647-9558-df7841c4ede9"}
{"name":"worker","pid":844,"phase":"INSTALL_DEPENDENCIES","buildId":"114e576c-7b66-4c0b-b583-a312a68da540","source":"stderr","level":30,"msg":"npm http fetch GET 200 https://registry.npmjs.org/nanoid/-/nanoid-3.3.19.tgz 664ms (cache miss)","time":"2026-10-08T12:41:31.046Z","v":0,"logId":"01a11b88-78a6-75c5-abdc-c4555104b4b3"}
{"name":"worker","pid":844,"phase":"INSTALL_DEPENDENCIES","buildId":"114e576c-7b66-4c0b-b583-a312a68da540","source":"stderr","level":30,"msg":"npm http fetch GET 200 https://registry.npmjs.org/pretty-format/-/pretty-format-29.7.0.tgz 666ms (cache miss)","time":"2026-10-08T12:41:31.047Z","v":0,"logId":"01a11b88-78a7-747e-b0ce-f647516e8121"}
{"name":"worker","pid":844,"phase":"INSTALL_DEPENDENCIES","buildId":"114e576c-7b66-4c0b-b583-a312a68da540","source":"stderr","level":30,"msg":"npm http fetch GET 200 https://registry.npmjs.org/metro-transform-worker/-/metro-transform-worker-0.84.6.tgz 681ms (cache miss)","time":"2026-10-08T12:41:31.068Z","v":0,"logId":"01a11b88-78bc-7d4b-b5f7-b0d2b2bf44da"}
{"name":"worker","pid":844,"phase":"INSTALL_DEPENDENCIES","buildId":"114e576c-7b66-4c0b-b583-a312a68da540","source":"stderr","level":30,"msg":"npm http fetch GET 200 https://registry.npmjs.org/nth-check/-/nth-check-2.1.1.tgz 696ms (cache miss)","time":"2026-10-08T12:41:31.078Z","v":0,"logId":"01a11b88-78c8-7f96-86f4-027f014b1ca8"}
{"name":"worker","pid":844,"phase":"INSTALL_DEPENDENCIES","buildId":"114e576c-7b66-4c0b-b583-a312a68da540","source":"stderr","level":30,"msg":"npm http fetch GET 200 https://registry.npmjs.org/mime-db/-/mime-db-1.52.0.tgz 695ms (cache miss)","time":"2026-10-08T12:41:31.080Z","v":0,"logId":"01a11b88-78c8-7f96-86f4-028068e8ea2a"}
{"name":"worker","pid":844,"phase":"INSTALL_DEPENDENCIES","buildId":"114e576c-7b66-4c0b-b583-a312a68da540","source":"stderr","level":30,"msg":"npm http fetch GET 200 https://registry.npmjs.org/metro-minify-terser/-/metro-minify-terser-0.84.6.tgz 699ms (cache miss)","time":"2026-10-08T12:41:31.082Z","v":0,"logId":"01a11b88-78ca-7851-964f-9f9b045e17f4"}
{"name":"worker","pid":844,"phase":"INSTALL_DEPENDENCIES","buildId":"114e576c-7b66-4c0b-b583-a312a68da540","source":"stderr","level":30,"msg":"npm http fetch GET 200 https://registry.npmjs.org/metro-babel-transformer/-/metro-babel-transformer-0.84.6.tgz 707ms (cache miss)","time":"2026-10-08T12:41:31.090Z","v":0,"logId":"01a11b88-78d2-76ce-9414-18ba3b17a5e9"}
{"name":"worker","pid":844,"phase":"INSTALL_DEPENDENCIES","buildId":"114e576c-7b66-4c0b-b583-a312a68da540","source":"stderr","level":30,"msg":"npm http fetch GET 200 https://registry.npmjs.org/metro-cache/-/metro-cache-0.84.6.tgz 707ms (cache miss)","time":"2026-10-08T12:41:31.091Z","v":0,"logId":"01a11b88-78d3-779b-b976-a089b8495a2e"}
{"name":"worker","pid":844,"phase":"INSTALL_DEPENDENCIES","buildId":"114e576c-7b66-4c0b-b583-a312a68da540","source":"stderr","level":30,"msg":"npm http fetch GET 200 https://registry.npmjs.org/metro-cache-key/-/metro-cache-key-0.84.6.tgz 712ms (cache miss)","time":"2026-10-08T12:41:31.096Z","v":0,"logId":"01a11b88-78d8-76f6-8331-ff6da5c64cf8"}
{"name":"worker","pid":844,"phase":"INSTALL_DEPENDENCIES","buildId":"114e576c-7b66-4c0b-b583-a312a68da540","source":"stderr","level":30,"msg":"npm http fetch GET 200 https://registry.npmjs.org/node-int64/-/node-int64-0.4.0.tgz 714ms (cache miss)","time":"2026-10-08T12:41:31.096Z","v":0,"logId":"01a11b88-78d8-76f6-8331-ff6e184bc486"}
{"name":"worker","pid":844,"phase":"INSTALL_DEPENDENCIES","buildId":"114e576c-7b66-4c0b-b583-a312a68da540","source":"stderr","level":30,"msg":"npm http fetch GET 200 https://registry.npmjs.org/postcss/-/postcss-8.5.29.tgz 720ms (cache miss)","time":"2026-10-08T12:41:31.101Z","v":0,"logId":"01a11b88-78dd-7f6f-a081-0c03773d49b8"}
{"name":"worker","pid":844,"phase":"INSTALL_DEPENDENCIES","buildId":"114e576c-7b66-4c0b-b583-a312a68da540","source":"stderr","level":30,"msg":"npm http fetch GET 200 https://registry.npmjs.org/pngjs/-/pngjs-3.4.0.tgz 720ms (cache miss)","time":"2026-10-08T12:41:31.101Z","v":0,"logId":"01a11b88-78dd-7f6f-a081-0c0472e8d004"}
{"name":"worker","pid":844,"phase":"INSTALL_DEPENDENCIES","buildId":"114e576c-7b66-4c0b-b583-a312a68da540","source":"stderr","level":30,"msg":"npm http fetch GET 200 https://registry.npmjs.org/metro-symbolicate/-/metro-symbolicate-0.84.6.tgz 722ms (cache miss)","time":"2026-10-08T12:41:31.105Z","v":0,"logId":"01a11b88-78e1-7d96-8903-7e0a8d92be78"}
{"name":"worker","pid":844,"phase":"INSTALL_DEPENDENCIES","buildId":"114e576c-7b66-4c0b-b583-a312a68da540","source":"stderr","level":30,"msg":"npm http fetch GET 200 https://registry.npmjs.org/makeerror/-/makeerror-1.0.12.tgz 723ms (cache miss)","time":"2026-10-08T12:41:31.108Z","v":0,"logId":"01a11b88-78e4-7b07-b72c-96bdea2243f9"}
{"name":"worker","pid":844,"phase":"INSTALL_DEPENDENCIES","buildId":"114e576c-7b66-4c0b-b583-a312a68da540","source":"stderr","level":30,"msg":"npm http fetch GET 200 https://registry.npmjs.org/loose-envify/-/loose-envify-1.4.0.tgz 723ms (cache miss)","time":"2026-10-08T12:41:31.108Z","v":0,"logId":"01a11b88-78e4-7b07-b72c-96be694ca7c7"}
{"name":"worker","pid":844,"phase":"INSTALL_DEPENDENCIES","buildId":"114e576c-7b66-4c0b-b583-a312a68da540","source":"stderr","level":30,"msg":"npm http fetch GET 200 https://registry.npmjs.org/marky/-/marky-1.3.0.tgz 724ms (cache miss)","time":"2026-10-08T12:41:31.108Z","v":0,"logId":"01a11b88-78e4-7b07-b72c-96bfe8110226"}
{"name":"worker","pid":844,"phase":"INSTALL_DEPENDENCIES","buildId":"114e576c-7b66-4c0b-b583-a312a68da540","source":"stderr","level":30,"msg":"npm http fetch GET 200 https://registry.npmjs.org/lru-cache/-/lru-cache-5.1.1.tgz 728ms (cache miss)","time":"2026-10-08T12:41:31.112Z","v":0,"logId":"01a11b88-78e8-737d-9873-c729f8cab1f1"}
{"name":"worker","pid":844,"phase":"INSTALL_DEPENDENCIES","buildId":"114e576c-7b66-4c0b-b583-a312a68da540","source":"stderr","level":30,"msg":"npm http fetch GET 200 https://registry.npmjs.org/metro-transform-plugins/-/metro-transform-plugins-0.84.6.tgz 730ms (cache miss)","time":"2026-10-08T12:41:31.113Z","v":0,"logId":"01a11b88-78e9-7806-94de-7f4bfc2f3549"}
{"name":"worker","pid":844,"phase":"INSTALL_DEPENDENCIES","buildId":"114e576c-7b66-4c0b-b583-a312a68da540","source":"stderr","level":30,"msg":"npm http fetch GET 200 https://registry.npmjs.org/metro-runtime/-/metro-runtime-0.84.6.tgz 734ms (cache miss)","time":"2026-10-08T12:41:31.117Z","v":0,"logId":"01a11b88-78ed-7b55-b6c3-1ad497cc9a3f"}
{"name":"worker","pid":844,"phase":"INSTALL_DEPENDENCIES","buildId":"114e576c-7b66-4c0b-b583-a312a68da540","source":"stderr","level":30,"msg":"npm http fetch GET 200 https://registry.npmjs.org/merge-options/-/merge-options-3.0.4.tgz 733ms (cache miss)","time":"2026-10-08T12:41:31.117Z","v":0,"logId":"01a11b88-78ed-7b55-b6c3-1ad5a2dfb28b"}
{"name":"worker","pid":844,"phase":"INSTALL_DEPENDENCIES","buildId":"114e576c-7b66-4c0b-b583-a312a68da540","source":"stderr","level":30,"msg":"npm http fetch GET 200 https://registry.npmjs.org/memoize-one/-/memoize-one-5.2.1.tgz 738ms (cache miss)","time":"2026-10-08T12:41:31.122Z","v":0,"logId":"01a11b88-78f2-71d0-a5ab-50733d8a67d5"}
{"name":"worker","pid":844,"phase":"INSTALL_DEPENDENCIES","buildId":"114e576c-7b66-4c0b-b583-a312a68da540","source":"stderr","level":30,"msg":"npm http fetch GET 200 https://registry.npmjs.org/lodash.debounce/-/lodash.debounce-4.0.8.tgz 742ms (cache miss)","time":"2026-10-08T12:41:31.126Z","v":0,"logId":"01a11b88-78f6-7707-9a30-3e950d4960f1"}
{"name":"worker","pid":844,"phase":"INSTALL_DEPENDENCIES","buildId":"114e576c-7b66-4c0b-b583-a312a68da540","source":"stderr","level":30,"msg":"npm http fetch GET 200 https://registry.npmjs.org/lodash.throttle/-/lodash.throttle-4.1.1.tgz 743ms (cache miss)","time":"2026-10-08T12:41:31.127Z","v":0,"logId":"01a11b88-78f7-73fa-872a-49f88af0b8ba"}
{"name":"worker","pid":844,"phase":"INSTALL_DEPENDENCIES","buildId":"114e576c-7b66-4c0b-b583-a312a68da540","source":"stderr","level":30,"msg":"npm http fetch GET 200 https://registry.npmjs.org/log-symbols/-/log-symbols-2.2.0.tgz 751ms (cache miss)","time":"2026-10-08T12:41:31.135Z","v":0,"logId":"01a11b88-78ff-7460-9d15-95cacc98a70f"}
{"name":"worker","pid":844,"phase":"INSTALL_DEPENDENCIES","buildId":"114e576c-7b66-4c0b-b583-a312a68da540","source":"stderr","level":30,"msg":"npm http fetch GET 200 https://registry.npmjs.org/lan-network/-/lan-network-0.2.1.tgz 750ms (cache miss)","time":"2026-10-08T12:41:31.136Z","v":0,"logId":"01a11b88-7900-7335-8500-01bd7d8180c2"}
{"name":"worker","pid":844,"phase":"INSTALL_DEPENDENCIES","buildId":"114e576c-7b66-4c0b-b583-a312a68da540","source":"stderr","level":30,"msg":"npm http fetch GET 200 https://registry.npmjs.org/kleur/-/kleur-3.0.3.tgz 754ms (cache miss)","time":"2026-10-08T12:41:31.139Z","v":0,"logId":"01a11b88-7903-736d-9cf1-5cf12e4c78f5"}
{"name":"worker","pid":844,"phase":"INSTALL_DEPENDENCIES","buildId":"114e576c-7b66-4c0b-b583-a312a68da540","source":"stderr","level":30,"msg":"npm http fetch GET 200 https://registry.npmjs.org/merge-stream/-/merge-stream-2.0.0.tgz 776ms (cache miss)","time":"2026-10-08T12:41:31.160Z","v":0,"logId":"01a11b88-7918-7843-8592-b493ac173d03"}
{"name":"worker","pid":844,"phase":"INSTALL_DEPENDENCIES","buildId":"114e576c-7b66-4c0b-b583-a312a68da540","source":"stderr","level":30,"msg":"npm http fetch GET 200 https://registry.npmjs.org/jsesc/-/jsesc-3.1.0.tgz 775ms (cache miss)","time":"2026-10-08T12:41:31.160Z","v":0,"logId":"01a11b88-7919-7464-9101-782a4d157c5c"}
{"name":"worker","pid":844,"phase":"INSTALL_DEPENDENCIES","buildId":"114e576c-7b66-4c0b-b583-a312a68da540","source":"stderr","level":30,"msg":"npm http fetch GET 200 https://registry.npmjs.org/leven/-/leven-3.1.0.tgz 780ms (cache miss)","time":"2026-10-08T12:41:31.166Z","v":0,"logId":"01a11b88-791e-745e-b30d-443011767abe"}
{"name":"worker","pid":844,"phase":"INSTALL_DEPENDENCIES","buildId":"114e576c-7b66-4c0b-b583-a312a68da540","source":"stderr","level":30,"msg":"npm http fetch GET 200 https://registry.npmjs.org/metro-core/-/metro-core-0.84.6.tgz 783ms (cache miss)","time":"2026-10-08T12:41:31.167Z","v":0,"logId":"01a11b88-791f-71f3-83af-993af1128b23"}
{"name":"worker","pid":844,"phase":"INSTALL_DEPENDENCIES","buildId":"114e576c-7b66-4c0b-b583-a312a68da540","source":"stderr","level":30,"msg":"npm http fetch GET 200 https://registry.npmjs.org/micromatch/-/micromatch-4.0.8.tgz 790ms (cache miss)","time":"2026-10-08T12:41:31.173Z","v":0,"logId":"01a11b88-7925-79ef-91b7-c29c66ec5621"}
{"name":"worker","pid":844,"phase":"INSTALL_DEPENDENCIES","buildId":"114e576c-7b66-4c0b-b583-a312a68da540","source":"stderr","level":30,"msg":"npm http fetch GET 200 https://registry.npmjs.org/js-tokens/-/js-tokens-4.0.0.tgz 794ms (cache miss)","time":"2026-10-08T12:41:31.180Z","v":0,"logId":"01a11b88-792c-79c1-b3c0-a928c071109a"}
{"name":"worker","pid":844,"phase":"INSTALL_DEPENDENCIES","buildId":"114e576c-7b66-4c0b-b583-a312a68da540","source":"stderr","level":30,"msg":"npm http fetch GET 200 https://registry.npmjs.org/is-plain-obj/-/is-plain-obj-2.1.0.tgz 806ms (cache miss)","time":"2026-10-08T12:41:31.192Z","v":0,"logId":"01a11b88-7938-7e28-a1ca-9eaf16d671a8"}
{"name":"worker","pid":844,"phase":"INSTALL_DEPENDENCIES","buildId":"114e576c-7b66-4c0b-b583-a312a68da540","source":"stderr","level":30,"msg":"npm http fetch GET 200 https://registry.npmjs.org/jest-get-type/-/jest-get-type-29.6.3.tgz 807ms (cache miss)","time":"2026-10-08T12:41:31.193Z","v":0,"logId":"01a11b88-7939-7af0-879d-c976c2294d38"}
{"name":"worker","pid":844,"phase":"INSTALL_DEPENDENCIES","buildId":"114e576c-7b66-4c0b-b583-a312a68da540","source":"stderr","level":30,"msg":"npm http fetch GET 200 https://registry.npmjs.org/is-docker/-/is-docker-2.2.1.tgz 808ms (cache miss)","time":"2026-10-08T12:41:31.195Z","v":0,"logId":"01a11b88-793b-7edf-abb0-551b4df5069e"}
{"name":"worker","pid":844,"phase":"INSTALL_DEPENDENCIES","buildId":"114e576c-7b66-4c0b-b583-a312a68da540","source":"stderr","level":30,"msg":"npm http fetch GET 200 https://registry.npmjs.org/is-wsl/-/is-wsl-2.2.0.tgz 808ms (cache miss)","time":"2026-10-08T12:41:31.195Z","v":0,"logId":"01a11b88-793b-7edf-abb0-551c9376c3cc"}
{"name":"worker","pid":844,"phase":"INSTALL_DEPENDENCIES","buildId":"114e576c-7b66-4c0b-b583-a312a68da540","source":"stderr","level":30,"msg":"npm http fetch GET 200 https://registry.npmjs.org/mdn-data/-/mdn-data-2.0.14.tgz 812ms (cache miss)","time":"2026-10-08T12:41:31.196Z","v":0,"logId":"01a11b88-793c-7e13-a8b5-e9629598410b"}
{"name":"worker","pid":844,"phase":"INSTALL_DEPENDENCIES","buildId":"114e576c-7b66-4c0b-b583-a312a68da540","source":"stderr","level":30,"msg":"npm http fetch GET 200 https://registry.npmjs.org/is-core-module/-/is-core-module-2.17.0.tgz 810ms (cache miss)","time":"2026-10-08T12:41:31.197Z","v":0,"logId":"01a11b88-793d-7ef6-a616-81c1544a2f0c"}
{"name":"worker","pid":844,"phase":"INSTALL_DEPENDENCIES","buildId":"114e576c-7b66-4c0b-b583-a312a68da540","source":"stderr","level":30,"msg":"npm http fetch GET 200 https://registry.npmjs.org/invariant/-/invariant-2.2.4.tgz 820ms (cache miss)","time":"2026-10-08T12:41:31.207Z","v":0,"logId":"01a11b88-7947-7b86-9b19-3d5a33f3048c"}
{"name":"worker","pid":844,"phase":"INSTALL_DEPENDENCIES","buildId":"114e576c-7b66-4c0b-b583-a312a68da540","source":"stderr","level":30,"msg":"npm http fetch GET 200 https://registry.npmjs.org/lightningcss/-/lightningcss-1.33.0.tgz 835ms (cache miss)","time":"2026-10-08T12:41:31.220Z","v":0,"logId":"01a11b88-7954-729f-8f74-f80f494a829e"}
{"name":"worker","pid":844,"phase":"INSTALL_DEPENDENCIES","buildId":"114e576c-7b66-4c0b-b583-a312a68da540","source":"stderr","level":30,"msg":"npm http fetch GET 200 https://registry.npmjs.org/zxing-wasm/-/zxing-wasm-3.1.3.tgz 856ms (cache miss)","time":"2026-10-08T12:41:31.223Z","v":0,"logId":"01a11b88-7957-77a3-a1a7-4edd2417e208"}
{"name":"worker","pid":844,"phase":"INSTALL_DEPENDENCIES","buildId":"114e576c-7b66-4c0b-b583-a312a68da540","source":"stderr","level":30,"msg":"npm http fetch GET 200 https://registry.npmjs.org/jest-validate/-/jest-validate-29.7.0.tgz 841ms (cache miss)","time":"2026-10-08T12:41:31.227Z","v":0,"logId":"01a11b88-795b-7b86-a4a1-9248cb53dbb5"}
{"name":"worker","pid":844,"phase":"INSTALL_DEPENDENCIES","buildId":"114e576c-7b66-4c0b-b583-a312a68da540","source":"stderr","level":30,"msg":"npm http fetch GET 200 https://registry.npmjs.org/ignore/-/ignore-5.3.2.tgz 840ms (cache miss)","time":"2026-10-08T12:41:31.227Z","v":0,"logId":"01a11b88-795b-7b86-a4a1-92491f4c3b98"}
{"name":"worker","pid":844,"phase":"INSTALL_DEPENDENCIES","buildId":"114e576c-7b66-4c0b-b583-a312a68da540","source":"stderr","level":30,"msg":"npm http fetch GET 200 https://registry.npmjs.org/inherits/-/inherits-2.0.4.tgz 844ms (cache miss)","time":"2026-10-08T12:41:31.231Z","v":0,"logId":"01a11b88-795f-758a-9a17-f76d94340d40"}
{"name":"worker","pid":844,"phase":"INSTALL_DEPENDENCIES","buildId":"114e576c-7b66-4c0b-b583-a312a68da540","source":"stderr","level":30,"msg":"npm http fetch GET 200 https://registry.npmjs.org/http-errors/-/http-errors-2.0.1.tgz 857ms (cache miss)","time":"2026-10-08T12:41:31.245Z","v":0,"logId":"01a11b88-796d-7a33-ae25-caa36e5680ff"}
{"name":"worker","pid":844,"phase":"INSTALL_DEPENDENCIES","buildId":"114e576c-7b66-4c0b-b583-a312a68da540","source":"stderr","level":30,"msg":"npm http fetch GET 200 https://registry.npmjs.org/hasown/-/hasown-2.0.4.tgz 860ms (cache miss)","time":"2026-10-08T12:41:31.248Z","v":0,"logId":"01a11b88-7970-7b94-a304-456481a2471c"}
{"name":"worker","pid":844,"phase":"INSTALL_DEPENDENCIES","buildId":"114e576c-7b66-4c0b-b583-a312a68da540","source":"stderr","level":30,"msg":"npm http fetch GET 200 https://registry.npmjs.org/jsc-safe-url/-/jsc-safe-url-0.2.4.tgz 864ms (cache miss)","time":"2026-10-08T12:41:31.249Z","v":0,"logId":"01a11b88-7971-7f9c-846b-37f0968ca813"}
{"name":"worker","pid":844,"phase":"INSTALL_DEPENDENCIES","buildId":"114e576c-7b66-4c0b-b583-a312a68da540","source":"stderr","level":30,"msg":"npm http fetch GET 200 https://registry.npmjs.org/has-tostringtag/-/has-tostringtag-1.0.2.tgz 864ms (cache miss)","time":"2026-10-08T12:41:31.252Z","v":0,"logId":"01a11b88-7974-72aa-9f70-defdc30af088"}
{"name":"worker","pid":844,"phase":"INSTALL_DEPENDENCIES","buildId":"114e576c-7b66-4c0b-b583-a312a68da540","source":"stderr","level":30,"msg":"npm http fetch GET 200 https://registry.npmjs.org/gopd/-/gopd-1.2.0.tgz 866ms (cache miss)","time":"2026-10-08T12:41:31.255Z","v":0,"logId":"01a11b88-7977-7cc2-ba62-0a7b9060df4d"}
{"name":"worker","pid":844,"phase":"INSTALL_DEPENDENCIES","buildId":"114e576c-7b66-4c0b-b583-a312a68da540","source":"stderr","level":30,"msg":"npm http fetch GET 200 https://registry.npmjs.org/math-intrinsics/-/math-intrinsics-1.1.0.tgz 868ms (cache miss)","time":"2026-10-08T12:41:31.256Z","v":0,"logId":"01a11b88-7978-7316-9f71-ddf869a8753e"}
{"name":"worker","pid":844,"phase":"INSTALL_DEPENDENCIES","buildId":"114e576c-7b66-4c0b-b583-a312a68da540","source":"stderr","level":30,"msg":"npm http fetch GET 200 https://registry.npmjs.org/https-proxy-agent/-/https-proxy-agent-5.0.1.tgz 871ms (cache miss)","time":"2026-10-08T12:41:31.258Z","v":0,"logId":"01a11b88-797a-792e-ba95-b43ec94455e2"}
{"name":"worker","pid":844,"phase":"INSTALL_DEPENDENCIES","buildId":"114e576c-7b66-4c0b-b583-a312a68da540","source":"stderr","level":30,"msg":"npm http fetch GET 200 https://registry.npmjs.org/json5/-/json5-2.2.3.tgz 878ms (cache miss)","time":"2026-10-08T12:41:31.263Z","v":0,"logId":"01a11b88-797f-7b91-b1db-ca0f67d3fbc1"}
{"name":"worker","pid":844,"phase":"INSTALL_DEPENDENCIES","buildId":"114e576c-7b66-4c0b-b583-a312a68da540","source":"stderr","level":30,"msg":"npm http fetch GET 200 https://registry.npmjs.org/has-flag/-/has-flag-4.0.0.tgz 876ms (cache miss)","time":"2026-10-08T12:41:31.264Z","v":0,"logId":"01a11b88-7980-7a9c-9d54-d99a74d51c79"}
{"name":"worker","pid":844,"phase":"INSTALL_DEPENDENCIES","buildId":"114e576c-7b66-4c0b-b583-a312a68da540","source":"stderr","level":30,"msg":"npm http fetch GET 200 https://registry.npmjs.org/prompts/-/prompts-2.4.2.tgz 893ms (cache miss)","time":"2026-10-08T12:41:31.273Z","v":0,"logId":"01a11b88-7989-79b7-a597-d1c8aa9e8cd2"}
{"name":"worker","pid":844,"phase":"INSTALL_DEPENDENCIES","buildId":"114e576c-7b66-4c0b-b583-a312a68da540","source":"stderr","level":30,"msg":"npm http fetch GET 200 https://registry.npmjs.org/hosted-git-info/-/hosted-git-info-7.0.2.tgz 886ms (cache miss)","time":"2026-10-08T12:41:31.274Z","v":0,"logId":"01a11b88-798a-726b-8344-b47c40f3a941"}
{"name":"worker","pid":844,"phase":"INSTALL_DEPENDENCIES","buildId":"114e576c-7b66-4c0b-b583-a312a68da540","source":"stderr","level":30,"msg":"npm http fetch GET 200 https://registry.npmjs.org/is-number/-/is-number-7.0.0.tgz 892ms (cache miss)","time":"2026-10-08T12:41:31.278Z","v":0,"logId":"01a11b88-798e-7ab2-86a2-ee1408a8bfd6"}
{"name":"worker","pid":844,"phase":"INSTALL_DEPENDENCIES","buildId":"114e576c-7b66-4c0b-b583-a312a68da540","source":"stderr","level":30,"msg":"npm http fetch GET 200 https://registry.npmjs.org/getenv/-/getenv-2.0.0.tgz 892ms (cache miss)","time":"2026-10-08T12:41:31.281Z","v":0,"logId":"01a11b88-7991-7dab-9682-cd3ad25253a9"}
{"name":"worker","pid":844,"phase":"INSTALL_DEPENDENCIES","buildId":"114e576c-7b66-4c0b-b583-a312a68da540","source":"stderr","level":30,"msg":"npm http fetch GET 200 https://registry.npmjs.org/has-symbols/-/has-symbols-1.1.0.tgz 892ms (cache miss)","time":"2026-10-08T12:41:31.282Z","v":0,"logId":"01a11b88-7992-74f4-b895-05eb03b4f976"}
{"name":"worker","pid":844,"phase":"INSTALL_DEPENDENCIES","buildId":"114e576c-7b66-4c0b-b583-a312a68da540","source":"stderr","level":30,"msg":"npm http fetch GET 200 https://registry.npmjs.org/lighthouse-logger/-/lighthouse-logger-1.4.2.tgz 899ms (cache miss)","time":"2026-10-08T12:41:31.284Z","v":0,"logId":"01a11b88-7994-72ee-8963-88800a81b81d"}
{"name":"worker","pid":844,"phase":"INSTALL_DEPENDENCIES","buildId":"114e576c-7b66-4c0b-b583-a312a68da540","source":"stderr","level":30,"msg":"npm http fetch GET 200 https://registry.npmjs.org/jest-util/-/jest-util-29.7.0.tgz 900ms (cache miss)","time":"2026-10-08T12:41:31.287Z","v":0,"logId":"01a11b88-7997-7797-a1fb-ee52311bed62"}
{"name":"worker","pid":844,"phase":"INSTALL_DEPENDENCIES","buildId":"114e576c-7b66-4c0b-b583-a312a68da540","source":"stderr","level":30,"msg":"npm http fetch GET 200 https://registry.npmjs.org/get-intrinsic/-/get-intrinsic-1.3.0.tgz 899ms (cache miss)","time":"2026-10-08T12:41:31.288Z","v":0,"logId":"01a11b88-7998-7ec0-9829-23efb0e21d7b"}
{"name":"worker","pid":844,"phase":"INSTALL_DEPENDENCIES","buildId":"114e576c-7b66-4c0b-b583-a312a68da540","source":"stderr","level":30,"msg":"npm http fetch GET 200 https://registry.npmjs.org/function-bind/-/function-bind-1.1.2.tgz 899ms (cache miss)","time":"2026-10-08T12:41:31.288Z","v":0,"logId":"01a11b88-7998-7ec0-9829-23f0c4599526"}
{"name":"worker","pid":844,"phase":"INSTALL_DEPENDENCIES","buildId":"114e576c-7b66-4c0b-b583-a312a68da540","source":"stderr","level":30,"msg":"npm http fetch GET 200 https://registry.npmjs.org/jest-worker/-/jest-worker-29.7.0.tgz 905ms (cache miss)","time":"2026-10-08T12:41:31.291Z","v":0,"logId":"01a11b88-799b-7c28-8379-3af298c455ef"}
{"name":"worker","pid":844,"phase":"INSTALL_DEPENDENCIES","buildId":"114e576c-7b66-4c0b-b583-a312a68da540","source":"stderr","level":30,"msg":"npm http fetch GET 200 https://registry.npmjs.org/get-proto/-/get-proto-1.0.1.tgz 902ms (cache miss)","time":"2026-10-08T12:41:31.291Z","v":0,"logId":"01a11b88-799b-7c28-8379-3af301246027"}
{"name":"worker","pid":844,"phase":"INSTALL_DEPENDENCIES","buildId":"114e576c-7b66-4c0b-b583-a312a68da540","source":"stderr","level":30,"msg":"npm http fetch GET 200 https://registry.npmjs.org/fresh/-/fresh-0.5.2.tgz 905ms (cache miss)","time":"2026-10-08T12:41:31.294Z","v":0,"logId":"01a11b88-799e-71a1-983e-3a012493b3e5"}
{"name":"worker","pid":844,"phase":"INSTALL_DEPENDENCIES","buildId":"114e576c-7b66-4c0b-b583-a312a68da540","source":"stderr","level":30,"msg":"npm http fetch GET 200 https://registry.npmjs.org/form-data/-/form-data-4.0.6.tgz 907ms (cache miss)","time":"2026-10-08T12:41:31.297Z","v":0,"logId":"01a11b88-79a1-7df3-a808-fe1c263b6049"}
{"name":"worker","pid":844,"phase":"INSTALL_DEPENDENCIES","buildId":"114e576c-7b66-4c0b-b583-a312a68da540","source":"stderr","level":30,"msg":"npm http fetch GET 200 https://registry.npmjs.org/jimp-compact/-/jimp-compact-0.16.1.tgz 913ms (cache miss)","time":"2026-10-08T12:41:31.299Z","v":0,"logId":"01a11b88-79a3-7ae0-bdc1-53aceaa943dd"}
{"name":"worker","pid":844,"phase":"INSTALL_DEPENDENCIES","buildId":"114e576c-7b66-4c0b-b583-a312a68da540","source":"stderr","level":30,"msg":"npm http fetch GET 200 https://registry.npmjs.org/gensync/-/gensync-1.0.0-beta.2.tgz 914ms (cache miss)","time":"2026-10-08T12:41:31.303Z","v":0,"logId":"01a11b88-79a7-7dd3-a096-ee7315c19199"}
{"name":"worker","pid":844,"phase":"INSTALL_DEPENDENCIES","buildId":"114e576c-7b66-4c0b-b583-a312a68da540","source":"stderr","level":30,"msg":"npm http fetch GET 200 https://registry.npmjs.org/finalhandler/-/finalhandler-1.1.2.tgz 934ms (cache miss)","time":"2026-10-08T12:41:31.324Z","v":0,"logId":"01a11b88-79bc-78bd-82ea-26d92f98fd0a"}
{"name":"worker","pid":844,"phase":"INSTALL_DEPENDENCIES","buildId":"114e576c-7b66-4c0b-b583-a312a68da540","source":"stderr","level":30,"msg":"npm http fetch GET 200 https://registry.npmjs.org/fontfaceobserver/-/fontfaceobserver-2.3.0.tgz 936ms (cache miss)","time":"2026-10-08T12:41:31.325Z","v":0,"logId":"01a11b88-79bd-72ca-8888-5c56822c1102"}
{"name":"worker","pid":844,"phase":"INSTALL_DEPENDENCIES","buildId":"114e576c-7b66-4c0b-b583-a312a68da540","source":"stderr","level":30,"msg":"npm http fetch GET 200 https://registry.npmjs.org/follow-redirects/-/follow-redirects-1.16.0.tgz 938ms (cache miss)","time":"2026-10-08T12:41:31.328Z","v":0,"logId":"01a11b88-79c0-749e-bd79-a79c64eb68b0"}
{"name":"worker","pid":844,"phase":"INSTALL_DEPENDENCIES","buildId":"114e576c-7b66-4c0b-b583-a312a68da540","source":"stderr","level":30,"msg":"npm http fetch GET 200 https://registry.npmjs.org/fb-watchman/-/fb-watchman-2.0.2.tgz 940ms (cache miss)","time":"2026-10-08T12:41:31.330Z","v":0,"logId":"01a11b88-79c2-7c01-a065-0b833c634ce7"}
{"name":"worker","pid":844,"phase":"INSTALL_DEPENDENCIES","buildId":"114e576c-7b66-4c0b-b583-a312a68da540","source":"stderr","level":30,"msg":"npm http fetch GET 200 https://registry.npmjs.org/fill-range/-/fill-range-7.1.1.tgz 942ms (cache miss)","time":"2026-10-08T12:41:31.332Z","v":0,"logId":"01a11b88-79c4-795b-9eea-0e484e15bc18"}
{"name":"worker","pid":844,"phase":"INSTALL_DEPENDENCIES","buildId":"114e576c-7b66-4c0b-b583-a312a68da540","source":"stderr","level":30,"msg":"npm http fetch GET 200 https://registry.npmjs.org/metro-source-map/-/metro-source-map-0.84.6.tgz 953ms (cache miss)","time":"2026-10-08T12:41:31.336Z","v":0,"logId":"01a11b88-79c8-78f2-825d-c9efd1a39094"}
{"name":"worker","pid":844,"phase":"INSTALL_DEPENDENCIES","buildId":"114e576c-7b66-4c0b-b583-a312a68da540","source":"stderr","level":30,"msg":"npm http fetch GET 200 https://registry.npmjs.org/flow-enums-runtime/-/flow-enums-runtime-0.0.6.tgz 946ms (cache miss)","time":"2026-10-08T12:41:31.336Z","v":0,"logId":"01a11b88-79c8-78f2-825d-c9f0a507167e"}
{"name":"worker","pid":844,"phase":"INSTALL_DEPENDENCIES","buildId":"114e576c-7b66-4c0b-b583-a312a68da540","source":"stderr","level":30,"msg":"npm http fetch GET 200 https://registry.npmjs.org/fetch-nodeshim/-/fetch-nodeshim-0.4.10.tgz 953ms (cache miss)","time":"2026-10-08T12:41:31.343Z","v":0,"logId":"01a11b88-79cf-7804-bdb1-988132b580d5"}
{"name":"worker","pid":844,"phase":"INSTALL_DEPENDENCIES","buildId":"114e576c-7b66-4c0b-b583-a312a68da540","source":"stderr","level":30,"msg":"npm http fetch GET 200 https://registry.npmjs.org/fast-deep-equal/-/fast-deep-equal-3.1.3.tgz 962ms (cache miss)","time":"2026-10-08T12:41:31.353Z","v":0,"logId":"01a11b88-79d9-7dd0-9033-073338c126e6"}
{"name":"worker","pid":844,"phase":"INSTALL_DEPENDENCIES","buildId":"114e576c-7b66-4c0b-b583-a312a68da540","source":"stderr","level":30,"msg":"npm http fetch GET 200 https://registry.npmjs.org/hermes-estree/-/hermes-estree-0.36.0.tgz 977ms (cache miss)","time":"2026-10-08T12:41:31.365Z","v":0,"logId":"01a11b88-79e5-7f32-9ee6-49a5d391486f"}
{"name":"worker","pid":844,"phase":"INSTALL_DEPENDENCIES","buildId":"114e576c-7b66-4c0b-b583-a312a68da540","source":"stderr","level":30,"msg":"npm http fetch GET 200 https://registry.npmjs.org/etag/-/etag-1.8.1.tgz 1005ms (cache miss)","time":"2026-10-08T12:41:31.396Z","v":0,"logId":"01a11b88-7a04-7096-85db-ae56f40dba97"}
{"name":"worker","pid":844,"phase":"INSTALL_DEPENDENCIES","buildId":"114e576c-7b66-4c0b-b583-a312a68da540","source":"stderr","level":30,"msg":"npm http fetch GET 200 https://registry.npmjs.org/node-forge/-/node-forge-1.4.0.tgz 1022ms (cache miss)","time":"2026-10-08T12:41:31.404Z","v":0,"logId":"01a11b88-7a0c-70bc-a08a-94cee5738982"}
{"name":"worker","pid":844,"phase":"INSTALL_DEPENDENCIES","buildId":"114e576c-7b66-4c0b-b583-a312a68da540","source":"stderr","level":30,"msg":"npm http fetch GET 200 https://registry.npmjs.org/metro-config/-/metro-config-0.84.6.tgz 1024ms (cache miss)","time":"2026-10-08T12:41:31.407Z","v":0,"logId":"01a11b88-7a0f-7610-923c-8811b94fb814"}
{"name":"worker","pid":844,"phase":"INSTALL_DEPENDENCIES","buildId":"114e576c-7b66-4c0b-b583-a312a68da540","source":"stderr","level":30,"msg":"npm http fetch GET 200 https://registry.npmjs.org/minimatch/-/minimatch-10.2.6.tgz 1027ms (cache miss)","time":"2026-10-08T12:41:31.409Z","v":0,"logId":"01a11b88-7a11-78e0-bcc3-1788f032b4c6"}
{"name":"worker","pid":844,"phase":"INSTALL_DEPENDENCIES","buildId":"114e576c-7b66-4c0b-b583-a312a68da540","source":"stderr","level":30,"msg":"npm http fetch GET 200 https://registry.npmjs.org/escape-html/-/escape-html-1.0.3.tgz 1019ms (cache miss)","time":"2026-10-08T12:41:31.411Z","v":0,"logId":"01a11b88-7a13-7706-ae17-5d8090f504b9"}
{"name":"worker","pid":844,"phase":"INSTALL_DEPENDENCIES","buildId":"114e576c-7b66-4c0b-b583-a312a68da540","source":"stderr","level":30,"msg":"npm http fetch GET 200 https://registry.npmjs.org/es-object-atoms/-/es-object-atoms-1.1.2.tgz 1022ms (cache miss)","time":"2026-10-08T12:41:31.415Z","v":0,"logId":"01a11b88-7a17-7b4e-a547-4a872d904b68"}
{"name":"worker","pid":844,"phase":"INSTALL_DEPENDENCIES","buildId":"114e576c-7b66-4c0b-b583-a312a68da540","source":"stderr","level":30,"msg":"npm http fetch GET 200 https://registry.npmjs.org/es-errors/-/es-errors-1.3.0.tgz 1027ms (cache miss)","time":"2026-10-08T12:41:31.419Z","v":0,"logId":"01a11b88-7a1b-777a-a79b-51cf5b49bdfa"}
{"name":"worker","pid":844,"phase":"INSTALL_DEPENDENCIES","buildId":"114e576c-7b66-4c0b-b583-a312a68da540","source":"stderr","level":30,"msg":"npm http fetch GET 200 https://registry.npmjs.org/es-set-tostringtag/-/es-set-tostringtag-2.1.0.tgz 1033ms (cache miss)","time":"2026-10-08T12:41:31.426Z","v":0,"logId":"01a11b88-7a23-7dd2-8823-4ae9a47d8c31"}
{"name":"worker","pid":844,"phase":"INSTALL_DEPENDENCIES","buildId":"114e576c-7b66-4c0b-b583-a312a68da540","source":"stderr","level":30,"msg":"npm http fetch GET 200 https://registry.npmjs.org/escape-string-regexp/-/escape-string-regexp-4.0.0.tgz 1036ms (cache miss)","time":"2026-10-08T12:41:31.427Z","v":0,"logId":"01a11b88-7a23-7dd2-8823-4aeae9cbfd9a"}
{"name":"worker","pid":844,"phase":"INSTALL_DEPENDENCIES","buildId":"114e576c-7b66-4c0b-b583-a312a68da540","source":"stderr","level":30,"msg":"npm http fetch GET 200 https://registry.npmjs.org/error-stack-parser/-/error-stack-parser-2.1.4.tgz 1055ms (cache miss)","time":"2026-10-08T12:41:31.448Z","v":0,"logId":"01a11b88-7a38-791e-8ccf-f7e3ede917a2"}
{"name":"worker","pid":844,"phase":"INSTALL_DEPENDENCIES","buildId":"114e576c-7b66-4c0b-b583-a312a68da540","source":"stderr","level":30,"msg":"npm http fetch GET 200 https://registry.npmjs.org/es-define-property/-/es-define-property-1.0.1.tgz 1086ms (cache miss)","time":"2026-10-08T12:41:31.479Z","v":0,"logId":"01a11b88-7a57-7f8c-a686-50ab26748992"}
{"name":"worker","pid":844,"phase":"INSTALL_DEPENDENCIES","buildId":"114e576c-7b66-4c0b-b583-a312a68da540","source":"stderr","level":30,"msg":"npm http fetch GET 200 https://registry.npmjs.org/dunder-proto/-/dunder-proto-1.0.1.tgz 1086ms (cache miss)","time":"2026-10-08T12:41:31.480Z","v":0,"logId":"01a11b88-7a58-7538-aa70-7e3451954421"}
{"name":"worker","pid":844,"phase":"INSTALL_DEPENDENCIES","buildId":"114e576c-7b66-4c0b-b583-a312a68da540","source":"stderr","level":30,"msg":"npm http fetch GET 200 https://registry.npmjs.org/encodeurl/-/encodeurl-1.0.2.tgz 1086ms (cache miss)","time":"2026-10-08T12:41:31.480Z","v":0,"logId":"01a11b88-7a58-7538-aa70-7e35ada00642"}
{"name":"worker","pid":844,"phase":"INSTALL_DEPENDENCIES","buildId":"114e576c-7b66-4c0b-b583-a312a68da540","source":"stderr","level":30,"msg":"npm http fetch GET 200 https://registry.npmjs.org/event-target-shim/-/event-target-shim-5.0.1.tgz 1090ms (cache miss)","time":"2026-10-08T12:41:31.483Z","v":0,"logId":"01a11b88-7a5b-745c-817f-1216883c89ff"}
{"name":"worker","pid":844,"phase":"INSTALL_DEPENDENCIES","buildId":"114e576c-7b66-4c0b-b583-a312a68da540","source":"stderr","level":30,"msg":"npm http fetch GET 200 https://registry.npmjs.org/domelementtype/-/domelementtype-2.3.0.tgz 1106ms (cache miss)","time":"2026-10-08T12:41:31.499Z","v":0,"logId":"01a11b88-7a6b-7f3f-a018-4b76941e6d1b"}
{"name":"worker","pid":844,"phase":"INSTALL_DEPENDENCIES","buildId":"114e576c-7b66-4c0b-b583-a312a68da540","source":"stderr","level":30,"msg":"npm http fetch GET 200 https://registry.npmjs.org/ee-first/-/ee-first-1.1.1.tgz 1110ms (cache miss)","time":"2026-10-08T12:41:31.503Z","v":0,"logId":"01a11b88-7a6f-7815-b3b6-a449e3237a1a"}
{"name":"worker","pid":844,"phase":"INSTALL_DEPENDENCIES","buildId":"114e576c-7b66-4c0b-b583-a312a68da540","source":"stderr","level":30,"msg":"npm http fetch GET 200 https://registry.npmjs.org/domhandler/-/domhandler-5.0.3.tgz 1112ms (cache miss)","time":"2026-10-08T12:41:31.506Z","v":0,"logId":"01a11b88-7a72-7aa2-a760-d50bc9ccdee6"}
{"name":"worker","pid":844,"phase":"INSTALL_DEPENDENCIES","buildId":"114e576c-7b66-4c0b-b583-a312a68da540","source":"stderr","level":30,"msg":"npm http fetch GET 200 https://registry.npmjs.org/depd/-/depd-2.0.0.tgz 1117ms (cache miss)","time":"2026-10-08T12:41:31.511Z","v":0,"logId":"01a11b88-7a77-7d05-84e4-26b599cba778"}
{"name":"worker","pid":844,"phase":"INSTALL_DEPENDENCIES","buildId":"114e576c-7b66-4c0b-b583-a312a68da540","source":"stderr","level":30,"msg":"npm http fetch GET 200 https://registry.npmjs.org/destroy/-/destroy-1.2.0.tgz 1126ms (cache miss)","time":"2026-10-08T12:41:31.520Z","v":0,"logId":"01a11b88-7a81-7da0-8988-719a7d775138"}
{"name":"worker","pid":844,"phase":"INSTALL_DEPENDENCIES","buildId":"114e576c-7b66-4c0b-b583-a312a68da540","source":"stderr","level":30,"msg":"npm http fetch GET 200 https://registry.npmjs.org/delayed-stream/-/delayed-stream-1.0.0.tgz 1128ms (cache miss)","time":"2026-10-08T12:41:31.522Z","v":0,"logId":"01a11b88-7a82-7526-a267-b3bb1c6aa356"}
{"name":"worker","pid":844,"phase":"INSTALL_DEPENDENCIES","buildId":"114e576c-7b66-4c0b-b583-a312a68da540","source":"stderr","level":30,"msg":"npm http fetch GET 200 https://registry.npmjs.org/deepmerge/-/deepmerge-4.3.1.tgz 1128ms (cache miss)","time":"2026-10-08T12:41:31.522Z","v":0,"logId":"01a11b88-7a82-7526-a267-b3bca6fc113e"}
{"name":"worker","pid":844,"phase":"INSTALL_DEPENDENCIES","buildId":"114e576c-7b66-4c0b-b583-a312a68da540","source":"stderr","level":30,"msg":"npm http fetch GET 200 https://registry.npmjs.org/metro-resolver/-/metro-resolver-0.84.6.tgz 1145ms (cache miss)","time":"2026-10-08T12:41:31.528Z","v":0,"logId":"01a11b88-7a88-7374-b746-26996398755d"}
{"name":"worker","pid":844,"phase":"INSTALL_DEPENDENCIES","buildId":"114e576c-7b66-4c0b-b583-a312a68da540","source":"stderr","level":30,"msg":"npm http fetch GET 200 https://registry.npmjs.org/defaults/-/defaults-1.0.4.tgz 1133ms (cache miss)","time":"2026-10-08T12:41:31.529Z","v":0,"logId":"01a11b88-7a89-7496-b1c6-f046e165c868"}
{"name":"worker","pid":844,"phase":"INSTALL_DEPENDENCIES","buildId":"114e576c-7b66-4c0b-b583-a312a68da540","source":"stderr","level":30,"msg":"npm http fetch GET 200 https://registry.npmjs.org/debug/-/debug-4.4.3.tgz 1134ms (cache miss)","time":"2026-10-08T12:41:31.531Z","v":0,"logId":"01a11b88-7a8b-7bcb-9c2e-30d9752fe3db"}
{"name":"worker","pid":844,"phase":"INSTALL_DEPENDENCIES","buildId":"114e576c-7b66-4c0b-b583-a312a68da540","source":"stderr","level":30,"msg":"npm http fetch GET 200 https://registry.npmjs.org/content-type/-/content-type-2.1.0.tgz 1143ms (cache miss)","time":"2026-10-08T12:41:31.540Z","v":0,"logId":"01a11b88-7a94-75ce-9b31-5f0367fcb427"}
{"name":"worker","pid":844,"phase":"INSTALL_DEPENDENCIES","buildId":"114e576c-7b66-4c0b-b583-a312a68da540","source":"stderr","level":30,"msg":"npm http fetch GET 200 https://registry.npmjs.org/convert-source-map/-/convert-source-map-2.0.0.tgz 1144ms (cache miss)","time":"2026-10-08T12:41:31.541Z","v":0,"logId":"01a11b88-7a95-7f24-9881-3008cfd316a6"}
{"name":"worker","pid":844,"phase":"INSTALL_DEPENDENCIES","buildId":"114e576c-7b66-4c0b-b583-a312a68da540","source":"stderr","level":30,"msg":"npm http fetch GET 200 https://registry.npmjs.org/dnssd-advertise/-/dnssd-advertise-1.1.6.tgz 1157ms (cache miss)","time":"2026-10-08T12:41:31.551Z","v":0,"logId":"01a11b88-7a9f-7ec8-8d08-f6c120fbf8b3"}
{"name":"worker","pid":844,"phase":"INSTALL_DEPENDENCIES","buildId":"114e576c-7b66-4c0b-b583-a312a68da540","source":"stderr","level":30,"msg":"npm http fetch GET 200 https://registry.npmjs.org/compression/-/compression-1.8.2.tgz 1167ms (cache miss)","time":"2026-10-08T12:41:31.564Z","v":0,"logId":"01a11b88-7aac-75c2-a601-747f8a970097"}
{"name":"worker","pid":844,"phase":"INSTALL_DEPENDENCIES","buildId":"114e576c-7b66-4c0b-b583-a312a68da540","source":"stderr","level":30,"msg":"npm http fetch GET 200 https://registry.npmjs.org/electron-to-chromium/-/electron-to-chromium-1.5.431.tgz 1168ms (cache miss)","time":"2026-10-08T12:41:31.565Z","v":0,"logId":"01a11b88-7aae-79c4-8170-76c3ad9bdd9b"}
{"name":"worker","pid":844,"phase":"INSTALL_DEPENDENCIES","buildId":"114e576c-7b66-4c0b-b583-a312a68da540","source":"stderr","level":30,"msg":"npm http fetch GET 200 https://registry.npmjs.org/resolve/-/resolve-1.22.12.tgz 1191ms (cache miss)","time":"2026-10-08T12:41:31.569Z","v":0,"logId":"01a11b88-7ab1-76fe-bea1-57c9766c0089"}
{"name":"worker","pid":844,"phase":"INSTALL_DEPENDENCIES","buildId":"114e576c-7b66-4c0b-b583-a312a68da540","source":"stderr","level":30,"msg":"npm http fetch GET 200 https://registry.npmjs.org/compressible/-/compressible-2.0.18.tgz 1177ms (cache miss)","time":"2026-10-08T12:41:31.575Z","v":0,"logId":"01a11b88-7ab7-7707-8789-1877a30a1405"}
{"name":"worker","pid":844,"phase":"INSTALL_DEPENDENCIES","buildId":"114e576c-7b66-4c0b-b583-a312a68da540","source":"stderr","level":30,"msg":"npm http fetch GET 200 https://registry.npmjs.org/connect/-/connect-3.7.0.tgz 1178ms (cache miss)","time":"2026-10-08T12:41:31.575Z","v":0,"logId":"01a11b88-7ab7-7707-8789-18782d5ad0e8"}
{"name":"worker","pid":844,"phase":"INSTALL_DEPENDENCIES","buildId":"114e576c-7b66-4c0b-b583-a312a68da540","source":"stderr","level":30,"msg":"npm http fetch GET 200 https://registry.npmjs.org/combined-stream/-/combined-stream-1.0.8.tgz 1181ms (cache miss)","time":"2026-10-08T12:41:31.579Z","v":0,"logId":"01a11b88-7abb-7779-b8d7-d4ff31390fd2"}
{"name":"worker","pid":844,"phase":"INSTALL_DEPENDENCIES","buildId":"114e576c-7b66-4c0b-b583-a312a68da540","source":"stderr","level":30,"msg":"npm http fetch GET 200 https://registry.npmjs.org/commander/-/commander-7.2.0.tgz 1192ms (cache miss)","time":"2026-10-08T12:41:31.590Z","v":0,"logId":"01a11b88-7ac6-7400-a791-4f1b194499c9"}
{"name":"worker","pid":844,"phase":"INSTALL_DEPENDENCIES","buildId":"114e576c-7b66-4c0b-b583-a312a68da540","source":"stderr","level":30,"msg":"npm http fetch GET 200 https://registry.npmjs.org/clone/-/clone-1.0.4.tgz 1196ms (cache miss)","time":"2026-10-08T12:41:31.595Z","v":0,"logId":"01a11b88-7acb-7630-a04f-96ea111bd980"}
{"name":"worker","pid":844,"phase":"INSTALL_DEPENDENCIES","buildId":"114e576c-7b66-4c0b-b583-a312a68da540","source":"stderr","level":30,"msg":"npm http fetch GET 200 https://registry.npmjs.org/cli-cursor/-/cli-cursor-2.1.0.tgz 1198ms (cache miss)","time":"2026-10-08T12:41:31.596Z","v":0,"logId":"01a11b88-7acc-79e1-8a96-4155c22fea90"}
{"name":"worker","pid":844,"phase":"INSTALL_DEPENDENCIES","buildId":"114e576c-7b66-4c0b-b583-a312a68da540","source":"stderr","level":30,"msg":"npm http fetch GET 200 https://registry.npmjs.org/ci-info/-/ci-info-2.0.0.tgz 1202ms (cache miss)","time":"2026-10-08T12:41:31.600Z","v":0,"logId":"01a11b88-7ad0-7193-a53f-1c83414faa83"}
{"name":"worker","pid":844,"phase":"INSTALL_DEPENDENCIES","buildId":"114e576c-7b66-4c0b-b583-a312a68da540","source":"stderr","level":30,"msg":"npm http fetch GET 200 https://registry.npmjs.org/dom-serializer/-/dom-serializer-2.0.0.tgz 1211ms (cache miss)","time":"2026-10-08T12:41:31.604Z","v":0,"logId":"01a11b88-7ad5-7367-a7a8-9d6d14a54817"}
{"name":"worker","pid":844,"phase":"INSTALL_DEPENDENCIES","buildId":"114e576c-7b66-4c0b-b583-a312a68da540","source":"stderr","level":30,"msg":"npm http fetch GET 200 https://registry.npmjs.org/call-bind-apply-helpers/-/call-bind-apply-helpers-1.0.2.tgz 1213ms (cache miss)","time":"2026-10-08T12:41:31.611Z","v":0,"logId":"01a11b88-7adb-7e8f-a977-5f45d80dba04"}
{"name":"worker","pid":844,"phase":"INSTALL_DEPENDENCIES","buildId":"114e576c-7b66-4c0b-b583-a312a68da540","source":"stderr","level":30,"msg":"npm http fetch GET 200 https://registry.npmjs.org/cli-spinners/-/cli-spinners-2.9.2.tgz 1213ms (cache miss)","time":"2026-10-08T12:41:31.611Z","v":0,"logId":"01a11b88-7adb-7e8f-a977-5f4659b93e80"}
{"name":"worker","pid":844,"phase":"INSTALL_DEPENDENCIES","buildId":"114e576c-7b66-4c0b-b583-a312a68da540","source":"stderr","level":30,"msg":"npm http fetch GET 200 https://registry.npmjs.org/buffer-from/-/buffer-from-1.1.2.tgz 1222ms (cache miss)","time":"2026-10-08T12:41:31.621Z","v":0,"logId":"01a11b88-7ae5-78d3-a351-8ab631adda04"}
{"name":"worker","pid":844,"phase":"INSTALL_DEPENDENCIES","buildId":"114e576c-7b66-4c0b-b583-a312a68da540","source":"stderr","level":30,"msg":"npm http fetch GET 200 https://registry.npmjs.org/camelcase/-/camelcase-6.3.0.tgz 1224ms (cache miss)","time":"2026-10-08T12:41:31.622Z","v":0,"logId":"01a11b88-7ae6-7547-a6a6-752bcd224fc3"}
{"name":"worker","pid":844,"phase":"INSTALL_DEPENDENCIES","buildId":"114e576c-7b66-4c0b-b583-a312a68da540","source":"stderr","level":30,"msg":"npm http fetch GET 200 https://registry.npmjs.org/bser/-/bser-2.1.1.tgz 1228ms (cache miss)","time":"2026-10-08T12:41:31.627Z","v":0,"logId":"01a11b88-7aeb-71de-9d42-1d468f0b38af"}
{"name":"worker","pid":844,"phase":"INSTALL_DEPENDENCIES","buildId":"114e576c-7b66-4c0b-b583-a312a68da540","source":"stderr","level":30,"msg":"npm http fetch GET 200 https://registry.npmjs.org/boolbase/-/boolbase-1.0.0.tgz 1233ms (cache miss)","time":"2026-10-08T12:41:31.632Z","v":0,"logId":"01a11b88-7af0-73ca-adc2-fecb9f71be7c"}
{"name":"worker","pid":844,"phase":"INSTALL_DEPENDENCIES","buildId":"114e576c-7b66-4c0b-b583-a312a68da540","source":"stderr","level":30,"msg":"npm http fetch GET 200 https://registry.npmjs.org/bplist-parser/-/bplist-parser-0.3.1.tgz 1236ms (cache miss)","time":"2026-10-08T12:41:31.636Z","v":0,"logId":"01a11b88-7af4-76b6-aecd-8634b6ac1ecc"}
{"name":"worker","pid":844,"phase":"INSTALL_DEPENDENCIES","buildId":"114e576c-7b66-4c0b-b583-a312a68da540","source":"stderr","level":30,"msg":"npm http fetch GET 200 https://registry.npmjs.org/browserslist/-/browserslist-4.29.0.tgz 1238ms (cache miss)","time":"2026-10-08T12:41:31.637Z","v":0,"logId":"01a11b88-7af5-7174-9adb-9ac48f601319"}
{"name":"worker","pid":844,"phase":"INSTALL_DEPENDENCIES","buildId":"114e576c-7b66-4c0b-b583-a312a68da540","source":"stderr","level":30,"msg":"npm http fetch GET 200 https://registry.npmjs.org/bytes/-/bytes-3.1.2.tgz 1241ms (cache miss)","time":"2026-10-08T12:41:31.640Z","v":0,"logId":"01a11b88-7af8-7bc7-a107-247b2a354719"}
{"name":"worker","pid":844,"phase":"INSTALL_DEPENDENCIES","buildId":"114e576c-7b66-4c0b-b583-a312a68da540","source":"stderr","level":30,"msg":"npm http fetch GET 200 https://registry.npmjs.org/base64-js/-/base64-js-1.5.1.tgz 1251ms (cache miss)","time":"2026-10-08T12:41:31.651Z","v":0,"logId":"01a11b88-7b03-7089-9341-e8bead999779"}
{"name":"worker","pid":844,"phase":"INSTALL_DEPENDENCIES","buildId":"114e576c-7b66-4c0b-b583-a312a68da540","source":"stderr","level":30,"msg":"npm http fetch GET 200 https://registry.npmjs.org/big-integer/-/big-integer-1.6.52.tgz 1253ms (cache miss)","time":"2026-10-08T12:41:31.652Z","v":0,"logId":"01a11b88-7b04-70cb-b0c4-ba475f93489d"}
{"name":"worker","pid":844,"phase":"INSTALL_DEPENDENCIES","buildId":"114e576c-7b66-4c0b-b583-a312a68da540","source":"stderr","level":30,"msg":"npm http fetch GET 200 https://registry.npmjs.org/babel-plugin-transform-flow-enums/-/babel-plugin-transform-flow-enums-0.0.2.tgz 1253ms (cache miss)","time":"2026-10-08T12:41:31.655Z","v":0,"logId":"01a11b88-7b07-7d05-b23d-0d2287ba30bb"}
{"name":"worker","pid":844,"phase":"INSTALL_DEPENDENCIES","buildId":"114e576c-7b66-4c0b-b583-a312a68da540","source":"stderr","level":30,"msg":"npm http fetch GET 200 https://registry.npmjs.org/braces/-/braces-3.0.3.tgz 1260ms (cache miss)","time":"2026-10-08T12:41:31.660Z","v":0,"logId":"01a11b88-7b0c-7a09-99c9-6eace0edb8d3"}
{"name":"worker","pid":844,"phase":"INSTALL_DEPENDENCIES","buildId":"114e576c-7b66-4c0b-b583-a312a68da540","source":"stderr","level":30,"msg":"npm http fetch GET 200 https://registry.npmjs.org/asap/-/asap-2.0.6.tgz 1262ms (cache miss)","time":"2026-10-08T12:41:31.663Z","v":0,"logId":"01a11b88-7b10-7c45-8e76-a5dee942d24a"}
{"name":"worker","pid":844,"phase":"INSTALL_DEPENDENCIES","buildId":"114e576c-7b66-4c0b-b583-a312a68da540","source":"stderr","level":30,"msg":"npm http fetch GET 200 https://registry.npmjs.org/base64-arraybuffer/-/base64-arraybuffer-1.0.2.tgz 1266ms (cache miss)","time":"2026-10-08T12:41:31.666Z","v":0,"logId":"01a11b88-7b12-7404-ac1d-3c13066d171e"}
{"name":"worker","pid":844,"phase":"INSTALL_DEPENDENCIES","buildId":"114e576c-7b66-4c0b-b583-a312a68da540","source":"stderr","level":30,"msg":"npm http fetch GET 200 https://registry.npmjs.org/chalk/-/chalk-4.1.2.tgz 1269ms (cache miss)","time":"2026-10-08T12:41:31.670Z","v":0,"logId":"01a11b88-7b16-7dfd-99eb-6e860a10c7b2"}
{"name":"worker","pid":844,"phase":"INSTALL_DEPENDENCIES","buildId":"114e576c-7b66-4c0b-b583-a312a68da540","source":"stderr","level":30,"msg":"npm http fetch GET 200 https://registry.npmjs.org/babel-plugin-polyfill-regenerator/-/babel-plugin-polyfill-regenerator-0.6.8.tgz 1275ms (cache miss)","time":"2026-10-08T12:41:31.676Z","v":0,"logId":"01a11b88-7b1c-79f1-8dd9-494fec82ded7"}
{"name":"worker","pid":844,"phase":"INSTALL_DEPENDENCIES","buildId":"114e576c-7b66-4c0b-b583-a312a68da540","source":"stderr","level":30,"msg":"npm http fetch GET 200 https://registry.npmjs.org/ansi-escapes/-/ansi-escapes-4.3.2.tgz 1280ms (cache miss)","time":"2026-10-08T12:41:31.682Z","v":0,"logId":"01a11b88-7b22-7614-a4e7-b85230cb749d"}
{"name":"worker","pid":844,"phase":"INSTALL_DEPENDENCIES","buildId":"114e576c-7b66-4c0b-b583-a312a68da540","source":"stderr","level":30,"msg":"npm http fetch GET 200 https://registry.npmjs.org/bplist-creator/-/bplist-creator-0.1.0.tgz 1282ms (cache miss)","time":"2026-10-08T12:41:31.682Z","v":0,"logId":"01a11b88-7b22-7614-a4e7-b853051bb4a9"}
{"name":"worker","pid":844,"phase":"INSTALL_DEPENDENCIES","buildId":"114e576c-7b66-4c0b-b583-a312a68da540","source":"stderr","level":30,"msg":"npm http fetch GET 200 https://registry.npmjs.org/babel-plugin-polyfill-corejs2/-/babel-plugin-polyfill-corejs2-0.4.17.tgz 1285ms (cache miss)","time":"2026-10-08T12:41:31.685Z","v":0,"logId":"01a11b88-7b25-76ba-8c90-16bafa565825"}
{"name":"worker","pid":844,"phase":"INSTALL_DEPENDENCIES","buildId":"114e576c-7b66-4c0b-b583-a312a68da540","source":"stderr","level":30,"msg":"npm http fetch GET 200 https://registry.npmjs.org/baseline-browser-mapping/-/baseline-browser-mapping-2.11.25.tgz 1290ms (cache miss)","time":"2026-10-08T12:41:31.690Z","v":0,"logId":"01a11b88-7b2a-7564-81c5-c10c21cfa084"}
{"name":"worker","pid":844,"phase":"INSTALL_DEPENDENCIES","buildId":"114e576c-7b66-4c0b-b583-a312a68da540","source":"stderr","level":30,"msg":"npm http fetch GET 200 https://registry.npmjs.org/babel-plugin-syntax-hermes-parser/-/babel-plugin-syntax-hermes-parser-0.36.1.tgz 1297ms (cache miss)","time":"2026-10-08T12:41:31.698Z","v":0,"logId":"01a11b88-7b32-78a6-ad97-7a8ed871c5db"}
{"name":"worker","pid":844,"phase":"INSTALL_DEPENDENCIES","buildId":"114e576c-7b66-4c0b-b583-a312a68da540","source":"stderr","level":30,"msg":"npm http fetch GET 200 https://registry.npmjs.org/arg/-/arg-5.0.2.tgz 1300ms (cache miss)","time":"2026-10-08T12:41:31.701Z","v":0,"logId":"01a11b88-7b35-728f-ac5f-b7ddeddc46f2"}
{"name":"worker","pid":844,"phase":"INSTALL_DEPENDENCIES","buildId":"114e576c-7b66-4c0b-b583-a312a68da540","source":"stderr","level":30,"msg":"npm http fetch GET 200 https://registry.npmjs.org/babel-plugin-react-native-web/-/babel-plugin-react-native-web-0.21.2.tgz 1303ms (cache miss)","time":"2026-10-08T12:41:31.703Z","v":0,"logId":"01a11b88-7b37-7f08-b4d2-c15424eb3d7f"}
{"name":"worker","pid":844,"phase":"INSTALL_DEPENDENCIES","buildId":"114e576c-7b66-4c0b-b583-a312a68da540","source":"stderr","level":30,"msg":"npm http fetch GET 200 https://registry.npmjs.org/agent-base/-/agent-base-6.0.2.tgz 1305ms (cache miss)","time":"2026-10-08T12:41:31.706Z","v":0,"logId":"01a11b88-7b3a-760b-834d-8aed502a86d5"}
{"name":"worker","pid":844,"phase":"INSTALL_DEPENDENCIES","buildId":"114e576c-7b66-4c0b-b583-a312a68da540","source":"stderr","level":30,"msg":"npm http fetch GET 200 https://registry.npmjs.org/accepts/-/accepts-1.3.8.tgz 1305ms (cache miss)","time":"2026-10-08T12:41:31.707Z","v":0,"logId":"01a11b88-7b3b-798b-afde-d07b8d420d59"}
{"name":"worker","pid":844,"phase":"INSTALL_DEPENDENCIES","buildId":"114e576c-7b66-4c0b-b583-a312a68da540","source":"stderr","level":30,"msg":"npm http fetch GET 200 https://registry.npmjs.org/core-js-compat/-/core-js-compat-3.50.0.tgz 1313ms (cache miss)","time":"2026-10-08T12:41:31.710Z","v":0,"logId":"01a11b88-7b3e-7e55-b4d3-b1b1a35e2530"}
{"name":"worker","pid":844,"phase":"INSTALL_DEPENDENCIES","buildId":"114e576c-7b66-4c0b-b583-a312a68da540","source":"stderr","level":30,"msg":"npm http fetch GET 200 https://registry.npmjs.org/anser/-/anser-1.4.10.tgz 1315ms (cache miss)","time":"2026-10-08T12:41:31.717Z","v":0,"logId":"01a11b88-7b45-7e1d-9ef8-b344dfb73a3e"}
{"name":"worker","pid":844,"phase":"INSTALL_DEPENDENCIES","buildId":"114e576c-7b66-4c0b-b583-a312a68da540","source":"stderr","level":30,"msg":"npm http fetch GET 200 https://registry.npmjs.org/brace-expansion/-/brace-expansion-5.0.12.tgz 1318ms (cache miss)","time":"2026-10-08T12:41:31.717Z","v":0,"logId":"01a11b88-7b45-7e1d-9ef8-b34547ba30b5"}
{"name":"worker","pid":844,"phase":"INSTALL_DEPENDENCIES","buildId":"114e576c-7b66-4c0b-b583-a312a68da540","source":"stderr","level":30,"msg":"npm http fetch GET 200 https://registry.npmjs.org/agent-cli-detector/-/agent-cli-detector-0.1.7.tgz 1317ms (cache miss)","time":"2026-10-08T12:41:31.718Z","v":0,"logId":"01a11b88-7b46-7a88-9223-a17be291a1f7"}
{"name":"worker","pid":844,"phase":"INSTALL_DEPENDENCIES","buildId":"114e576c-7b66-4c0b-b583-a312a68da540","source":"stderr","level":30,"msg":"npm http fetch GET 200 https://registry.npmjs.org/@types/yargs-parser/-/yargs-parser-21.0.3.tgz 1318ms (cache miss)","time":"2026-10-08T12:41:31.721Z","v":0,"logId":"01a11b88-7b49-78ec-8bcc-30e21b9d8417"}
{"name":"worker","pid":844,"phase":"INSTALL_DEPENDENCIES","buildId":"114e576c-7b66-4c0b-b583-a312a68da540","source":"stderr","level":30,"msg":"npm http fetch GET 200 https://registry.npmjs.org/chrome-launcher/-/chrome-launcher-0.15.2.tgz 1324ms (cache miss)","time":"2026-10-08T12:41:31.722Z","v":0,"logId":"01a11b88-7b4a-7687-97f3-f020537a7c3a"}
{"name":"worker","pid":844,"phase":"INSTALL_DEPENDENCIES","buildId":"114e576c-7b66-4c0b-b583-a312a68da540","source":"stderr","level":30,"msg":"npm http fetch GET 200 https://registry.npmjs.org/@ungap/structured-clone/-/structured-clone-1.4.0.tgz 1322ms (cache miss)","time":"2026-10-08T12:41:31.724Z","v":0,"logId":"01a11b88-7b4d-7b10-b6d2-8f424e20b0f2"}
{"name":"worker","pid":844,"phase":"INSTALL_DEPENDENCIES","buildId":"114e576c-7b66-4c0b-b583-a312a68da540","source":"stderr","level":30,"msg":"npm http fetch GET 200 https://registry.npmjs.org/@types/yargs/-/yargs-17.0.35.tgz 1324ms (cache miss)","time":"2026-10-08T12:41:31.726Z","v":0,"logId":"01a11b88-7b4e-73b2-8a2b-4222a9056466"}
{"name":"worker","pid":844,"phase":"INSTALL_DEPENDENCIES","buildId":"114e576c-7b66-4c0b-b583-a312a68da540","source":"stderr","level":30,"msg":"npm http fetch GET 200 https://registry.npmjs.org/@types/istanbul-reports/-/istanbul-reports-3.0.4.tgz 1332ms (cache miss)","time":"2026-10-08T12:41:31.734Z","v":0,"logId":"01a11b88-7b56-7a26-ae40-ff21b7bec3e2"}
{"name":"worker","pid":844,"phase":"INSTALL_DEPENDENCIES","buildId":"114e576c-7b66-4c0b-b583-a312a68da540","source":"stderr","level":30,"msg":"npm http fetch GET 200 https://registry.npmjs.org/chromium-edge-launcher/-/chromium-edge-launcher-0.3.0.tgz 1340ms (cache miss)","time":"2026-10-08T12:41:31.738Z","v":0,"logId":"01a11b88-7b5a-78b9-93dd-6d6433997913"}
{"name":"worker","pid":844,"phase":"INSTALL_DEPENDENCIES","buildId":"114e576c-7b66-4c0b-b583-a312a68da540","source":"stderr","level":30,"msg":"npm http fetch GET 200 https://registry.npmjs.org/@types/istanbul-lib-report/-/istanbul-lib-report-3.0.3.tgz 1337ms (cache miss)","time":"2026-10-08T12:41:31.739Z","v":0,"logId":"01a11b88-7b5b-7caa-b287-30d1ebf62adc"}
{"name":"worker","pid":844,"phase":"INSTALL_DEPENDENCIES","buildId":"114e576c-7b66-4c0b-b583-a312a68da540","source":"stderr","level":30,"msg":"npm http fetch GET 200 https://registry.npmjs.org/babel-plugin-polyfill-corejs3/-/babel-plugin-polyfill-corejs3-0.13.0.tgz 1338ms (cache miss)","time":"2026-10-08T12:41:31.740Z","v":0,"logId":"01a11b88-7b5c-772e-85a9-35b10d3d607c"}
{"name":"worker","pid":844,"phase":"INSTALL_DEPENDENCIES","buildId":"114e576c-7b66-4c0b-b583-a312a68da540","source":"stderr","level":30,"msg":"npm http fetch GET 200 https://registry.npmjs.org/abort-controller/-/abort-controller-3.0.0.tgz 1339ms (cache miss)","time":"2026-10-08T12:41:31.741Z","v":0,"logId":"01a11b88-7b5d-71c1-9cdd-d60e1b6b0dca"}
{"name":"worker","pid":844,"phase":"INSTALL_DEPENDENCIES","buildId":"114e576c-7b66-4c0b-b583-a312a68da540","source":"stderr","level":30,"msg":"npm http fetch GET 200 https://registry.npmjs.org/@types/istanbul-lib-coverage/-/istanbul-lib-coverage-2.0.6.tgz 1339ms (cache miss)","time":"2026-10-08T12:41:31.741Z","v":0,"logId":"01a11b88-7b5d-71c1-9cdd-d60f3fee492e"}
{"name":"worker","pid":844,"phase":"INSTALL_DEPENDENCIES","buildId":"114e576c-7b66-4c0b-b583-a312a68da540","source":"stderr","level":30,"msg":"npm http fetch GET 200 https://registry.npmjs.org/@types/geojson/-/geojson-7946.0.16.tgz 1339ms (cache miss)","time":"2026-10-08T12:41:31.741Z","v":0,"logId":"01a11b88-7b5d-71c1-9cdd-d610ba715ebd"}
{"name":"worker","pid":844,"phase":"INSTALL_DEPENDENCIES","buildId":"114e576c-7b66-4c0b-b583-a312a68da540","source":"stderr","level":30,"msg":"npm http fetch GET 200 https://registry.npmjs.org/asynckit/-/asynckit-0.4.0.tgz 1346ms (cache miss)","time":"2026-10-08T12:41:31.747Z","v":0,"logId":"01a11b88-7b63-7cb8-9477-6e69870fb1b9"}
{"name":"worker","pid":844,"phase":"INSTALL_DEPENDENCIES","buildId":"114e576c-7b66-4c0b-b583-a312a68da540","source":"stderr","level":30,"msg":"npm http fetch GET 200 https://registry.npmjs.org/@types/emscripten/-/emscripten-1.41.6.tgz 1359ms (cache miss)","time":"2026-10-08T12:41:31.762Z","v":0,"logId":"01a11b88-7b72-7d6e-8a02-a80a5c42dec6"}
{"name":"worker","pid":844,"phase":"INSTALL_DEPENDENCIES","buildId":"114e576c-7b66-4c0b-b583-a312a68da540","source":"stderr","level":30,"msg":"npm http fetch GET 200 https://registry.npmjs.org/css-what/-/css-what-6.2.2.tgz 1374ms (cache miss)","time":"2026-10-08T12:41:31.769Z","v":0,"logId":"01a11b88-7b79-74cf-accc-c8a0ae5fa74b"}
{"name":"worker","pid":844,"phase":"INSTALL_DEPENDENCIES","buildId":"114e576c-7b66-4c0b-b583-a312a68da540","source":"stderr","level":30,"msg":"npm http fetch GET 200 https://registry.npmjs.org/@xmldom/xmldom/-/xmldom-0.8.15.tgz 1368ms (cache miss)","time":"2026-10-08T12:41:31.769Z","v":0,"logId":"01a11b88-7b79-74cf-accc-c8a11b2df419"}
{"name":"worker","pid":844,"phase":"INSTALL_DEPENDENCIES","buildId":"114e576c-7b66-4c0b-b583-a312a68da540","source":"stderr","level":30,"msg":"npm http fetch GET 200 https://registry.npmjs.org/css-line-break/-/css-line-break-2.1.0.tgz 1374ms (cache miss)","time":"2026-10-08T12:41:31.771Z","v":0,"logId":"01a11b88-7b7b-7d7e-8ad0-39914745d215"}
{"name":"worker","pid":844,"phase":"INSTALL_DEPENDENCIES","buildId":"114e576c-7b66-4c0b-b583-a312a68da540","source":"stderr","level":30,"msg":"npm http fetch GET 200 https://registry.npmjs.org/@react-native/normalize-colors/-/normalize-colors-0.86.3.tgz 1374ms (cache miss)","time":"2026-10-08T12:41:31.777Z","v":0,"logId":"01a11b88-7b81-7d6f-a4dc-2ece4589470d"}
{"name":"worker","pid":844,"phase":"INSTALL_DEPENDENCIES","buildId":"114e576c-7b66-4c0b-b583-a312a68da540","source":"stderr","level":30,"msg":"npm http fetch GET 200 https://registry.npmjs.org/@react-native/js-polyfills/-/js-polyfills-0.86.3.tgz 1376ms (cache miss)","time":"2026-10-08T12:41:31.779Z","v":0,"logId":"01a11b88-7b83-7334-80b4-028fbf3542b2"}
{"name":"worker","pid":844,"phase":"INSTALL_DEPENDENCIES","buildId":"114e576c-7b66-4c0b-b583-a312a68da540","source":"stderr","level":30,"msg":"npm http fetch GET 200 https://registry.npmjs.org/@react-native/assets-registry/-/assets-registry-0.86.3.tgz 1431ms (cache miss)","time":"2026-10-08T12:41:31.835Z","v":0,"logId":"01a11b88-7bbb-7c8b-bce5-6d59db73a396"}
{"name":"worker","pid":844,"phase":"INSTALL_DEPENDENCIES","buildId":"114e576c-7b66-4c0b-b583-a312a68da540","source":"stderr","level":30,"msg":"npm http fetch GET 200 https://registry.npmjs.org/@jridgewell/remapping/-/remapping-2.3.5.tgz 1441ms (cache miss)","time":"2026-10-08T12:41:31.847Z","v":0,"logId":"01a11b88-7bc7-7f23-871a-ede1c4556919"}
{"name":"worker","pid":844,"phase":"INSTALL_DEPENDENCIES","buildId":"114e576c-7b66-4c0b-b583-a312a68da540","source":"stderr","level":30,"msg":"npm http fetch GET 200 https://registry.npmjs.org/@jridgewell/resolve-uri/-/resolve-uri-3.1.2.tgz 1444ms (cache miss)","time":"2026-10-08T12:41:31.848Z","v":0,"logId":"01a11b88-7bc8-7aa8-8045-dc76e047e412"}
{"name":"worker","pid":844,"phase":"INSTALL_DEPENDENCIES","buildId":"114e576c-7b66-4c0b-b583-a312a68da540","source":"stderr","level":30,"msg":"npm http fetch GET 200 https://registry.npmjs.org/@jest/schemas/-/schemas-29.6.3.tgz 1468ms (cache miss)","time":"2026-10-08T12:41:31.873Z","v":0,"logId":"01a11b88-7be2-7979-b03e-7f090fbab2ee"}
{"name":"worker","pid":844,"phase":"INSTALL_DEPENDENCIES","buildId":"114e576c-7b66-4c0b-b583-a312a68da540","source":"stderr","level":30,"msg":"npm http fetch GET 200 https://registry.npmjs.org/barcode-detector/-/barcode-detector-3.2.2.tgz 1483ms (cache miss)","time":"2026-10-08T12:41:31.883Z","v":0,"logId":"01a11b88-7beb-73ce-93ee-0cab0879a57b"}
{"name":"worker","pid":844,"phase":"INSTALL_DEPENDENCIES","buildId":"114e576c-7b66-4c0b-b583-a312a68da540","source":"stderr","level":30,"msg":"npm http fetch GET 200 https://registry.npmjs.org/@isaacs/ttlcache/-/ttlcache-1.4.1.tgz 1481ms (cache miss)","time":"2026-10-08T12:41:31.886Z","v":0,"logId":"01a11b88-7bee-7ed8-b817-cbf7b03459b4"}
{"name":"worker","pid":844,"phase":"INSTALL_DEPENDENCIES","buildId":"114e576c-7b66-4c0b-b583-a312a68da540","source":"stderr","level":30,"msg":"npm http fetch GET 200 https://registry.npmjs.org/@expo/sudo-prompt/-/sudo-prompt-9.3.2.tgz 1497ms (cache miss)","time":"2026-10-08T12:41:31.903Z","v":0,"logId":"01a11b88-7bff-7194-bc9e-e8a4595586d5"}
{"name":"worker","pid":844,"phase":"INSTALL_DEPENDENCIES","buildId":"114e576c-7b66-4c0b-b583-a312a68da540","source":"stderr","level":30,"msg":"npm http fetch GET 200 https://registry.npmjs.org/@jridgewell/source-map/-/source-map-0.3.11.tgz 1504ms (cache miss)","time":"2026-10-08T12:41:31.910Z","v":0,"logId":"01a11b88-7c06-795f-b411-ae1485f258e9"}
{"name":"worker","pid":844,"phase":"INSTALL_DEPENDENCIES","buildId":"114e576c-7b66-4c0b-b583-a312a68da540","source":"stderr","level":30,"msg":"npm http fetch GET 200 https://registry.npmjs.org/@jest/types/-/types-29.6.3.tgz 1508ms (cache miss)","time":"2026-10-08T12:41:31.914Z","v":0,"logId":"01a11b88-7c0a-743e-97b6-e1961e9fb823"}
{"name":"worker","pid":844,"phase":"INSTALL_DEPENDENCIES","buildId":"114e576c-7b66-4c0b-b583-a312a68da540","source":"stderr","level":30,"msg":"npm http fetch GET 200 https://registry.npmjs.org/@expo/spawn-async/-/spawn-async-1.8.0.tgz 1511ms (cache miss)","time":"2026-10-08T12:41:31.917Z","v":0,"logId":"01a11b88-7c0d-7e72-9ff7-ab03e27b9a62"}
{"name":"worker","pid":844,"phase":"INSTALL_DEPENDENCIES","buildId":"114e576c-7b66-4c0b-b583-a312a68da540","source":"stderr","level":30,"msg":"npm http fetch GET 200 https://registry.npmjs.org/@expo/plist/-/plist-0.8.1.tgz 1519ms (cache miss)","time":"2026-10-08T12:41:31.926Z","v":0,"logId":"01a11b88-7c16-7272-9864-61c908a5680b"}
{"name":"worker","pid":844,"phase":"INSTALL_DEPENDENCIES","buildId":"114e576c-7b66-4c0b-b583-a312a68da540","source":"stderr","level":30,"msg":"npm http fetch GET 200 https://registry.npmjs.org/@expo/local-build-cache-provider/-/local-build-cache-provider-57.0.8.tgz 1553ms (cache miss)","time":"2026-10-08T12:41:31.960Z","v":0,"logId":"01a11b88-7c38-7543-b952-b6358d9b91e5"}
{"name":"worker","pid":844,"phase":"INSTALL_DEPENDENCIES","buildId":"114e576c-7b66-4c0b-b583-a312a68da540","source":"stderr","level":30,"msg":"npm http fetch GET 200 https://registry.npmjs.org/@expo/osascript/-/osascript-2.7.1.tgz 1554ms (cache miss)","time":"2026-10-08T12:41:31.960Z","v":0,"logId":"01a11b88-7c38-7543-b952-b636be249cd3"}
{"name":"worker","pid":844,"phase":"INSTALL_DEPENDENCIES","buildId":"114e576c-7b66-4c0b-b583-a312a68da540","source":"stderr","level":30,"msg":"npm http fetch GET 200 https://registry.npmjs.org/@expo/inline-modules/-/inline-modules-0.1.7.tgz 1560ms (cache miss)","time":"2026-10-08T12:41:31.966Z","v":0,"logId":"01a11b88-7c3e-7f79-93d6-2c74bbd78d02"}
{"name":"worker","pid":844,"phase":"INSTALL_DEPENDENCIES","buildId":"114e576c-7b66-4c0b-b583-a312a68da540","source":"stderr","level":30,"msg":"npm http fetch GET 200 https://registry.npmjs.org/@expo/json-file/-/json-file-11.0.1.tgz 1584ms (cache miss)","time":"2026-10-08T12:41:31.990Z","v":0,"logId":"01a11b88-7c56-76ee-9555-3078c96e503e"}
{"name":"worker","pid":844,"phase":"INSTALL_DEPENDENCIES","buildId":"114e576c-7b66-4c0b-b583-a312a68da540","source":"stderr","level":30,"msg":"npm http fetch GET 200 https://registry.npmjs.org/acorn/-/acorn-8.18.0.tgz 1601ms (cache miss)","time":"2026-10-08T12:41:32.006Z","v":0,"logId":"01a11b88-7c66-794d-8658-98651f583071"}
{"name":"worker","pid":844,"phase":"INSTALL_DEPENDENCIES","buildId":"114e576c-7b66-4c0b-b583-a312a68da540","source":"stderr","level":30,"msg":"npm http fetch GET 200 https://registry.npmjs.org/@expo/code-signing-certificates/-/code-signing-certificates-0.0.6.tgz 1605ms (cache miss)","time":"2026-10-08T12:41:32.012Z","v":0,"logId":"01a11b88-7c6c-7c18-b494-7d54bc6e44ed"}
{"name":"worker","pid":844,"phase":"INSTALL_DEPENDENCIES","buildId":"114e576c-7b66-4c0b-b583-a312a68da540","source":"stderr","level":30,"msg":"npm http fetch GET 200 https://registry.npmjs.org/@expo/config-types/-/config-types-57.0.2.tgz 1608ms (cache miss)","time":"2026-10-08T12:41:32.015Z","v":0,"logId":"01a11b88-7c6f-7561-9815-a583e6e06c1b"}
{"name":"worker","pid":844,"phase":"INSTALL_DEPENDENCIES","buildId":"114e576c-7b66-4c0b-b583-a312a68da540","source":"stderr","level":30,"msg":"npm http fetch GET 200 https://registry.npmjs.org/@expo/schema-utils/-/schema-utils-57.0.2.tgz 1618ms (cache miss)","time":"2026-10-08T12:41:32.023Z","v":0,"logId":"01a11b88-7c77-75bc-b8dc-ba2d8688c8a6"}
{"name":"worker","pid":844,"phase":"INSTALL_DEPENDENCIES","buildId":"114e576c-7b66-4c0b-b583-a312a68da540","source":"stderr","level":30,"msg":"npm http fetch GET 200 https://registry.npmjs.org/@babel/preset-typescript/-/preset-typescript-7.29.7.tgz 1621ms (cache miss)","time":"2026-10-08T12:41:32.028Z","v":0,"logId":"01a11b88-7c7c-7377-bc4f-d535f65fcffc"}
{"name":"worker","pid":844,"phase":"INSTALL_DEPENDENCIES","buildId":"114e576c-7b66-4c0b-b583-a312a68da540","source":"stderr","level":30,"msg":"npm http fetch GET 200 https://registry.npmjs.org/@sinclair/typebox/-/typebox-0.27.12.tgz 1627ms (cache miss)","time":"2026-10-08T12:41:32.029Z","v":0,"logId":"01a11b88-7c7d-721c-9257-3353acda1952"}
{"name":"worker","pid":844,"phase":"INSTALL_DEPENDENCIES","buildId":"114e576c-7b66-4c0b-b583-a312a68da540","source":"stderr","level":30,"msg":"npm http fetch GET 200 https://registry.npmjs.org/@jridgewell/sourcemap-codec/-/sourcemap-codec-1.6.0.tgz 1630ms (cache miss)","time":"2026-10-08T12:41:32.034Z","v":0,"logId":"01a11b88-7c82-7088-a5e6-1e2630e07f48"}
{"name":"worker","pid":844,"phase":"INSTALL_DEPENDENCIES","buildId":"114e576c-7b66-4c0b-b583-a312a68da540","source":"stderr","level":30,"msg":"npm http fetch GET 200 https://registry.npmjs.org/@react-native/babel-plugin-codegen/-/babel-plugin-codegen-0.86.3.tgz 1630ms (cache miss)","time":"2026-10-08T12:41:32.038Z","v":0,"logId":"01a11b88-7c86-7ba4-b3a5-432d9f7b2c16"}
{"name":"worker","pid":844,"phase":"INSTALL_DEPENDENCIES","buildId":"114e576c-7b66-4c0b-b583-a312a68da540","source":"stderr","level":30,"msg":"npm http fetch GET 200 https://registry.npmjs.org/@babel/plugin-transform-unicode-regex/-/plugin-transform-unicode-regex-7.29.7.tgz 1634ms (cache miss)","time":"2026-10-08T12:41:32.042Z","v":0,"logId":"01a11b88-7c8a-7b08-92ff-be671062b110"}
{"name":"worker","pid":844,"phase":"INSTALL_DEPENDENCIES","buildId":"114e576c-7b66-4c0b-b583-a312a68da540","source":"stderr","level":30,"msg":"npm http fetch GET 200 https://registry.npmjs.org/@jridgewell/gen-mapping/-/gen-mapping-0.3.13.tgz 1643ms (cache miss)","time":"2026-10-08T12:41:32.049Z","v":0,"logId":"01a11b88-7c91-76da-a374-5c4d5332e644"}
{"name":"worker","pid":844,"phase":"INSTALL_DEPENDENCIES","buildId":"114e576c-7b66-4c0b-b583-a312a68da540","source":"stderr","level":30,"msg":"npm http fetch GET 200 https://registry.npmjs.org/@babel/plugin-transform-runtime/-/plugin-transform-runtime-7.29.7.tgz 1650ms (cache miss)","time":"2026-10-08T12:41:32.058Z","v":0,"logId":"01a11b88-7c9a-7b26-b93b-31a860d91180"}
{"name":"worker","pid":844,"phase":"INSTALL_DEPENDENCIES","buildId":"114e576c-7b66-4c0b-b583-a312a68da540","source":"stderr","level":30,"msg":"npm http fetch GET 200 https://registry.npmjs.org/@babel/plugin-transform-react-pure-annotations/-/plugin-transform-react-pure-annotations-7.29.7.tgz 1653ms (cache miss)","time":"2026-10-08T12:41:32.062Z","v":0,"logId":"01a11b88-7c9e-7402-b7e3-02f7add93d83"}
{"name":"worker","pid":844,"phase":"INSTALL_DEPENDENCIES","buildId":"114e576c-7b66-4c0b-b583-a312a68da540","source":"stderr","level":30,"msg":"npm http fetch GET 200 https://registry.npmjs.org/@babel/plugin-transform-private-property-in-object/-/plugin-transform-private-property-in-object-7.29.7.tgz 1661ms (cache miss)","time":"2026-10-08T12:41:32.069Z","v":0,"logId":"01a11b88-7ca5-7ba9-92a1-401f6b306d82"}
{"name":"worker","pid":844,"phase":"INSTALL_DEPENDENCIES","buildId":"114e576c-7b66-4c0b-b583-a312a68da540","source":"stderr","level":30,"msg":"npm http fetch GET 200 https://registry.npmjs.org/@expo/env/-/env-2.4.3.tgz 1666ms (cache miss)","time":"2026-10-08T12:41:32.073Z","v":0,"logId":"01a11b88-7ca9-7aa0-9ac1-c455c720cf91"}
{"name":"worker","pid":844,"phase":"INSTALL_DEPENDENCIES","buildId":"114e576c-7b66-4c0b-b583-a312a68da540","source":"stderr","level":30,"msg":"npm http fetch GET 200 https://registry.npmjs.org/@babel/plugin-transform-private-methods/-/plugin-transform-private-methods-7.29.7.tgz 1668ms (cache miss)","time":"2026-10-08T12:41:32.076Z","v":0,"logId":"01a11b88-7cac-7d73-97d3-e60cd910fbc3"}
{"name":"worker","pid":844,"phase":"INSTALL_DEPENDENCIES","buildId":"114e576c-7b66-4c0b-b583-a312a68da540","source":"stderr","level":30,"msg":"npm http fetch GET 200 https://registry.npmjs.org/@babel/plugin-transform-react-jsx-development/-/plugin-transform-react-jsx-development-7.29.7.tgz 1670ms (cache miss)","time":"2026-10-08T12:41:32.078Z","v":0,"logId":"01a11b88-7cae-7e00-9716-c47817687b3f"}
{"name":"worker","pid":844,"phase":"INSTALL_DEPENDENCIES","buildId":"114e576c-7b66-4c0b-b583-a312a68da540","source":"stderr","level":30,"msg":"npm http fetch GET 200 https://registry.npmjs.org/@babel/plugin-transform-react-jsx/-/plugin-transform-react-jsx-7.29.7.tgz 1679ms (cache miss)","time":"2026-10-08T12:41:32.087Z","v":0,"logId":"01a11b88-7cb7-72d2-a965-1322efb50c59"}
{"name":"worker","pid":844,"phase":"INSTALL_DEPENDENCIES","buildId":"114e576c-7b66-4c0b-b583-a312a68da540","source":"stderr","level":30,"msg":"npm http fetch GET 200 https://registry.npmjs.org/domutils/-/domutils-3.2.2.tgz 1697ms (cache miss)","time":"2026-10-08T12:41:32.092Z","v":0,"logId":"01a11b88-7cbc-71fb-bd78-28e3c3a2a97b"}
{"name":"worker","pid":844,"phase":"INSTALL_DEPENDENCIES","buildId":"114e576c-7b66-4c0b-b583-a312a68da540","source":"stderr","level":30,"msg":"npm http fetch GET 200 https://registry.npmjs.org/@babel/plugin-transform-optional-catch-binding/-/plugin-transform-optional-catch-binding-7.29.7.tgz 1683ms (cache miss)","time":"2026-10-08T12:41:32.092Z","v":0,"logId":"01a11b88-7cbc-71fb-bd78-28e45763bcde"}
{"name":"worker","pid":844,"phase":"INSTALL_DEPENDENCIES","buildId":"114e576c-7b66-4c0b-b583-a312a68da540","source":"stderr","level":30,"msg":"npm http fetch GET 200 https://registry.npmjs.org/@babel/plugin-transform-optional-chaining/-/plugin-transform-optional-chaining-7.29.7.tgz 1684ms (cache miss)","time":"2026-10-08T12:41:32.092Z","v":0,"logId":"01a11b88-7cbc-71fb-bd78-28e5dad4b9c7"}
{"name":"worker","pid":844,"phase":"INSTALL_DEPENDENCIES","buildId":"114e576c-7b66-4c0b-b583-a312a68da540","source":"stderr","level":30,"msg":"npm http fetch GET 200 https://registry.npmjs.org/@react-native/virtualized-lists/-/virtualized-lists-0.86.3.tgz 1693ms (cache miss)","time":"2026-10-08T12:41:32.096Z","v":0,"logId":"01a11b88-7cc0-73d9-9d36-5d6f4f61d8ba"}
{"name":"worker","pid":844,"phase":"INSTALL_DEPENDENCIES","buildId":"114e576c-7b66-4c0b-b583-a312a68da540","source":"stderr","level":30,"msg":"npm http fetch GET 200 https://registry.npmjs.org/@babel/plugin-transform-modules-commonjs/-/plugin-transform-modules-commonjs-7.29.7.tgz 1691ms (cache miss)","time":"2026-10-08T12:41:32.101Z","v":0,"logId":"01a11b88-7cc6-7a45-811c-0d0bc181d15a"}
{"name":"worker","pid":844,"phase":"INSTALL_DEPENDENCIES","buildId":"114e576c-7b66-4c0b-b583-a312a68da540","source":"stderr","level":30,"msg":"npm http fetch GET 200 https://registry.npmjs.org/@babel/plugin-transform-named-capturing-groups-regex/-/plugin-transform-named-capturing-groups-regex-7.29.7.tgz 1695ms (cache miss)","time":"2026-10-08T12:41:32.104Z","v":0,"logId":"01a11b88-7cc8-7280-93d1-a2fe81a8de82"}
{"name":"worker","pid":844,"phase":"INSTALL_DEPENDENCIES","buildId":"114e576c-7b66-4c0b-b583-a312a68da540","source":"stderr","level":30,"msg":"npm http fetch GET 200 https://registry.npmjs.org/@babel/plugin-transform-logical-assignment-operators/-/plugin-transform-logical-assignment-operators-7.29.7.tgz 1696ms (cache miss)","time":"2026-10-08T12:41:32.105Z","v":0,"logId":"01a11b88-7cc9-7e12-a1fa-62299d5721c6"}
{"name":"worker","pid":844,"phase":"INSTALL_DEPENDENCIES","buildId":"114e576c-7b66-4c0b-b583-a312a68da540","source":"stderr","level":30,"msg":"npm http fetch GET 200 https://registry.npmjs.org/@babel/plugin-transform-nullish-coalescing-operator/-/plugin-transform-nullish-coalescing-operator-7.29.7.tgz 1701ms (cache miss)","time":"2026-10-08T12:41:32.110Z","v":0,"logId":"01a11b88-7cce-76a2-b755-709dd24d58d0"}
{"name":"worker","pid":844,"phase":"INSTALL_DEPENDENCIES","buildId":"114e576c-7b66-4c0b-b583-a312a68da540","source":"stderr","level":30,"msg":"npm http fetch GET 200 https://registry.npmjs.org/@babel/plugin-transform-destructuring/-/plugin-transform-destructuring-7.29.7.tgz 1703ms (cache miss)","time":"2026-10-08T12:41:32.113Z","v":0,"logId":"01a11b88-7cd1-769f-b700-af40d98c085b"}
{"name":"worker","pid":844,"phase":"INSTALL_DEPENDENCIES","buildId":"114e576c-7b66-4c0b-b583-a312a68da540","source":"stderr","level":30,"msg":"npm http fetch GET 200 https://registry.npmjs.org/@expo/require-utils/-/require-utils-57.0.6.tgz 1707ms (cache miss)","time":"2026-10-08T12:41:32.113Z","v":0,"logId":"01a11b88-7cd1-769f-b700-af410992f1b9"}
{"name":"worker","pid":844,"phase":"INSTALL_DEPENDENCIES","buildId":"114e576c-7b66-4c0b-b583-a312a68da540","source":"stderr","level":30,"msg":"npm http fetch GET 200 https://registry.npmjs.org/@babel/plugin-transform-object-rest-spread/-/plugin-transform-object-rest-spread-7.29.7.tgz 1704ms (cache miss)","time":"2026-10-08T12:41:32.113Z","v":0,"logId":"01a11b88-7cd1-769f-b700-af42816bc1ec"}
{"name":"worker","pid":844,"phase":"INSTALL_DEPENDENCIES","buildId":"114e576c-7b66-4c0b-b583-a312a68da540","source":"stderr","level":30,"msg":"npm http fetch GET 200 https://registry.npmjs.org/@expo/sdk-runtime-versions/-/sdk-runtime-versions-1.0.1.tgz 1709ms (cache miss)","time":"2026-10-08T12:41:32.118Z","v":0,"logId":"01a11b88-7cd6-771f-9ffd-524c0736ed64"}
{"name":"worker","pid":844,"phase":"INSTALL_DEPENDENCIES","buildId":"114e576c-7b66-4c0b-b583-a312a68da540","source":"stderr","level":30,"msg":"npm http fetch GET 200 https://registry.npmjs.org/@babel/plugin-transform-for-of/-/plugin-transform-for-of-7.29.7.tgz 1709ms (cache miss)","time":"2026-10-08T12:41:32.119Z","v":0,"logId":"01a11b88-7cd7-7c9b-af7a-518f475db5d2"}
{"name":"worker","pid":844,"phase":"INSTALL_DEPENDENCIES","buildId":"114e576c-7b66-4c0b-b583-a312a68da540","source":"stderr","level":30,"msg":"npm http fetch GET 200 https://registry.npmjs.org/@babel/plugin-transform-class-static-block/-/plugin-transform-class-static-block-7.29.7.tgz 1719ms (cache miss)","time":"2026-10-08T12:41:32.129Z","v":0,"logId":"01a11b88-7ce1-75f9-820e-b94f99ae7d3b"}
{"name":"worker","pid":844,"phase":"INSTALL_DEPENDENCIES","buildId":"114e576c-7b66-4c0b-b583-a312a68da540","source":"stderr","level":30,"msg":"npm http fetch GET 200 https://registry.npmjs.org/@babel/plugin-transform-typescript/-/plugin-transform-typescript-7.29.7.tgz 1721ms (cache miss)","time":"2026-10-08T12:41:32.129Z","v":0,"logId":"01a11b88-7ce1-75f9-820e-b95053fcfc3a"}
{"name":"worker","pid":844,"phase":"INSTALL_DEPENDENCIES","buildId":"114e576c-7b66-4c0b-b583-a312a68da540","source":"stderr","level":30,"msg":"npm http fetch GET 200 https://registry.npmjs.org/@babel/plugin-transform-flow-strip-types/-/plugin-transform-flow-strip-types-7.29.7.tgz 1720ms (cache miss)","time":"2026-10-08T12:41:32.130Z","v":0,"logId":"01a11b88-7ce2-72bf-a6bc-764c17c48cc8"}
{"name":"worker","pid":844,"phase":"INSTALL_DEPENDENCIES","buildId":"114e576c-7b66-4c0b-b583-a312a68da540","source":"stderr","level":30,"msg":"npm http fetch GET 200 https://registry.npmjs.org/@babel/plugin-transform-parameters/-/plugin-transform-parameters-7.29.7.tgz 1729ms (cache miss)","time":"2026-10-08T12:41:32.138Z","v":0,"logId":"01a11b88-7cea-7d22-9fce-1848fec04ffe"}
{"name":"worker","pid":844,"phase":"INSTALL_DEPENDENCIES","buildId":"114e576c-7b66-4c0b-b583-a312a68da540","source":"stderr","level":30,"msg":"npm http fetch GET 200 https://registry.npmjs.org/@babel/template/-/template-7.29.7.tgz 1732ms (cache miss)","time":"2026-10-08T12:41:32.139Z","v":0,"logId":"01a11b88-7ceb-7ac9-b799-5c0a5e36f92d"}
{"name":"worker","pid":844,"phase":"INSTALL_DEPENDENCIES","buildId":"114e576c-7b66-4c0b-b583-a312a68da540","source":"stderr","level":30,"msg":"npm http fetch GET 200 https://registry.npmjs.org/@babel/plugin-transform-class-properties/-/plugin-transform-class-properties-7.29.7.tgz 1735ms (cache miss)","time":"2026-10-08T12:41:32.146Z","v":0,"logId":"01a11b88-7cf2-7541-a7c4-4651264c3ee5"}
{"name":"worker","pid":844,"phase":"INSTALL_DEPENDENCIES","buildId":"114e576c-7b66-4c0b-b583-a312a68da540","source":"stderr","level":30,"msg":"npm http fetch GET 200 https://registry.npmjs.org/@babel/plugin-transform-export-namespace-from/-/plugin-transform-export-namespace-from-7.29.7.tgz 1738ms (cache miss)","time":"2026-10-08T12:41:32.148Z","v":0,"logId":"01a11b88-7cf4-73b2-8c9a-5307360e513e"}
{"name":"worker","pid":844,"phase":"INSTALL_DEPENDENCIES","buildId":"114e576c-7b66-4c0b-b583-a312a68da540","source":"stderr","level":30,"msg":"npm http fetch GET 200 https://registry.npmjs.org/expo-image-loader/-/expo-image-loader-57.0.1.tgz 1759ms (cache miss)","time":"2026-10-08T12:41:32.151Z","v":0,"logId":"01a11b88-7cf7-71a3-8e2b-d056da6767ae"}
{"name":"worker","pid":844,"phase":"INSTALL_DEPENDENCIES","buildId":"114e576c-7b66-4c0b-b583-a312a68da540","source":"stderr","level":30,"msg":"npm http fetch GET 200 https://registry.npmjs.org/@babel/plugin-transform-async-generator-functions/-/plugin-transform-async-generator-functions-7.29.7.tgz 1746ms (cache miss)","time":"2026-10-08T12:41:32.156Z","v":0,"logId":"01a11b88-7cfc-75da-9bb3-998c17fee1e1"}
{"name":"worker","pid":844,"phase":"INSTALL_DEPENDENCIES","buildId":"114e576c-7b66-4c0b-b583-a312a68da540","source":"stderr","level":30,"msg":"npm http fetch GET 200 https://registry.npmjs.org/@babel/plugin-transform-classes/-/plugin-transform-classes-7.29.7.tgz 1748ms (cache miss)","time":"2026-10-08T12:41:32.158Z","v":0,"logId":"01a11b88-7cfe-7c4e-93e9-3f81fed1f683"}
{"name":"worker","pid":844,"phase":"INSTALL_DEPENDENCIES","buildId":"114e576c-7b66-4c0b-b583-a312a68da540","source":"stderr","level":30,"msg":"npm http fetch GET 200 https://registry.npmjs.org/@babel/plugin-transform-async-to-generator/-/plugin-transform-async-to-generator-7.29.7.tgz 1751ms (cache miss)","time":"2026-10-08T12:41:32.161Z","v":0,"logId":"01a11b88-7d01-770b-ac61-fb17038daed3"}
{"name":"worker","pid":844,"phase":"INSTALL_DEPENDENCIES","buildId":"114e576c-7b66-4c0b-b583-a312a68da540","source":"stderr","level":30,"msg":"npm http fetch GET 200 https://registry.npmjs.org/@babel/plugin-syntax-nullish-coalescing-operator/-/plugin-syntax-nullish-coalescing-operator-7.8.3.tgz 1752ms (cache miss)","time":"2026-10-08T12:41:32.163Z","v":0,"logId":"01a11b88-7d03-7eed-a9a7-365ecc24806d"}
{"name":"worker","pid":844,"phase":"INSTALL_DEPENDENCIES","buildId":"114e576c-7b66-4c0b-b583-a312a68da540","source":"stderr","level":30,"msg":"npm http fetch GET 200 https://registry.npmjs.org/@babel/plugin-syntax-optional-chaining/-/plugin-syntax-optional-chaining-7.8.3.tgz 1755ms (cache miss)","time":"2026-10-08T12:41:32.165Z","v":0,"logId":"01a11b88-7d05-7c34-872f-96d8a960d174"}
{"name":"worker","pid":844,"phase":"INSTALL_DEPENDENCIES","buildId":"114e576c-7b66-4c0b-b583-a312a68da540","source":"stderr","level":30,"msg":"npm http fetch GET 200 https://registry.npmjs.org/@babel/plugin-syntax-jsx/-/plugin-syntax-jsx-7.29.7.tgz 1754ms (cache miss)","time":"2026-10-08T12:41:32.166Z","v":0,"logId":"01a11b88-7d06-7329-bb7d-9306082f5394"}
{"name":"worker","pid":844,"phase":"INSTALL_DEPENDENCIES","buildId":"114e576c-7b66-4c0b-b583-a312a68da540","source":"stderr","level":30,"msg":"npm http fetch GET 200 https://registry.npmjs.org/@babel/plugin-syntax-decorators/-/plugin-syntax-decorators-7.29.7.tgz 1761ms (cache miss)","time":"2026-10-08T12:41:32.172Z","v":0,"logId":"01a11b88-7d0d-7054-a12c-42993ef4b153"}
{"name":"worker","pid":844,"phase":"INSTALL_DEPENDENCIES","buildId":"114e576c-7b66-4c0b-b583-a312a68da540","source":"stderr","level":30,"msg":"npm http fetch GET 200 https://registry.npmjs.org/@babel/plugin-syntax-typescript/-/plugin-syntax-typescript-7.29.7.tgz 1765ms (cache miss)","time":"2026-10-08T12:41:32.175Z","v":0,"logId":"01a11b88-7d0f-7f95-8f82-d5beb81a9686"}
{"name":"worker","pid":844,"phase":"INSTALL_DEPENDENCIES","buildId":"114e576c-7b66-4c0b-b583-a312a68da540","source":"stderr","level":30,"msg":"npm http fetch GET 200 https://registry.npmjs.org/@babel/plugin-syntax-export-default-from/-/plugin-syntax-export-default-from-7.29.7.tgz 1771ms (cache miss)","time":"2026-10-08T12:41:32.182Z","v":0,"logId":"01a11b88-7d16-70b4-968d-4c1ced7e522e"}
{"name":"worker","pid":844,"phase":"INSTALL_DEPENDENCIES","buildId":"114e576c-7b66-4c0b-b583-a312a68da540","source":"stderr","level":30,"msg":"npm http fetch GET 200 https://registry.npmjs.org/@babel/plugin-proposal-export-default-from/-/plugin-proposal-export-default-from-7.29.7.tgz 1771ms (cache miss)","time":"2026-10-08T12:41:32.182Z","v":0,"logId":"01a11b88-7d16-70b4-968d-4c1d3d412ed9"}
{"name":"worker","pid":844,"phase":"INSTALL_DEPENDENCIES","buildId":"114e576c-7b66-4c0b-b583-a312a68da540","source":"stderr","level":30,"msg":"npm http fetch GET 200 https://registry.npmjs.org/@babel/plugin-syntax-flow/-/plugin-syntax-flow-7.29.7.tgz 1779ms (cache miss)","time":"2026-10-08T12:41:32.190Z","v":0,"logId":"01a11b88-7d1e-7a1e-9b93-2b624b7d4c97"}
{"name":"worker","pid":844,"phase":"INSTALL_DEPENDENCIES","buildId":"114e576c-7b66-4c0b-b583-a312a68da540","source":"stderr","level":30,"msg":"npm http fetch GET 200 https://registry.npmjs.org/@jridgewell/trace-mapping/-/trace-mapping-0.3.31.tgz 1788ms (cache miss)","time":"2026-10-08T12:41:32.192Z","v":0,"logId":"01a11b88-7d20-75e8-8aa5-30d7b57ee906"}
{"name":"worker","pid":844,"phase":"INSTALL_DEPENDENCIES","buildId":"114e576c-7b66-4c0b-b583-a312a68da540","source":"stderr","level":30,"msg":"npm http fetch GET 200 https://registry.npmjs.org/react-native-view-shot/-/react-native-view-shot-5.1.0.tgz 1815ms (cache miss)","time":"2026-10-08T12:41:32.195Z","v":0,"logId":"01a11b88-7d23-7397-9c4f-1e301c8ce138"}
{"name":"worker","pid":844,"phase":"INSTALL_DEPENDENCIES","buildId":"114e576c-7b66-4c0b-b583-a312a68da540","source":"stderr","level":30,"msg":"npm http fetch GET 200 https://registry.npmjs.org/@babel/plugin-transform-block-scoping/-/plugin-transform-block-scoping-7.29.7.tgz 1786ms (cache miss)","time":"2026-10-08T12:41:32.197Z","v":0,"logId":"01a11b88-7d25-7b07-9b74-abfa73073f6f"}
{"name":"worker","pid":844,"phase":"INSTALL_DEPENDENCIES","buildId":"114e576c-7b66-4c0b-b583-a312a68da540","source":"stderr","level":30,"msg":"npm http fetch GET 200 https://registry.npmjs.org/@babel/plugin-syntax-dynamic-import/-/plugin-syntax-dynamic-import-7.8.3.tgz 1788ms (cache miss)","time":"2026-10-08T12:41:32.200Z","v":0,"logId":"01a11b88-7d28-7c78-8b30-21f80f81985c"}
{"name":"worker","pid":844,"phase":"INSTALL_DEPENDENCIES","buildId":"114e576c-7b66-4c0b-b583-a312a68da540","source":"stderr","level":30,"msg":"npm http fetch GET 200 https://registry.npmjs.org/@babel/plugin-proposal-decorators/-/plugin-proposal-decorators-7.29.7.tgz 1790ms (cache miss)","time":"2026-10-08T12:41:32.201Z","v":0,"logId":"01a11b88-7d29-79cd-96a0-f838578bf086"}
{"name":"worker","pid":844,"phase":"INSTALL_DEPENDENCIES","buildId":"114e576c-7b66-4c0b-b583-a312a68da540","source":"stderr","level":30,"msg":"npm http fetch GET 200 https://registry.npmjs.org/@babel/plugin-transform-react-display-name/-/plugin-transform-react-display-name-7.29.7.tgz 1792ms (cache miss)","time":"2026-10-08T12:41:32.202Z","v":0,"logId":"01a11b88-7d2a-7986-9fca-213aad45e0c3"}
{"name":"worker","pid":844,"phase":"INSTALL_DEPENDENCIES","buildId":"114e576c-7b66-4c0b-b583-a312a68da540","source":"stderr","level":30,"msg":"npm http fetch GET 200 https://registry.npmjs.org/@babel/helper-string-parser/-/helper-string-parser-7.29.7.tgz 1791ms (cache miss)","time":"2026-10-08T12:41:32.202Z","v":0,"logId":"01a11b88-7d2a-7986-9fca-213b3d9849be"}
{"name":"worker","pid":844,"phase":"INSTALL_DEPENDENCIES","buildId":"114e576c-7b66-4c0b-b583-a312a68da540","source":"stderr","level":30,"msg":"npm http fetch GET 200 https://registry.npmjs.org/entities/-/entities-4.5.0.tgz 1810ms (cache miss)","time":"2026-10-08T12:41:32.203Z","v":0,"logId":"01a11b88-7d2b-7569-b76e-9ad8bfd45070"}
{"name":"worker","pid":844,"phase":"INSTALL_DEPENDENCIES","buildId":"114e576c-7b66-4c0b-b583-a312a68da540","source":"stderr","level":30,"msg":"npm http fetch GET 200 https://registry.npmjs.org/@babel/helper-wrap-function/-/helper-wrap-function-7.29.7.tgz 1792ms (cache miss)","time":"2026-10-08T12:41:32.204Z","v":0,"logId":"01a11b88-7d2c-7bd1-8c50-d756bf5cb77a"}
{"name":"worker","pid":844,"phase":"INSTALL_DEPENDENCIES","buildId":"114e576c-7b66-4c0b-b583-a312a68da540","source":"stderr","level":30,"msg":"npm http fetch GET 200 https://registry.npmjs.org/babel-plugin-react-compiler/-/babel-plugin-react-compiler-1.0.0.tgz 1805ms (cache miss)","time":"2026-10-08T12:41:32.205Z","v":0,"logId":"01a11b88-7d2d-7a8c-87d6-8b329ced0493"}
{"name":"worker","pid":844,"phase":"INSTALL_DEPENDENCIES","buildId":"114e576c-7b66-4c0b-b583-a312a68da540","source":"stderr","level":30,"msg":"npm http fetch GET 200 https://registry.npmjs.org/@expo/image-utils/-/image-utils-0.11.6.tgz 1804ms (cache miss)","time":"2026-10-08T12:41:32.210Z","v":0,"logId":"01a11b88-7d32-7f37-b974-e2ac158c87c0"}
{"name":"worker","pid":844,"phase":"INSTALL_DEPENDENCIES","buildId":"114e576c-7b66-4c0b-b583-a312a68da540","source":"stderr","level":30,"msg":"npm http fetch GET 200 https://registry.npmjs.org/@babel/helper-skip-transparent-expression-wrappers/-/helper-skip-transparent-expression-wrappers-7.29.7.tgz 1801ms (cache miss)","time":"2026-10-08T12:41:32.212Z","v":0,"logId":"01a11b88-7d34-7655-be3c-e6bbc9295ac3"}
{"name":"worker","pid":844,"phase":"INSTALL_DEPENDENCIES","buildId":"114e576c-7b66-4c0b-b583-a312a68da540","source":"stderr","level":30,"msg":"npm http fetch GET 200 https://registry.npmjs.org/@babel/helper-validator-option/-/helper-validator-option-7.29.7.tgz 1802ms (cache miss)","time":"2026-10-08T12:41:32.214Z","v":0,"logId":"01a11b88-7d36-7b58-b69d-18cc9ba0c078"}
{"name":"worker","pid":844,"phase":"INSTALL_DEPENDENCIES","buildId":"114e576c-7b66-4c0b-b583-a312a68da540","source":"stderr","level":30,"msg":"npm http fetch GET 200 https://registry.npmjs.org/react-native-webview/-/react-native-webview-13.16.1.tgz 1838ms (cache miss)","time":"2026-10-08T12:41:32.215Z","v":0,"logId":"01a11b88-7d37-7991-a810-e554f70524a1"}
{"name":"worker","pid":844,"phase":"INSTALL_DEPENDENCIES","buildId":"114e576c-7b66-4c0b-b583-a312a68da540","source":"stderr","level":30,"msg":"npm http fetch GET 200 https://registry.npmjs.org/@babel/helper-remap-async-to-generator/-/helper-remap-async-to-generator-7.29.7.tgz 1807ms (cache miss)","time":"2026-10-08T12:41:32.219Z","v":0,"logId":"01a11b88-7d3b-77e9-a6e9-d2a810d3eb69"}
{"name":"worker","pid":844,"phase":"INSTALL_DEPENDENCIES","buildId":"114e576c-7b66-4c0b-b583-a312a68da540","source":"stderr","level":30,"msg":"npm http fetch GET 200 https://registry.npmjs.org/@babel/helper-validator-identifier/-/helper-validator-identifier-7.29.7.tgz 1808ms (cache miss)","time":"2026-10-08T12:41:32.219Z","v":0,"logId":"01a11b88-7d3b-77e9-a6e9-d2a988daf531"}
{"name":"worker","pid":844,"phase":"INSTALL_DEPENDENCIES","buildId":"114e576c-7b66-4c0b-b583-a312a68da540","source":"stderr","level":30,"msg":"npm http fetch GET 200 https://registry.npmjs.org/@babel/helper-plugin-utils/-/helper-plugin-utils-7.29.7.tgz 1807ms (cache miss)","time":"2026-10-08T12:41:32.219Z","v":0,"logId":"01a11b88-7d3b-77e9-a6e9-d2aa57c5b003"}
{"name":"worker","pid":844,"phase":"INSTALL_DEPENDENCIES","buildId":"114e576c-7b66-4c0b-b583-a312a68da540","source":"stderr","level":30,"msg":"npm http fetch GET 200 https://registry.npmjs.org/@babel/helper-globals/-/helper-globals-7.29.7.tgz 1825ms (cache miss)","time":"2026-10-08T12:41:32.238Z","v":0,"logId":"01a11b88-7d4e-718a-a111-676c1aea2ac3"}
{"name":"worker","pid":844,"phase":"INSTALL_DEPENDENCIES","buildId":"114e576c-7b66-4c0b-b583-a312a68da540","source":"stderr","level":30,"msg":"npm http fetch GET 200 https://registry.npmjs.org/@react-native/debugger-shell/-/debugger-shell-0.86.3.tgz 1842ms (cache miss)","time":"2026-10-08T12:41:32.247Z","v":0,"logId":"01a11b88-7d57-7c8c-9f35-10330adc8da4"}
{"name":"worker","pid":844,"phase":"INSTALL_DEPENDENCIES","buildId":"114e576c-7b66-4c0b-b583-a312a68da540","source":"stderr","level":30,"msg":"npm http fetch GET 200 https://registry.npmjs.org/@babel/helper-replace-supers/-/helper-replace-supers-7.29.7.tgz 1835ms (cache miss)","time":"2026-10-08T12:41:32.247Z","v":0,"logId":"01a11b88-7d57-7c8c-9f35-1034a16a0ee9"}
{"name":"worker","pid":844,"phase":"INSTALL_DEPENDENCIES","buildId":"114e576c-7b66-4c0b-b583-a312a68da540","source":"stderr","level":30,"msg":"npm http fetch GET 200 https://registry.npmjs.org/@babel/helper-optimise-call-expression/-/helper-optimise-call-expression-7.29.7.tgz 1835ms (cache miss)","time":"2026-10-08T12:41:32.248Z","v":0,"logId":"01a11b88-7d58-7ffd-a45c-4248ff3fa5ce"}
{"name":"worker","pid":844,"phase":"INSTALL_DEPENDENCIES","buildId":"114e576c-7b66-4c0b-b583-a312a68da540","source":"stderr","level":30,"msg":"npm http fetch GET 200 https://registry.npmjs.org/@babel/helper-member-expression-to-functions/-/helper-member-expression-to-functions-7.29.7.tgz 1836ms (cache miss)","time":"2026-10-08T12:41:32.248Z","v":0,"logId":"01a11b88-7d58-7ffd-a45c-4249afc6c107"}
{"name":"worker","pid":844,"phase":"INSTALL_DEPENDENCIES","buildId":"114e576c-7b66-4c0b-b583-a312a68da540","source":"stderr","level":30,"msg":"npm http fetch GET 200 https://registry.npmjs.org/@babel/helper-create-regexp-features-plugin/-/helper-create-regexp-features-plugin-7.29.7.tgz 1836ms (cache miss)","time":"2026-10-08T12:41:32.248Z","v":0,"logId":"01a11b88-7d58-7ffd-a45c-424a247cd19d"}
{"name":"worker","pid":844,"phase":"INSTALL_DEPENDENCIES","buildId":"114e576c-7b66-4c0b-b583-a312a68da540","source":"stderr","level":30,"msg":"npm http fetch GET 200 https://registry.npmjs.org/@babel/helper-compilation-targets/-/helper-compilation-targets-7.29.7.tgz 1839ms (cache miss)","time":"2026-10-08T12:41:32.251Z","v":0,"logId":"01a11b88-7d5b-7376-96a7-17ed64ca61c3"}
{"name":"worker","pid":844,"phase":"INSTALL_DEPENDENCIES","buildId":"114e576c-7b66-4c0b-b583-a312a68da540","source":"stderr","level":30,"msg":"npm http fetch GET 200 https://registry.npmjs.org/@babel/helper-annotate-as-pure/-/helper-annotate-as-pure-7.29.7.tgz 1846ms (cache miss)","time":"2026-10-08T12:41:32.261Z","v":0,"logId":"01a11b88-7d65-7a65-86ce-456ccb9c6406"}
{"name":"worker","pid":844,"phase":"INSTALL_DEPENDENCIES","buildId":"114e576c-7b66-4c0b-b583-a312a68da540","source":"stderr","level":30,"msg":"npm http fetch GET 200 https://registry.npmjs.org/glob/-/glob-13.0.6.tgz 1892ms (cache miss)","time":"2026-10-08T12:41:32.281Z","v":0,"logId":"01a11b88-7d79-7ac6-9b3d-10474a8aecdd"}
{"name":"worker","pid":844,"phase":"INSTALL_DEPENDENCIES","buildId":"114e576c-7b66-4c0b-b583-a312a68da540","source":"stderr","level":30,"msg":"npm http fetch GET 200 https://registry.npmjs.org/@babel/compat-data/-/compat-data-7.29.7.tgz 1870ms (cache miss)","time":"2026-10-08T12:41:32.284Z","v":0,"logId":"01a11b88-7d7c-7413-b3e5-ec883949aa07"}
{"name":"worker","pid":844,"phase":"INSTALL_DEPENDENCIES","buildId":"114e576c-7b66-4c0b-b583-a312a68da540","source":"stderr","level":30,"msg":"npm http fetch GET 200 https://registry.npmjs.org/@babel/helper-module-imports/-/helper-module-imports-7.29.7.tgz 1878ms (cache miss)","time":"2026-10-08T12:41:32.293Z","v":0,"logId":"01a11b88-7d85-7f13-95fe-74d69823d989"}
{"name":"worker","pid":844,"phase":"INSTALL_DEPENDENCIES","buildId":"114e576c-7b66-4c0b-b583-a312a68da540","source":"stderr","level":30,"msg":"npm http fetch GET 200 https://registry.npmjs.org/encodeurl/-/encodeurl-2.0.0.tgz 1884ms (cache miss)","time":"2026-10-08T12:41:32.299Z","v":0,"logId":"01a11b88-7d8c-7c5d-85b6-97f5c671c9e1"}
{"name":"worker","pid":844,"phase":"INSTALL_DEPENDENCIES","buildId":"114e576c-7b66-4c0b-b583-a312a68da540","source":"stderr","level":30,"msg":"npm http fetch GET 200 https://registry.npmjs.org/commander/-/commander-2.20.3.tgz 1888ms (cache miss)","time":"2026-10-08T12:41:32.303Z","v":0,"logId":"01a11b88-7d8f-719a-a691-a3d4bc004640"}
{"name":"worker","pid":844,"phase":"INSTALL_DEPENDENCIES","buildId":"114e576c-7b66-4c0b-b583-a312a68da540","source":"stderr","level":30,"msg":"npm http fetch GET 200 https://registry.npmjs.org/statuses/-/statuses-2.0.2.tgz 1891ms (cache miss)","time":"2026-10-08T12:41:32.306Z","v":0,"logId":"01a11b88-7d92-7af2-9cef-c4b634006897"}
{"name":"worker","pid":844,"phase":"INSTALL_DEPENDENCIES","buildId":"114e576c-7b66-4c0b-b583-a312a68da540","source":"stderr","level":30,"msg":"npm http fetch GET 200 https://registry.npmjs.org/babel-plugin-syntax-hermes-parser/-/babel-plugin-syntax-hermes-parser-0.36.0.tgz 1893ms (cache miss)","time":"2026-10-08T12:41:32.309Z","v":0,"logId":"01a11b88-7d95-7fa2-b453-27c8e28ca521"}
{"name":"worker","pid":844,"phase":"INSTALL_DEPENDENCIES","buildId":"114e576c-7b66-4c0b-b583-a312a68da540","source":"stderr","level":30,"msg":"npm http fetch GET 200 https://registry.npmjs.org/encodeurl/-/encodeurl-2.0.0.tgz 1894ms (cache miss)","time":"2026-10-08T12:41:32.309Z","v":0,"logId":"01a11b88-7d95-7fa2-b453-27c996da1adf"}
{"name":"worker","pid":844,"phase":"INSTALL_DEPENDENCIES","buildId":"114e576c-7b66-4c0b-b583-a312a68da540","source":"stderr","level":30,"msg":"npm http fetch GET 200 https://registry.npmjs.org/expo-status-bar/-/expo-status-bar-57.0.1.tgz 1921ms (cache miss)","time":"2026-10-08T12:41:32.312Z","v":0,"logId":"01a11b88-7d98-7fa9-8346-d70d0bb00245"}
{"name":"worker","pid":844,"phase":"INSTALL_DEPENDENCIES","buildId":"114e576c-7b66-4c0b-b583-a312a68da540","source":"stderr","level":30,"msg":"npm http fetch GET 200 https://registry.npmjs.org/react-is/-/react-is-18.3.1.tgz 1904ms (cache miss)","time":"2026-10-08T12:41:32.319Z","v":0,"logId":"01a11b88-7d9f-7b96-baa8-85ca3136fb99"}
{"name":"worker","pid":844,"phase":"INSTALL_DEPENDENCIES","buildId":"114e576c-7b66-4c0b-b583-a312a68da540","source":"stderr","level":30,"msg":"npm http fetch GET 200 https://registry.npmjs.org/picomatch/-/picomatch-4.0.7.tgz 1906ms (cache miss)","time":"2026-10-08T12:41:32.320Z","v":0,"logId":"01a11b88-7da0-7907-9fed-8c40325a82bb"}
{"name":"worker","pid":844,"phase":"INSTALL_DEPENDENCIES","buildId":"114e576c-7b66-4c0b-b583-a312a68da540","source":"stderr","level":30,"msg":"npm http fetch GET 200 https://registry.npmjs.org/supports-color/-/supports-color-5.5.0.tgz 1934ms (cache miss)","time":"2026-10-08T12:41:32.350Z","v":0,"logId":"01a11b88-7dbe-7664-be26-39ba49386e5d"}
{"name":"worker","pid":844,"phase":"INSTALL_DEPENDENCIES","buildId":"114e576c-7b66-4c0b-b583-a312a68da540","source":"stderr","level":30,"msg":"npm http fetch GET 200 https://registry.npmjs.org/on-finished/-/on-finished-2.4.1.tgz 1951ms (cache miss)","time":"2026-10-08T12:41:32.367Z","v":0,"logId":"01a11b88-7dcf-75ff-b2fa-e8b2b45bc80e"}
{"name":"worker","pid":844,"phase":"INSTALL_DEPENDENCIES","buildId":"114e576c-7b66-4c0b-b583-a312a68da540","source":"stderr","level":30,"msg":"npm http fetch GET 200 https://registry.npmjs.org/has-flag/-/has-flag-3.0.0.tgz 1951ms (cache miss)","time":"2026-10-08T12:41:32.367Z","v":0,"logId":"01a11b88-7dcf-75ff-b2fa-e8b379ce9d61"}
{"name":"worker","pid":844,"phase":"INSTALL_DEPENDENCIES","buildId":"114e576c-7b66-4c0b-b583-a312a68da540","source":"stderr","level":30,"msg":"npm http fetch GET 200 https://registry.npmjs.org/strip-ansi/-/strip-ansi-5.2.0.tgz 1953ms (cache miss)","time":"2026-10-08T12:41:32.369Z","v":0,"logId":"01a11b88-7dd1-7713-8410-2dbf30b56cb3"}
{"name":"worker","pid":844,"phase":"INSTALL_DEPENDENCIES","buildId":"114e576c-7b66-4c0b-b583-a312a68da540","source":"stderr","level":30,"msg":"npm http fetch GET 200 https://registry.npmjs.org/debug/-/debug-2.6.9.tgz 1955ms (cache miss)","time":"2026-10-08T12:41:32.370Z","v":0,"logId":"01a11b88-7dd2-72b9-91ce-9f6e8d1872aa"}
{"name":"worker","pid":844,"phase":"INSTALL_DEPENDENCIES","buildId":"114e576c-7b66-4c0b-b583-a312a68da540","source":"stderr","level":30,"msg":"npm http fetch GET 200 https://registry.npmjs.org/@expo/package-manager/-/package-manager-1.13.1.tgz 1967ms (cache miss)","time":"2026-10-08T12:41:32.373Z","v":0,"logId":"01a11b88-7dd5-7a83-8580-063be83db837"}
{"name":"worker","pid":844,"phase":"INSTALL_DEPENDENCIES","buildId":"114e576c-7b66-4c0b-b583-a312a68da540","source":"stderr","level":30,"msg":"npm http fetch GET 200 https://registry.npmjs.org/@expo/xcpretty/-/xcpretty-4.4.6.tgz 1968ms (cache miss)","time":"2026-10-08T12:41:32.375Z","v":0,"logId":"01a11b88-7dd7-7a45-abdf-2d25c7ea6368"}
{"name":"worker","pid":844,"phase":"INSTALL_DEPENDENCIES","buildId":"114e576c-7b66-4c0b-b583-a312a68da540","source":"stderr","level":30,"msg":"npm http fetch GET 200 https://registry.npmjs.org/escape-string-regexp/-/escape-string-regexp-1.0.5.tgz 1958ms (cache miss)","time":"2026-10-08T12:41:32.375Z","v":0,"logId":"01a11b88-7dd7-7a45-abdf-2d268c3df712"}
{"name":"worker","pid":844,"phase":"INSTALL_DEPENDENCIES","buildId":"114e576c-7b66-4c0b-b583-a312a68da540","source":"stderr","level":30,"msg":"npm http fetch GET 200 https://registry.npmjs.org/https-proxy-agent/-/https-proxy-agent-7.0.6.tgz 1992ms (cache miss)","time":"2026-10-08T12:41:32.410Z","v":0,"logId":"01a11b88-7dfa-7288-9d75-381677385f1d"}
{"name":"worker","pid":844,"phase":"INSTALL_DEPENDENCIES","buildId":"114e576c-7b66-4c0b-b583-a312a68da540","source":"stderr","level":30,"msg":"npm http fetch GET 200 https://registry.npmjs.org/ansi-styles/-/ansi-styles-3.2.1.tgz 1994ms (cache miss)","time":"2026-10-08T12:41:32.410Z","v":0,"logId":"01a11b88-7dfa-7288-9d75-38170a4ea1ad"}
{"name":"worker","pid":844,"phase":"INSTALL_DEPENDENCIES","buildId":"114e576c-7b66-4c0b-b583-a312a68da540","source":"stderr","level":30,"msg":"npm http fetch GET 200 https://registry.npmjs.org/color-name/-/color-name-1.1.3.tgz 1996ms (cache miss)","time":"2026-10-08T12:41:32.413Z","v":0,"logId":"01a11b88-7dfd-7280-84a0-471dea693d2c"}
{"name":"worker","pid":844,"phase":"INSTALL_DEPENDENCIES","buildId":"114e576c-7b66-4c0b-b583-a312a68da540","source":"stderr","level":30,"msg":"npm http fetch GET 200 https://registry.npmjs.org/negotiator/-/negotiator-1.1.0.tgz 1996ms (cache miss)","time":"2026-10-08T12:41:32.413Z","v":0,"logId":"01a11b88-7dfd-7280-84a0-471e10817e70"}
{"name":"worker","pid":844,"phase":"INSTALL_DEPENDENCIES","buildId":"114e576c-7b66-4c0b-b583-a312a68da540","source":"stderr","level":30,"msg":"npm http fetch GET 200 https://registry.npmjs.org/color-convert/-/color-convert-1.9.3.tgz 2000ms (cache miss)","time":"2026-10-08T12:41:32.417Z","v":0,"logId":"01a11b88-7e01-7ef4-9581-44102f94f9e4"}
{"name":"worker","pid":844,"phase":"INSTALL_DEPENDENCIES","buildId":"114e576c-7b66-4c0b-b583-a312a68da540","source":"stderr","level":30,"msg":"npm http fetch GET 200 https://registry.npmjs.org/chalk/-/chalk-2.4.2.tgz 2007ms (cache miss)","time":"2026-10-08T12:41:32.424Z","v":0,"logId":"01a11b88-7e08-728e-8bc7-d8024aabbc4e"}
{"name":"worker","pid":844,"phase":"INSTALL_DEPENDENCIES","buildId":"114e576c-7b66-4c0b-b583-a312a68da540","source":"stderr","level":30,"msg":"npm http fetch GET 200 https://registry.npmjs.org/agent-base/-/agent-base-7.1.4.tgz 2012ms (cache miss)","time":"2026-10-08T12:41:32.429Z","v":0,"logId":"01a11b88-7e0d-72d5-a69a-87ba121f3be1"}
{"name":"worker","pid":844,"phase":"INSTALL_DEPENDENCIES","buildId":"114e576c-7b66-4c0b-b583-a312a68da540","source":"stderr","level":30,"msg":"npm http fetch GET 200 https://registry.npmjs.org/ansi-styles/-/ansi-styles-5.2.0.tgz 2061ms (cache miss)","time":"2026-10-08T12:41:32.477Z","v":0,"logId":"01a11b88-7e3d-733e-8a10-052700e3a98a"}
{"name":"worker","pid":844,"phase":"INSTALL_DEPENDENCIES","buildId":"114e576c-7b66-4c0b-b583-a312a68da540","source":"stderr","level":30,"msg":"npm http fetch GET 200 https://registry.npmjs.org/ms/-/ms-2.0.0.tgz 2062ms (cache miss)","time":"2026-10-08T12:41:32.478Z","v":0,"logId":"01a11b88-7e3e-7812-b1e9-c62ee6bceb2f"}
{"name":"worker","pid":844,"phase":"INSTALL_DEPENDENCIES","buildId":"114e576c-7b66-4c0b-b583-a312a68da540","source":"stderr","level":30,"msg":"npm http fetch GET 200 https://registry.npmjs.org/@react-navigation/routers/-/routers-7.6.4.tgz 2409ms (cache miss)","time":"2026-10-08T12:41:32.811Z","v":0,"logId":"01a11b88-7f8b-7bbf-a784-13591419fee3"}
{"name":"worker","pid":844,"phase":"INSTALL_DEPENDENCIES","buildId":"114e576c-7b66-4c0b-b583-a312a68da540","source":"stderr","level":30,"msg":"npm http fetch GET 200 https://registry.npmjs.org/commander/-/commander-12.1.0.tgz 2404ms (cache miss)","time":"2026-10-08T12:41:32.820Z","v":0,"logId":"01a11b88-7f94-7213-91cf-f1de0a24e0b6"}
{"name":"worker","pid":844,"phase":"INSTALL_DEPENDENCIES","buildId":"114e576c-7b66-4c0b-b583-a312a68da540","source":"stderr","level":30,"msg":"npm http fetch GET 200 https://registry.npmjs.org/supports-color/-/supports-color-5.5.0.tgz 2411ms (cache miss)","time":"2026-10-08T12:41:32.828Z","v":0,"logId":"01a11b88-7f9c-7542-bdaa-b434cfee0fb3"}
{"name":"worker","pid":844,"phase":"INSTALL_DEPENDENCIES","buildId":"114e576c-7b66-4c0b-b583-a312a68da540","source":"stderr","level":30,"msg":"npm http fetch GET 200 https://registry.npmjs.org/color-name/-/color-name-1.1.3.tgz 2447ms (cache miss)","time":"2026-10-08T12:41:32.865Z","v":0,"logId":"01a11b88-7fc1-7754-acbf-fdb275e96ba0"}
{"name":"worker","pid":844,"phase":"INSTALL_DEPENDENCIES","buildId":"114e576c-7b66-4c0b-b583-a312a68da540","source":"stderr","level":30,"msg":"npm http fetch GET 200 https://registry.npmjs.org/mime-types/-/mime-types-3.0.2.tgz 2447ms (cache miss)","time":"2026-10-08T12:41:32.865Z","v":0,"logId":"01a11b88-7fc1-7754-acbf-fdb31a095a76"}
{"name":"worker","pid":844,"phase":"INSTALL_DEPENDENCIES","buildId":"114e576c-7b66-4c0b-b583-a312a68da540","source":"stderr","level":30,"msg":"npm http fetch GET 200 https://registry.npmjs.org/@expo/devcert/-/devcert-1.2.2.tgz 2458ms (cache miss)","time":"2026-10-08T12:41:32.865Z","v":0,"logId":"01a11b88-7fc2-7057-bcdb-555ceef07817"}
{"name":"worker","pid":844,"phase":"INSTALL_DEPENDENCIES","buildId":"114e576c-7b66-4c0b-b583-a312a68da540","source":"stderr","level":30,"msg":"npm http fetch GET 200 https://registry.npmjs.org/mime-db/-/mime-db-1.54.0.tgz 2450ms (cache miss)","time":"2026-10-08T12:41:32.867Z","v":0,"logId":"01a11b88-7fc3-75dc-aa2d-9fa4bc57eb9e"}
{"name":"worker","pid":844,"phase":"INSTALL_DEPENDENCIES","buildId":"114e576c-7b66-4c0b-b583-a312a68da540","source":"stderr","level":30,"msg":"npm http fetch GET 200 https://registry.npmjs.org/color-convert/-/color-convert-1.9.3.tgz 2450ms (cache miss)","time":"2026-10-08T12:41:32.868Z","v":0,"logId":"01a11b88-7fc4-7b05-96bf-9d1615b74754"}
{"name":"worker","pid":844,"phase":"INSTALL_DEPENDENCIES","buildId":"114e576c-7b66-4c0b-b583-a312a68da540","source":"stderr","level":30,"msg":"npm http fetch GET 200 https://registry.npmjs.org/accepts/-/accepts-2.0.0.tgz 2451ms (cache miss)","time":"2026-10-08T12:41:32.868Z","v":0,"logId":"01a11b88-7fc4-7b05-96bf-9d17298b4a26"}
{"name":"worker","pid":844,"phase":"INSTALL_DEPENDENCIES","buildId":"114e576c-7b66-4c0b-b583-a312a68da540","source":"stderr","level":30,"msg":"npm http fetch GET 200 https://registry.npmjs.org/hermes-parser/-/hermes-parser-0.36.0.tgz 2481ms (cache miss)","time":"2026-10-08T12:41:32.869Z","v":0,"logId":"01a11b88-7fc5-7022-8f29-0168115ee8a5"}
{"name":"worker","pid":844,"phase":"INSTALL_DEPENDENCIES","buildId":"114e576c-7b66-4c0b-b583-a312a68da540","source":"stderr","level":30,"msg":"npm http fetch GET 200 https://registry.npmjs.org/escape-string-regexp/-/escape-string-regexp-1.0.5.tgz 2454ms (cache miss)","time":"2026-10-08T12:41:32.871Z","v":0,"logId":"01a11b88-7fc7-7ab0-adcf-99afe68c156b"}
{"name":"worker","pid":844,"phase":"INSTALL_DEPENDENCIES","buildId":"114e576c-7b66-4c0b-b583-a312a68da540","source":"stderr","level":30,"msg":"npm http fetch GET 200 https://registry.npmjs.org/has-flag/-/has-flag-3.0.0.tgz 2454ms (cache miss)","time":"2026-10-08T12:41:32.871Z","v":0,"logId":"01a11b88-7fc7-7ab0-adcf-99b0fe2be346"}
{"name":"worker","pid":844,"phase":"INSTALL_DEPENDENCIES","buildId":"114e576c-7b66-4c0b-b583-a312a68da540","source":"stderr","level":30,"msg":"npm http fetch GET 200 https://registry.npmjs.org/ansi-styles/-/ansi-styles-3.2.1.tgz 2457ms (cache miss)","time":"2026-10-08T12:41:32.875Z","v":0,"logId":"01a11b88-7fcb-769e-8ed0-3e4db7066522"}
{"name":"worker","pid":844,"phase":"INSTALL_DEPENDENCIES","buildId":"114e576c-7b66-4c0b-b583-a312a68da540","source":"stderr","level":30,"msg":"npm http fetch GET 200 https://registry.npmjs.org/ms/-/ms-2.0.0.tgz 2458ms (cache miss)","time":"2026-10-08T12:41:32.876Z","v":0,"logId":"01a11b88-7fcc-77bc-beb5-f0d9811ea024"}
{"name":"worker","pid":844,"phase":"INSTALL_DEPENDENCIES","buildId":"114e576c-7b66-4c0b-b583-a312a68da540","source":"stderr","level":30,"msg":"npm http fetch GET 200 https://registry.npmjs.org/ansi-regex/-/ansi-regex-4.1.1.tgz 2458ms (cache miss)","time":"2026-10-08T12:41:32.876Z","v":0,"logId":"01a11b88-7fcc-77bc-beb5-f0da9ff35c67"}
{"name":"worker","pid":844,"phase":"INSTALL_DEPENDENCIES","buildId":"114e576c-7b66-4c0b-b583-a312a68da540","source":"stderr","level":30,"msg":"npm http fetch GET 200 https://registry.npmjs.org/statuses/-/statuses-2.0.2.tgz 2459ms (cache miss)","time":"2026-10-08T12:41:32.877Z","v":0,"logId":"01a11b88-7fcd-76af-bc17-6d758e8388d0"}
{"name":"worker","pid":844,"phase":"INSTALL_DEPENDENCIES","buildId":"114e576c-7b66-4c0b-b583-a312a68da540","source":"stderr","level":30,"msg":"npm http fetch GET 200 https://registry.npmjs.org/chalk/-/chalk-2.4.2.tgz 2461ms (cache miss)","time":"2026-10-08T12:41:32.878Z","v":0,"logId":"01a11b88-7fcf-7314-be91-0d7c2991b926"}
{"name":"worker","pid":844,"phase":"INSTALL_DEPENDENCIES","buildId":"114e576c-7b66-4c0b-b583-a312a68da540","source":"stderr","level":30,"msg":"npm http fetch GET 200 https://registry.npmjs.org/@babel/code-frame/-/code-frame-7.29.7.tgz 2461ms (cache miss)","time":"2026-10-08T12:41:32.879Z","v":0,"logId":"01a11b88-7fcf-7314-be91-0d7d0f452a2a"}
{"name":"worker","pid":844,"phase":"INSTALL_DEPENDENCIES","buildId":"114e576c-7b66-4c0b-b583-a312a68da540","source":"stderr","level":30,"msg":"npm http fetch GET 200 https://registry.npmjs.org/ms/-/ms-2.0.0.tgz 2466ms (cache miss)","time":"2026-10-08T12:41:32.887Z","v":0,"logId":"01a11b88-7fd7-736d-b1b4-5177db70c735"}
{"name":"worker","pid":844,"phase":"INSTALL_DEPENDENCIES","buildId":"114e576c-7b66-4c0b-b583-a312a68da540","source":"stderr","level":30,"msg":"npm http fetch GET 200 https://registry.npmjs.org/@babel/helper-define-polyfill-provider/-/helper-define-polyfill-provider-0.6.8.tgz 2475ms (cache miss)","time":"2026-10-08T12:41:32.887Z","v":0,"logId":"01a11b88-7fd7-736d-b1b4-5178cbdbc60b"}
{"name":"worker","pid":844,"phase":"INSTALL_DEPENDENCIES","buildId":"114e576c-7b66-4c0b-b583-a312a68da540","source":"stderr","level":30,"msg":"npm http fetch GET 200 https://registry.npmjs.org/ms/-/ms-2.0.0.tgz 2467ms (cache miss)","time":"2026-10-08T12:41:32.888Z","v":0,"logId":"01a11b88-7fd8-70df-804b-bbd07145b410"}
{"name":"worker","pid":844,"phase":"INSTALL_DEPENDENCIES","buildId":"114e576c-7b66-4c0b-b583-a312a68da540","source":"stderr","level":30,"msg":"npm http fetch GET 200 https://registry.npmjs.org/ci-info/-/ci-info-3.9.0.tgz 2468ms (cache miss)","time":"2026-10-08T12:41:32.888Z","v":0,"logId":"01a11b88-7fd8-70df-804b-bbd11156020a"}
{"name":"worker","pid":844,"phase":"INSTALL_DEPENDENCIES","buildId":"114e576c-7b66-4c0b-b583-a312a68da540","source":"stderr","level":30,"msg":"npm http fetch GET 200 https://registry.npmjs.org/supports-color/-/supports-color-8.1.1.tgz 2469ms (cache miss)","time":"2026-10-08T12:41:32.888Z","v":0,"logId":"01a11b88-7fd8-70df-804b-bbd204526ab2"}
{"name":"worker","pid":844,"phase":"INSTALL_DEPENDENCIES","buildId":"114e576c-7b66-4c0b-b583-a312a68da540","source":"stderr","level":30,"msg":"npm http fetch GET 200 https://registry.npmjs.org/ms/-/ms-2.0.0.tgz 2470ms (cache miss)","time":"2026-10-08T12:41:32.888Z","v":0,"logId":"01a11b88-7fd8-70df-804b-bbd3b4ced39d"}
{"name":"worker","pid":844,"phase":"INSTALL_DEPENDENCIES","buildId":"114e576c-7b66-4c0b-b583-a312a68da540","source":"stderr","level":30,"msg":"npm http fetch GET 200 https://registry.npmjs.org/negotiator/-/negotiator-0.6.4.tgz 2472ms (cache miss)","time":"2026-10-08T12:41:32.892Z","v":0,"logId":"01a11b88-7fdc-7f48-ad36-92abf66387e2"}
{"name":"worker","pid":844,"phase":"INSTALL_DEPENDENCIES","buildId":"114e576c-7b66-4c0b-b583-a312a68da540","source":"stderr","level":30,"msg":"npm http fetch GET 200 https://registry.npmjs.org/mime-types/-/mime-types-3.0.2.tgz 2472ms (cache miss)","time":"2026-10-08T12:41:32.892Z","v":0,"logId":"01a11b88-7fdc-7f48-ad36-92ac14756ff9"}
{"name":"worker","pid":844,"phase":"INSTALL_DEPENDENCIES","buildId":"114e576c-7b66-4c0b-b583-a312a68da540","source":"stderr","level":30,"msg":"npm http fetch GET 200 https://registry.npmjs.org/negotiator/-/negotiator-1.1.0.tgz 2472ms (cache miss)","time":"2026-10-08T12:41:32.893Z","v":0,"logId":"01a11b88-7fdd-7252-9c66-06dae1543058"}
{"name":"worker","pid":844,"phase":"INSTALL_DEPENDENCIES","buildId":"114e576c-7b66-4c0b-b583-a312a68da540","source":"stderr","level":30,"msg":"npm http fetch GET 200 https://registry.npmjs.org/metro-transform-worker/-/metro-transform-worker-0.84.5.tgz 2473ms (cache miss)","time":"2026-10-08T12:41:32.893Z","v":0,"logId":"01a11b88-7fdd-7252-9c66-06db82d7fa6f"}
{"name":"worker","pid":844,"phase":"INSTALL_DEPENDENCIES","buildId":"114e576c-7b66-4c0b-b583-a312a68da540","source":"stderr","level":30,"msg":"npm http fetch GET 200 https://registry.npmjs.org/ob1/-/ob1-0.84.5.tgz 2473ms (cache miss)","time":"2026-10-08T12:41:32.893Z","v":0,"logId":"01a11b88-7fdd-7252-9c66-06dc8ed5d850"}
{"name":"worker","pid":844,"phase":"INSTALL_DEPENDENCIES","buildId":"114e576c-7b66-4c0b-b583-a312a68da540","source":"stderr","level":30,"msg":"npm http fetch GET 200 https://registry.npmjs.org/metro-cache/-/metro-cache-0.84.5.tgz 2472ms (cache miss)","time":"2026-10-08T12:41:32.893Z","v":0,"logId":"01a11b88-7fdd-7252-9c66-06dd2bab32cd"}
{"name":"worker","pid":844,"phase":"INSTALL_DEPENDENCIES","buildId":"114e576c-7b66-4c0b-b583-a312a68da540","source":"stderr","level":30,"msg":"npm http fetch GET 200 https://registry.npmjs.org/metro-minify-terser/-/metro-minify-terser-0.84.5.tgz 2472ms (cache miss)","time":"2026-10-08T12:41:32.893Z","v":0,"logId":"01a11b88-7fdd-7252-9c66-06deb8c7df80"}
{"name":"worker","pid":844,"phase":"INSTALL_DEPENDENCIES","buildId":"114e576c-7b66-4c0b-b583-a312a68da540","source":"stderr","level":30,"msg":"npm http fetch GET 200 https://registry.npmjs.org/metro-core/-/metro-core-0.84.5.tgz 2472ms (cache miss)","time":"2026-10-08T12:41:32.893Z","v":0,"logId":"01a11b88-7fde-7027-841e-1567eef06cfb"}
{"name":"worker","pid":844,"phase":"INSTALL_DEPENDENCIES","buildId":"114e576c-7b66-4c0b-b583-a312a68da540","source":"stderr","level":30,"msg":"npm http fetch GET 200 https://registry.npmjs.org/accepts/-/accepts-2.0.0.tgz 2473ms (cache miss)","time":"2026-10-08T12:41:32.894Z","v":0,"logId":"01a11b88-7fde-7027-841e-1568c03a51b5"}
{"name":"worker","pid":844,"phase":"INSTALL_DEPENDENCIES","buildId":"114e576c-7b66-4c0b-b583-a312a68da540","source":"stderr","level":30,"msg":"npm http fetch GET 200 https://registry.npmjs.org/metro-babel-transformer/-/metro-babel-transformer-0.84.5.tgz 2473ms (cache miss)","time":"2026-10-08T12:41:32.897Z","v":0,"logId":"01a11b88-7fe1-70f8-b86a-dba65efbe990"}
{"name":"worker","pid":844,"phase":"INSTALL_DEPENDENCIES","buildId":"114e576c-7b66-4c0b-b583-a312a68da540","source":"stderr","level":30,"msg":"npm http fetch GET 200 https://registry.npmjs.org/semver/-/semver-6.3.1.tgz 2477ms (cache miss)","time":"2026-10-08T12:41:32.897Z","v":0,"logId":"01a11b88-7fe1-70f8-b86a-dba7a571c4fa"}
{"name":"worker","pid":844,"phase":"INSTALL_DEPENDENCIES","buildId":"114e576c-7b66-4c0b-b583-a312a68da540","source":"stderr","level":30,"msg":"npm http fetch GET 200 https://registry.npmjs.org/braces 2205ms (cache miss)","time":"2026-10-08T12:41:32.902Z","v":0,"logId":"01a11b88-7fe6-7113-83a9-979d0673aa13"}
{"name":"worker","pid":844,"phase":"INSTALL_DEPENDENCIES","buildId":"114e576c-7b66-4c0b-b583-a312a68da540","source":"stderr","level":30,"msg":"npm http fetch GET 200 https://registry.npmjs.org/metro-cache-key/-/metro-cache-key-0.84.5.tgz 2483ms (cache miss)","time":"2026-10-08T12:41:32.904Z","v":0,"logId":"01a11b88-7fe8-733f-b766-aba88f677001"}
{"name":"worker","pid":844,"phase":"INSTALL_DEPENDENCIES","buildId":"114e576c-7b66-4c0b-b583-a312a68da540","source":"stderr","level":30,"msg":"npm http fetch GET 200 https://registry.npmjs.org/ci-info/-/ci-info-3.9.0.tgz 2485ms (cache miss)","time":"2026-10-08T12:41:32.905Z","v":0,"logId":"01a11b88-7fe9-735b-a46e-1267e7b186d8"}
{"name":"worker","pid":844,"phase":"INSTALL_DEPENDENCIES","buildId":"114e576c-7b66-4c0b-b583-a312a68da540","source":"stderr","level":30,"msg":"npm http fetch GET 200 https://registry.npmjs.org/shell-quote 2208ms (cache miss)","time":"2026-10-08T12:41:32.905Z","v":0,"logId":"01a11b88-7fe9-735b-a46e-126878f9378c"}
{"name":"worker","pid":844,"phase":"INSTALL_DEPENDENCIES","buildId":"114e576c-7b66-4c0b-b583-a312a68da540","source":"stderr","level":30,"msg":"npm http fetch GET 200 https://registry.npmjs.org/@babel/helper-create-class-features-plugin/-/helper-create-class-features-plugin-7.29.7.tgz 2494ms (cache miss)","time":"2026-10-08T12:41:32.906Z","v":0,"logId":"01a11b88-7fea-7c3f-993a-98d2d4a689c0"}
{"name":"worker","pid":844,"phase":"INSTALL_DEPENDENCIES","buildId":"114e576c-7b66-4c0b-b583-a312a68da540","source":"stderr","level":30,"msg":"npm http fetch GET 200 https://registry.npmjs.org/semver/-/semver-6.3.1.tgz 2488ms (cache miss)","time":"2026-10-08T12:41:32.910Z","v":0,"logId":"01a11b88-7fee-7161-8225-340169aa82a7"}
{"name":"worker","pid":844,"phase":"INSTALL_DEPENDENCIES","buildId":"114e576c-7b66-4c0b-b583-a312a68da540","source":"stderr","level":30,"msg":"npm http fetch GET 200 https://registry.npmjs.org/semver/-/semver-6.3.1.tgz 2489ms (cache miss)","time":"2026-10-08T12:41:32.910Z","v":0,"logId":"01a11b88-7fee-7161-8225-3402b9b2bf40"}
{"name":"worker","pid":844,"phase":"INSTALL_DEPENDENCIES","buildId":"114e576c-7b66-4c0b-b583-a312a68da540","source":"stderr","level":30,"msg":"npm http fetch GET 200 https://registry.npmjs.org/semver/-/semver-6.3.1.tgz 2482ms (cache miss)","time":"2026-10-08T12:41:32.910Z","v":0,"logId":"01a11b88-7fee-7161-8225-34031c35d07f"}
{"name":"worker","pid":844,"phase":"INSTALL_DEPENDENCIES","buildId":"114e576c-7b66-4c0b-b583-a312a68da540","source":"stderr","level":30,"msg":"npm http fetch GET 200 https://registry.npmjs.org/semver/-/semver-6.3.1.tgz 2488ms (cache miss)","time":"2026-10-08T12:41:32.910Z","v":0,"logId":"01a11b88-7fef-70db-a9e1-b072eb1a210b"}
{"name":"worker","pid":844,"phase":"INSTALL_DEPENDENCIES","buildId":"114e576c-7b66-4c0b-b583-a312a68da540","source":"stderr","level":30,"msg":"npm http fetch GET 200 https://registry.npmjs.org/semver/-/semver-6.3.1.tgz 2488ms (cache miss)","time":"2026-10-08T12:41:32.911Z","v":0,"logId":"01a11b88-7fef-70db-a9e1-b073bd7308a2"}
{"name":"worker","pid":844,"phase":"INSTALL_DEPENDENCIES","buildId":"114e576c-7b66-4c0b-b583-a312a68da540","source":"stderr","level":30,"msg":"npm http fetch GET 200 https://registry.npmjs.org/uuid 2215ms (cache miss)","time":"2026-10-08T12:41:32.912Z","v":0,"logId":"01a11b88-7ff0-7d23-8a8d-94a76d0085cf"}
{"name":"worker","pid":844,"phase":"INSTALL_DEPENDENCIES","buildId":"114e576c-7b66-4c0b-b583-a312a68da540","source":"stderr","level":30,"msg":"npm http fetch GET 200 https://registry.npmjs.org/debug/-/debug-3.2.7.tgz 2491ms (cache miss)","time":"2026-10-08T12:41:32.915Z","v":0,"logId":"01a11b88-7ff3-7321-8396-e8d6b73ad81c"}
{"name":"worker","pid":844,"phase":"INSTALL_DEPENDENCIES","buildId":"114e576c-7b66-4c0b-b583-a312a68da540","source":"stderr","level":30,"msg":"npm http fetch GET 200 https://registry.npmjs.org/node-forge 2218ms (cache miss)","time":"2026-10-08T12:41:32.917Z","v":0,"logId":"01a11b88-7ff5-7156-a3bc-d706b1a82a11"}
{"name":"worker","pid":844,"phase":"INSTALL_DEPENDENCIES","buildId":"114e576c-7b66-4c0b-b583-a312a68da540","source":"stderr","level":30,"msg":"npm http fetch GET 200 https://registry.npmjs.org/argparse/-/argparse-2.0.1.tgz 2498ms (cache miss)","time":"2026-10-08T12:41:32.918Z","v":0,"logId":"01a11b88-7ff6-7e34-acb2-5fa0a4f77864"}
{"name":"worker","pid":844,"phase":"INSTALL_DEPENDENCIES","buildId":"114e576c-7b66-4c0b-b583-a312a68da540","source":"stderr","level":30,"msg":"npm http fetch GET 200 https://registry.npmjs.org/mime-db/-/mime-db-1.54.0.tgz 2499ms (cache miss)","time":"2026-10-08T12:41:32.919Z","v":0,"logId":"01a11b88-7ff7-798e-a217-a9310403233e"}
{"name":"worker","pid":844,"phase":"INSTALL_DEPENDENCIES","buildId":"114e576c-7b66-4c0b-b583-a312a68da540","source":"stderr","level":30,"msg":"npm http fetch GET 200 https://registry.npmjs.org/@babel/helper-module-transforms/-/helper-module-transforms-7.29.7.tgz 2506ms (cache miss)","time":"2026-10-08T12:41:32.921Z","v":0,"logId":"01a11b88-7ff9-7c1d-9c33-529e7c4fbd05"}
{"name":"worker","pid":844,"phase":"INSTALL_DEPENDENCIES","buildId":"114e576c-7b66-4c0b-b583-a312a68da540","source":"stderr","level":30,"msg":"npm http fetch GET 200 https://registry.npmjs.org/picomatch/-/picomatch-4.0.7.tgz 2506ms (cache miss)","time":"2026-10-08T12:41:32.925Z","v":0,"logId":"01a11b88-7ffd-7ccf-806d-3e627bc327dd"}
{"name":"worker","pid":844,"phase":"INSTALL_DEPENDENCIES","buildId":"114e576c-7b66-4c0b-b583-a312a68da540","source":"stderr","level":30,"msg":"npm http fetch GET 200 https://registry.npmjs.org/debug/-/debug-2.6.9.tgz 2511ms (cache miss)","time":"2026-10-08T12:41:32.930Z","v":0,"logId":"01a11b88-8002-75d7-a3b1-42593448ce55"}
{"name":"worker","pid":844,"phase":"INSTALL_DEPENDENCIES","buildId":"114e576c-7b66-4c0b-b583-a312a68da540","source":"stderr","level":30,"msg":"npm http fetch GET 200 https://registry.npmjs.org/debug/-/debug-2.6.9.tgz 2514ms (cache miss)","time":"2026-10-08T12:41:32.934Z","v":0,"logId":"01a11b88-8006-7a35-ac4a-e5657155f7d4"}
{"name":"worker","pid":844,"phase":"INSTALL_DEPENDENCIES","buildId":"114e576c-7b66-4c0b-b583-a312a68da540","source":"stderr","level":30,"msg":"npm http fetch GET 200 https://registry.npmjs.org/debug/-/debug-2.6.9.tgz 2550ms (cache miss)","time":"2026-10-08T12:41:32.968Z","v":0,"logId":"01a11b88-8028-76b8-b762-4eafb5dbad2f"}
{"name":"worker","pid":844,"phase":"INSTALL_DEPENDENCIES","buildId":"114e576c-7b66-4c0b-b583-a312a68da540","source":"stderr","level":30,"msg":"npm http fetch GET 200 https://registry.npmjs.org/debug/-/debug-2.6.9.tgz 2551ms (cache miss)","time":"2026-10-08T12:41:32.972Z","v":0,"logId":"01a11b88-802c-7eb4-a6bb-59f57f00fa4b"}
{"name":"worker","pid":844,"phase":"INSTALL_DEPENDENCIES","buildId":"114e576c-7b66-4c0b-b583-a312a68da540","source":"stderr","level":30,"msg":"npm http fetch GET 200 https://registry.npmjs.org/https-proxy-agent/-/https-proxy-agent-7.0.6.tgz 2560ms (cache miss)","time":"2026-10-08T12:41:32.982Z","v":0,"logId":"01a11b88-8036-74b7-976a-9aa6c124201d"}
{"name":"worker","pid":844,"phase":"INSTALL_DEPENDENCIES","buildId":"114e576c-7b66-4c0b-b583-a312a68da540","source":"stderr","level":30,"msg":"npm http fetch GET 200 https://registry.npmjs.org/agent-base/-/agent-base-7.1.4.tgz 2565ms (cache miss)","time":"2026-10-08T12:41:32.987Z","v":0,"logId":"01a11b88-803b-75b2-9f38-172fb32738c5"}
{"name":"worker","pid":844,"phase":"INSTALL_DEPENDENCIES","buildId":"114e576c-7b66-4c0b-b583-a312a68da540","source":"stderr","level":30,"msg":"npm http fetch GET 200 https://registry.npmjs.org/@expo/devtools/-/devtools-57.0.1.tgz 2588ms (cache miss)","time":"2026-10-08T12:41:32.995Z","v":0,"logId":"01a11b88-8043-761f-9e10-acaf562402af"}
{"name":"worker","pid":844,"phase":"INSTALL_DEPENDENCIES","buildId":"114e576c-7b66-4c0b-b583-a312a68da540","source":"stderr","level":30,"msg":"npm http fetch GET 200 https://registry.npmjs.org/@types/node/-/node-26.6.1.tgz 2619ms (cache miss)","time":"2026-10-08T12:41:33.022Z","v":0,"logId":"01a11b88-805e-771a-ac7d-7229246d3748"}
{"name":"worker","pid":844,"phase":"INSTALL_DEPENDENCIES","buildId":"114e576c-7b66-4c0b-b583-a312a68da540","source":"stderr","level":30,"msg":"npm http fetch GET 200 https://registry.npmjs.org/@xmldom/xmldom/-/xmldom-0.9.12.tgz 2614ms (cache miss)","time":"2026-10-08T12:41:33.030Z","v":0,"logId":"01a11b88-8066-7d08-ac96-297fc53ed09a"}
{"name":"worker","pid":844,"phase":"INSTALL_DEPENDENCIES","buildId":"114e576c-7b66-4c0b-b583-a312a68da540","source":"stderr","level":30,"msg":"npm http fetch GET 200 https://registry.npmjs.org/lightningcss-darwin-arm64/-/lightningcss-darwin-arm64-1.33.0.tgz 2654ms (cache miss)","time":"2026-10-08T12:41:33.040Z","v":0,"logId":"01a11b88-8070-7a40-ba94-6f935ceb284c"}
{"name":"worker","pid":844,"phase":"INSTALL_DEPENDENCIES","buildId":"114e576c-7b66-4c0b-b583-a312a68da540","source":"stderr","level":30,"msg":"npm http fetch GET 200 https://registry.npmjs.org/ws/-/ws-8.22.0.tgz 2636ms (cache miss)","time":"2026-10-08T12:41:33.054Z","v":0,"logId":"01a11b88-807e-7e1e-ad06-cf333800ce13"}
{"name":"worker","pid":844,"phase":"INSTALL_DEPENDENCIES","buildId":"114e576c-7b66-4c0b-b583-a312a68da540","source":"stderr","level":30,"msg":"npm http fetch GET 200 https://registry.npmjs.org/@expo/config/-/config-57.0.10.tgz 2651ms (cache miss)","time":"2026-10-08T12:41:33.058Z","v":0,"logId":"01a11b88-8082-74c6-8f5e-684e63b2ec35"}
{"name":"worker","pid":844,"phase":"INSTALL_DEPENDENCIES","buildId":"114e576c-7b66-4c0b-b583-a312a68da540","source":"stderr","level":30,"msg":"npm http fetch GET 200 https://registry.npmjs.org/micromatch 85ms (cache miss)","time":"2026-10-08T12:41:33.071Z","v":0,"logId":"01a11b88-808f-7e19-9ef3-eafc20316085"}
{"name":"worker","pid":844,"phase":"INSTALL_DEPENDENCIES","buildId":"114e576c-7b66-4c0b-b583-a312a68da540","source":"stderr","level":30,"msg":"npm http fetch GET 200 https://registry.npmjs.org/@react-native/dev-middleware/-/dev-middleware-0.86.3.tgz 2671ms (cache miss)","time":"2026-10-08T12:41:33.075Z","v":0,"logId":"01a11b88-8093-79b7-9c02-886d34b2d7b5"}
{"name":"worker","pid":844,"phase":"INSTALL_DEPENDENCIES","buildId":"114e576c-7b66-4c0b-b583-a312a68da540","source":"stderr","level":30,"msg":"npm http fetch GET 200 https://registry.npmjs.org/source-map/-/source-map-0.6.1.tgz 2663ms (cache miss)","time":"2026-10-08T12:41:33.079Z","v":0,"logId":"01a11b88-8097-7207-99de-41baed8eafee"}
{"name":"worker","pid":844,"phase":"INSTALL_DEPENDENCIES","buildId":"114e576c-7b66-4c0b-b583-a312a68da540","source":"stderr","level":30,"msg":"npm http fetch GET 200 https://registry.npmjs.org/metro-symbolicate/-/metro-symbolicate-0.84.5.tgz 2661ms (cache miss)","time":"2026-10-08T12:41:33.082Z","v":0,"logId":"01a11b88-809a-70bd-b651-84addbb93de0"}
{"name":"worker","pid":844,"phase":"INSTALL_DEPENDENCIES","buildId":"114e576c-7b66-4c0b-b583-a312a68da540","source":"stderr","level":30,"msg":"npm http fetch GET 200 https://registry.npmjs.org/hermes-estree/-/hermes-estree-0.35.0.tgz 2682ms (cache miss)","time":"2026-10-08T12:41:33.099Z","v":0,"logId":"01a11b88-80ab-7969-abac-7dd5ba593de1"}
{"name":"worker","pid":844,"phase":"INSTALL_DEPENDENCIES","buildId":"114e576c-7b66-4c0b-b583-a312a68da540","source":"stderr","level":30,"msg":"npm http fetch GET 200 https://registry.npmjs.org/metro-file-map/-/metro-file-map-0.84.6.tgz 2721ms (cache miss)","time":"2026-10-08T12:41:33.104Z","v":0,"logId":"01a11b88-80b0-70ce-82f7-29e1063e0b7d"}
{"name":"worker","pid":844,"phase":"INSTALL_DEPENDENCIES","buildId":"114e576c-7b66-4c0b-b583-a312a68da540","source":"stderr","level":30,"msg":"npm http fetch GET 200 https://registry.npmjs.org/@react-native/community-cli-plugin/-/community-cli-plugin-0.86.3.tgz 2699ms (cache miss)","time":"2026-10-08T12:41:33.104Z","v":0,"logId":"01a11b88-80b0-70ce-82f7-29e2c8863516"}
{"name":"worker","pid":844,"phase":"INSTALL_DEPENDENCIES","buildId":"114e576c-7b66-4c0b-b583-a312a68da540","source":"stderr","level":30,"msg":"npm http fetch GET 200 https://registry.npmjs.org/metro-transform-plugins/-/metro-transform-plugins-0.84.5.tgz 2686ms (cache miss)","time":"2026-10-08T12:41:33.107Z","v":0,"logId":"01a11b88-80b3-78cb-9c91-b81fff81e6d0"}
{"name":"worker","pid":844,"phase":"INSTALL_DEPENDENCIES","buildId":"114e576c-7b66-4c0b-b583-a312a68da540","source":"stderr","level":30,"msg":"npm http fetch GET 200 https://registry.npmjs.org/@expo/ws-tunnel/-/ws-tunnel-2.0.1.tgz 2695ms (cache miss)","time":"2026-10-08T12:41:33.114Z","v":0,"logId":"01a11b88-80ba-741c-9fb9-a1e0caf3ac2a"}
{"name":"worker","pid":844,"phase":"INSTALL_DEPENDENCIES","buildId":"114e576c-7b66-4c0b-b583-a312a68da540","source":"stderr","level":30,"msg":"npm http fetch GET 200 https://registry.npmjs.org/metro-runtime/-/metro-runtime-0.84.5.tgz 2694ms (cache miss)","time":"2026-10-08T12:41:33.115Z","v":0,"logId":"01a11b88-80bb-74ab-9277-499bdf9f7616"}
{"name":"worker","pid":844,"phase":"INSTALL_DEPENDENCIES","buildId":"114e576c-7b66-4c0b-b583-a312a68da540","source":"stderr","level":30,"msg":"npm http fetch GET 200 https://registry.npmjs.org/hermes-estree/-/hermes-estree-0.35.0.tgz 2700ms (cache miss)","time":"2026-10-08T12:41:33.117Z","v":0,"logId":"01a11b88-80bd-7da2-83ff-d0c07767734c"}
{"name":"worker","pid":844,"phase":"INSTALL_DEPENDENCIES","buildId":"114e576c-7b66-4c0b-b583-a312a68da540","source":"stderr","level":30,"msg":"npm http fetch GET 200 https://registry.npmjs.org/hermes-estree/-/hermes-estree-0.36.1.tgz 2712ms (cache miss)","time":"2026-10-08T12:41:33.131Z","v":0,"logId":"01a11b88-80cb-7a42-bb41-d0f0b53b02e0"}
{"name":"worker","pid":844,"phase":"INSTALL_DEPENDENCIES","buildId":"114e576c-7b66-4c0b-b583-a312a68da540","source":"stderr","level":30,"msg":"npm http fetch GET 200 https://registry.npmjs.org/xmlbuilder/-/xmlbuilder-11.0.1.tgz 2720ms (cache miss)","time":"2026-10-08T12:41:33.136Z","v":0,"logId":"01a11b88-80d0-708a-aa83-dc2540d8d33f"}
{"name":"worker","pid":844,"phase":"INSTALL_DEPENDENCIES","buildId":"114e576c-7b66-4c0b-b583-a312a68da540","source":"stderr","level":30,"msg":"npm http fetch GET 200 https://registry.npmjs.org/hermes-estree/-/hermes-estree-0.35.0.tgz 2715ms (cache miss)","time":"2026-10-08T12:41:33.136Z","v":0,"logId":"01a11b88-80d0-708a-aa83-dc26e0021e2d"}
{"name":"worker","pid":844,"phase":"INSTALL_DEPENDENCIES","buildId":"114e576c-7b66-4c0b-b583-a312a68da540","source":"stderr","level":30,"msg":"npm http fetch GET 200 https://registry.npmjs.org/hermes-estree/-/hermes-estree-0.36.1.tgz 2717ms (cache miss)","time":"2026-10-08T12:41:33.137Z","v":0,"logId":"01a11b88-80d1-7452-bdcf-2bc1b382d048"}
{"name":"worker","pid":844,"phase":"INSTALL_DEPENDENCIES","buildId":"114e576c-7b66-4c0b-b583-a312a68da540","source":"stderr","level":30,"msg":"npm http fetch GET 200 https://registry.npmjs.org/expo-document-picker/-/expo-document-picker-57.0.3.tgz 2753ms (cache miss)","time":"2026-10-08T12:41:33.144Z","v":0,"logId":"01a11b88-80d8-792f-9bb8-52dcdb0bebc0"}
{"name":"worker","pid":844,"phase":"INSTALL_DEPENDENCIES","buildId":"114e576c-7b66-4c0b-b583-a312a68da540","source":"stderr","level":30,"msg":"npm http fetch GET 200 https://registry.npmjs.org/source-map/-/source-map-0.6.1.tgz 2739ms (cache miss)","time":"2026-10-08T12:41:33.158Z","v":0,"logId":"01a11b88-80e6-7ae5-87bf-74e3598763fb"}
{"name":"worker","pid":844,"phase":"INSTALL_DEPENDENCIES","buildId":"114e576c-7b66-4c0b-b583-a312a68da540","source":"stderr","level":30,"msg":"npm http fetch GET 200 https://registry.npmjs.org/lru-cache/-/lru-cache-10.4.3.tgz 2783ms (cache miss)","time":"2026-10-08T12:41:33.201Z","v":0,"logId":"01a11b88-8111-71f1-9c06-9e4cf496e9a6"}
{"name":"worker","pid":844,"phase":"INSTALL_DEPENDENCIES","buildId":"114e576c-7b66-4c0b-b583-a312a68da540","source":"stderr","level":30,"msg":"npm http fetch GET 200 https://registry.npmjs.org/@expo%2fcode-signing-certificates 92ms (cache miss)","time":"2026-10-08T12:41:33.205Z","v":0,"logId":"01a11b88-8115-7d47-9144-1482b0fb1a5a"}
{"name":"worker","pid":844,"phase":"INSTALL_DEPENDENCIES","buildId":"114e576c-7b66-4c0b-b583-a312a68da540","source":"stderr","level":30,"msg":"npm http fetch GET 200 https://registry.npmjs.org/type-fest/-/type-fest-0.21.3.tgz 2789ms (cache miss)","time":"2026-10-08T12:41:33.209Z","v":0,"logId":"01a11b88-8119-7030-a8e9-2ca9fd239290"}
{"name":"worker","pid":844,"phase":"INSTALL_DEPENDENCIES","buildId":"114e576c-7b66-4c0b-b583-a312a68da540","source":"stderr","level":30,"msg":"npm http fetch GET 200 https://registry.npmjs.org/yaml/-/yaml-2.9.1.tgz 2850ms (cache miss)","time":"2026-10-08T12:41:33.218Z","v":0,"logId":"01a11b88-8122-79b0-9edd-525d2b20300e"}
{"name":"worker","pid":844,"phase":"INSTALL_DEPENDENCIES","buildId":"114e576c-7b66-4c0b-b583-a312a68da540","source":"stderr","level":30,"msg":"npm http fetch GET 200 https://registry.npmjs.org/@babel/parser/-/parser-7.29.8.tgz 2818ms (cache miss)","time":"2026-10-08T12:41:33.238Z","v":0,"logId":"01a11b88-8136-79bf-bae8-6893c57e4a76"}
{"name":"worker","pid":844,"phase":"INSTALL_DEPENDENCIES","buildId":"114e576c-7b66-4c0b-b583-a312a68da540","source":"stderr","level":30,"msg":"npm http fetch GET 200 https://registry.npmjs.org/expo-constants/-/expo-constants-57.0.21.tgz 2847ms (cache miss)","time":"2026-10-08T12:41:33.269Z","v":0,"logId":"01a11b88-8155-7f16-b3f1-6f456b5c806a"}
{"name":"worker","pid":844,"phase":"INSTALL_DEPENDENCIES","buildId":"114e576c-7b66-4c0b-b583-a312a68da540","source":"stderr","level":30,"msg":"npm http fetch GET 200 https://registry.npmjs.org/@babel/generator/-/generator-7.29.8.tgz 2863ms (cache miss)","time":"2026-10-08T12:41:33.278Z","v":0,"logId":"01a11b88-815e-7747-a2e1-ad260e7328a8"}
{"name":"worker","pid":844,"phase":"INSTALL_DEPENDENCIES","buildId":"114e576c-7b66-4c0b-b583-a312a68da540","source":"stderr","level":30,"msg":"npm http fetch GET 200 https://registry.npmjs.org/js-yaml/-/js-yaml-4.3.2.tgz 2873ms (cache miss)","time":"2026-10-08T12:41:33.293Z","v":0,"logId":"01a11b88-816d-7c85-9a9c-ef10ce171ce4"}
{"name":"worker","pid":844,"phase":"INSTALL_DEPENDENCIES","buildId":"114e576c-7b66-4c0b-b583-a312a68da540","source":"stderr","level":30,"msg":"npm http fetch GET 200 https://registry.npmjs.org/@babel/traverse/-/traverse-7.29.8.tgz 2919ms (cache miss)","time":"2026-10-08T12:41:33.326Z","v":0,"logId":"01a11b88-818e-7086-a393-110341f579f5"}
{"name":"worker","pid":844,"phase":"INSTALL_DEPENDENCIES","buildId":"114e576c-7b66-4c0b-b583-a312a68da540","source":"stderr","level":30,"msg":"npm http fetch GET 200 https://registry.npmjs.org/babel-preset-expo/-/babel-preset-expo-57.0.14.tgz 2929ms (cache miss)","time":"2026-10-08T12:41:33.329Z","v":0,"logId":"01a11b88-8191-734d-99d1-9ed78598d279"}
{"name":"worker","pid":844,"phase":"INSTALL_DEPENDENCIES","buildId":"114e576c-7b66-4c0b-b583-a312a68da540","source":"stderr","level":30,"msg":"npm http fetch GET 200 https://registry.npmjs.org/css-select/-/css-select-5.2.2.tgz 2938ms (cache miss)","time":"2026-10-08T12:41:33.335Z","v":0,"logId":"01a11b88-8197-7cff-a3a9-b3669348ea1f"}
{"name":"worker","pid":844,"phase":"INSTALL_DEPENDENCIES","buildId":"114e576c-7b66-4c0b-b583-a312a68da540","source":"stderr","level":30,"msg":"npm http fetch GET 200 https://registry.npmjs.org/metro-config/-/metro-config-0.84.5.tgz 2911ms (cache miss)","time":"2026-10-08T12:41:33.345Z","v":0,"logId":"01a11b88-81a1-788e-8898-6d7cdf74e137"}
{"name":"worker","pid":844,"phase":"INSTALL_DEPENDENCIES","buildId":"114e576c-7b66-4c0b-b583-a312a68da540","source":"stderr","level":30,"msg":"npm http fetch GET 200 https://registry.npmjs.org/metro-source-map/-/metro-source-map-0.84.5.tgz 2926ms (cache miss)","time":"2026-10-08T12:41:33.351Z","v":0,"logId":"01a11b88-81a7-7b41-8b2f-32edbf680a17"}
{"name":"worker","pid":844,"phase":"INSTALL_DEPENDENCIES","buildId":"114e576c-7b66-4c0b-b583-a312a68da540","source":"stderr","level":30,"msg":"npm http fetch GET 200 https://registry.npmjs.org/@react-navigation/native-stack/-/native-stack-7.19.2.tgz 2954ms (cache miss)","time":"2026-10-08T12:41:33.357Z","v":0,"logId":"01a11b88-81ad-72f3-8c62-9766871186aa"}
{"name":"worker","pid":844,"phase":"INSTALL_DEPENDENCIES","buildId":"114e576c-7b66-4c0b-b583-a312a68da540","source":"stderr","level":30,"msg":"npm http fetch GET 200 https://registry.npmjs.org/axios/-/axios-1.20.0.tgz 2964ms (cache miss)","time":"2026-10-08T12:41:33.366Z","v":0,"logId":"01a11b88-81b6-767a-9c3f-6b112257349f"}
{"name":"worker","pid":844,"phase":"INSTALL_DEPENDENCIES","buildId":"114e576c-7b66-4c0b-b583-a312a68da540","source":"stderr","level":30,"msg":"npm http fetch GET 200 https://registry.npmjs.org/fb-dotslash/-/fb-dotslash-0.5.8.tgz 2976ms (cache miss)","time":"2026-10-08T12:41:33.366Z","v":0,"logId":"01a11b88-81b6-767a-9c3f-6b129c7b282b"}
{"name":"worker","pid":844,"phase":"INSTALL_DEPENDENCIES","buildId":"114e576c-7b66-4c0b-b583-a312a68da540","source":"stderr","level":30,"msg":"npm http fetch GET 200 https://registry.npmjs.org/@expo%2fcli 275ms (cache miss)","time":"2026-10-08T12:41:33.387Z","v":0,"logId":"01a11b88-81cb-78eb-9a8b-de02528d30cc"}
{"name":"worker","pid":844,"phase":"INSTALL_DEPENDENCIES","buildId":"114e576c-7b66-4c0b-b583-a312a68da540","source":"stderr","level":30,"msg":"npm http fetch GET 200 https://registry.npmjs.org/react-native-safe-area-context/-/react-native-safe-area-context-5.7.0.tgz 3026ms (cache miss)","time":"2026-10-08T12:41:33.405Z","v":0,"logId":"01a11b88-81dd-7241-8e47-59ba18d14767"}
{"name":"worker","pid":844,"phase":"INSTALL_DEPENDENCIES","buildId":"114e576c-7b66-4c0b-b583-a312a68da540","source":"stderr","level":30,"msg":"npm http fetch GET 200 https://registry.npmjs.org/@expo/metro-file-map/-/metro-file-map-57.0.4.tgz 3011ms (cache miss)","time":"2026-10-08T12:41:33.417Z","v":0,"logId":"01a11b88-81e9-7792-a13f-f63250928f5d"}
{"name":"worker","pid":844,"phase":"INSTALL_DEPENDENCIES","buildId":"114e576c-7b66-4c0b-b583-a312a68da540","source":"stderr","level":30,"msg":"npm http fetch GET 200 https://registry.npmjs.org/expo-task-manager/-/expo-task-manager-57.0.21.tgz 3027ms (cache miss)","time":"2026-10-08T12:41:33.419Z","v":0,"logId":"01a11b88-81eb-7d53-8f3e-f62007d361e6"}
{"name":"worker","pid":844,"phase":"INSTALL_DEPENDENCIES","buildId":"114e576c-7b66-4c0b-b583-a312a68da540","source":"stderr","level":30,"msg":"npm http fetch GET 200 https://registry.npmjs.org/metro-resolver/-/metro-resolver-0.84.5.tgz 3012ms (cache miss)","time":"2026-10-08T12:41:33.434Z","v":0,"logId":"01a11b88-81fb-7273-9c5a-799be1223c58"}
{"name":"worker","pid":844,"phase":"INSTALL_DEPENDENCIES","buildId":"114e576c-7b66-4c0b-b583-a312a68da540","source":"stderr","level":30,"msg":"npm http fetch GET 200 https://registry.npmjs.org/@expo/fingerprint/-/fingerprint-0.20.13.tgz 3039ms (cache miss)","time":"2026-10-08T12:41:33.446Z","v":0,"logId":"01a11b88-8206-7636-a555-66e87a68acd9"}
{"name":"worker","pid":844,"phase":"INSTALL_DEPENDENCIES","buildId":"114e576c-7b66-4c0b-b583-a312a68da540","source":"stderr","level":30,"msg":"npm http fetch GET 200 https://registry.npmjs.org/@expo/prebuild-config/-/prebuild-config-57.0.17.tgz 3047ms (cache miss)","time":"2026-10-08T12:41:33.453Z","v":0,"logId":"01a11b88-820d-7ed4-a92f-d28420fd86cd"}
{"name":"worker","pid":844,"phase":"INSTALL_DEPENDENCIES","buildId":"114e576c-7b66-4c0b-b583-a312a68da540","source":"stderr","level":30,"msg":"npm http fetch GET 200 https://registry.npmjs.org/expo-modules-jsi/-/expo-modules-jsi-57.1.1.tgz 3076ms (cache miss)","time":"2026-10-08T12:41:33.468Z","v":0,"logId":"01a11b88-821c-797d-9f73-3d03ee3e37b5"}
{"name":"worker","pid":844,"phase":"INSTALL_DEPENDENCIES","buildId":"114e576c-7b66-4c0b-b583-a312a68da540","source":"stderr","level":30,"msg":"npm http fetch GET 200 https://registry.npmjs.org/react-devtools-core/-/react-devtools-core-6.1.5.tgz 3092ms (cache miss)","time":"2026-10-08T12:41:33.472Z","v":0,"logId":"01a11b88-8220-70b9-961b-11f3178f1697"}
{"name":"worker","pid":844,"phase":"INSTALL_DEPENDENCIES","buildId":"114e576c-7b66-4c0b-b583-a312a68da540","source":"stderr","level":30,"msg":"npm http fetch GET 200 https://registry.npmjs.org/expo-image-picker/-/expo-image-picker-57.0.20.tgz 3127ms (cache miss)","time":"2026-10-08T12:41:33.518Z","v":0,"logId":"01a11b88-824e-7236-a1b0-363439d39dc1"}
{"name":"worker","pid":844,"phase":"INSTALL_DEPENDENCIES","buildId":"114e576c-7b66-4c0b-b583-a312a68da540","source":"stderr","level":30,"msg":"npm http fetch GET 200 https://registry.npmjs.org/react-devtools-core 96ms (cache miss)","time":"2026-10-08T12:41:33.518Z","v":0,"logId":"01a11b88-824e-7236-a1b0-363580e76555"}
{"name":"worker","pid":844,"phase":"INSTALL_DEPENDENCIES","buildId":"114e576c-7b66-4c0b-b583-a312a68da540","source":"stderr","level":30,"msg":"npm http fetch GET 200 https://registry.npmjs.org/expo-keep-awake/-/expo-keep-awake-57.0.2.tgz 3150ms (cache miss)","time":"2026-10-08T12:41:33.569Z","v":0,"logId":"01a11b88-8281-7bfd-a2ff-2201a21a60a7"}
{"name":"worker","pid":844,"phase":"INSTALL_DEPENDENCIES","buildId":"114e576c-7b66-4c0b-b583-a312a68da540","source":"stderr","level":30,"msg":"npm http fetch GET 200 https://registry.npmjs.org/css-tree/-/css-tree-1.1.3.tgz 3178ms (cache miss)","time":"2026-10-08T12:41:33.575Z","v":0,"logId":"01a11b88-8287-7756-8122-7cc2bc117830"}
{"name":"worker","pid":844,"phase":"INSTALL_DEPENDENCIES","buildId":"114e576c-7b66-4c0b-b583-a312a68da540","source":"stderr","level":30,"msg":"npm http fetch GET 200 https://registry.npmjs.org/expo-font/-/expo-font-57.0.4.tgz 3204ms (cache miss)","time":"2026-10-08T12:41:33.595Z","v":0,"logId":"01a11b88-829c-7e9f-85cb-a559f23fada2"}
{"name":"worker","pid":844,"phase":"INSTALL_DEPENDENCIES","buildId":"114e576c-7b66-4c0b-b583-a312a68da540","source":"stderr","level":30,"msg":"npm http fetch GET 200 https://registry.npmjs.org/@react-native-community/datetimepicker/-/datetimepicker-9.1.0.tgz 3222ms (cache miss)","time":"2026-10-08T12:41:33.626Z","v":0,"logId":"01a11b88-82bb-78db-ad5c-34f73c7abc75"}
{"name":"worker","pid":844,"phase":"INSTALL_DEPENDENCIES","buildId":"114e576c-7b66-4c0b-b583-a312a68da540","source":"stderr","level":30,"msg":"npm http fetch GET 200 https://registry.npmjs.org/@react-native-async-storage/async-storage/-/async-storage-2.2.0.tgz 3247ms (cache miss)","time":"2026-10-08T12:41:33.651Z","v":0,"logId":"01a11b88-82d3-7c96-9fb3-97ff88dbfaa1"}
{"name":"worker","pid":844,"phase":"INSTALL_DEPENDENCIES","buildId":"114e576c-7b66-4c0b-b583-a312a68da540","source":"stderr","level":30,"msg":"npm http fetch GET 200 https://registry.npmjs.org/regenerate-unicode-properties/-/regenerate-unicode-properties-10.2.2.tgz 3293ms (cache miss)","time":"2026-10-08T12:41:33.670Z","v":0,"logId":"01a11b88-82e7-7c41-b970-7ab02b96a08c"}
{"name":"worker","pid":844,"phase":"INSTALL_DEPENDENCIES","buildId":"114e576c-7b66-4c0b-b583-a312a68da540","source":"stderr","level":30,"msg":"npm http fetch GET 200 https://registry.npmjs.org/hermes-parser/-/hermes-parser-0.35.0.tgz 3263ms (cache miss)","time":"2026-10-08T12:41:33.680Z","v":0,"logId":"01a11b88-82f0-7b47-8976-1cdfacfd39d9"}
{"name":"worker","pid":844,"phase":"INSTALL_DEPENDENCIES","buildId":"114e576c-7b66-4c0b-b583-a312a68da540","source":"stderr","level":30,"msg":"npm http fetch GET 200 https://registry.npmjs.org/hermes-parser/-/hermes-parser-0.36.1.tgz 3274ms (cache miss)","time":"2026-10-08T12:41:33.692Z","v":0,"logId":"01a11b88-82fc-75a7-a0c6-1296d06d76ac"}
{"name":"worker","pid":844,"phase":"INSTALL_DEPENDENCIES","buildId":"114e576c-7b66-4c0b-b583-a312a68da540","source":"stderr","level":30,"msg":"npm http fetch GET 200 https://registry.npmjs.org/hermes-parser/-/hermes-parser-0.35.0.tgz 3275ms (cache miss)","time":"2026-10-08T12:41:33.693Z","v":0,"logId":"01a11b88-82fd-7063-af99-6ce27d3b96c3"}
{"name":"worker","pid":844,"phase":"INSTALL_DEPENDENCIES","buildId":"114e576c-7b66-4c0b-b583-a312a68da540","source":"stderr","level":30,"msg":"npm http fetch GET 200 https://registry.npmjs.org/hermes-parser/-/hermes-parser-0.35.0.tgz 3274ms (cache miss)","time":"2026-10-08T12:41:33.695Z","v":0,"logId":"01a11b88-82ff-7782-a7f2-ccdde5062a94"}
{"name":"worker","pid":844,"phase":"INSTALL_DEPENDENCIES","buildId":"114e576c-7b66-4c0b-b583-a312a68da540","source":"stderr","level":30,"msg":"npm http fetch GET 200 https://registry.npmjs.org/hermes-parser/-/hermes-parser-0.36.1.tgz 3276ms (cache miss)","time":"2026-10-08T12:41:33.696Z","v":0,"logId":"01a11b88-8300-7f10-9402-a08a861ddbee"}
{"name":"worker","pid":844,"phase":"INSTALL_DEPENDENCIES","buildId":"114e576c-7b66-4c0b-b583-a312a68da540","source":"stderr","level":30,"msg":"npm http fetch GET 200 https://registry.npmjs.org/@expo/log-box/-/log-box-57.0.4.tgz 3283ms (cache miss)","time":"2026-10-08T12:41:33.702Z","v":0,"logId":"01a11b88-8306-728f-aa29-60a73c0f2e6f"}
{"name":"worker","pid":844,"phase":"INSTALL_DEPENDENCIES","buildId":"114e576c-7b66-4c0b-b583-a312a68da540","source":"stderr","level":30,"msg":"npm http fetch GET 200 https://registry.npmjs.org/@expo/dom-webview/-/dom-webview-57.0.1.tgz 3287ms (cache miss)","time":"2026-10-08T12:41:33.706Z","v":0,"logId":"01a11b88-830a-774a-a241-8c0646065689"}
{"name":"worker","pid":844,"phase":"INSTALL_DEPENDENCIES","buildId":"114e576c-7b66-4c0b-b583-a312a68da540","source":"stderr","level":30,"msg":"npm http fetch GET 200 https://registry.npmjs.org/@react-native/gradle-plugin/-/gradle-plugin-0.86.3.tgz 3315ms (cache miss)","time":"2026-10-08T12:41:33.720Z","v":0,"logId":"01a11b88-8318-7e0e-ab87-bc4ec6f348ca"}
{"name":"worker","pid":844,"phase":"INSTALL_DEPENDENCIES","buildId":"114e576c-7b66-4c0b-b583-a312a68da540","source":"stderr","level":30,"msg":"npm http fetch GET 200 https://registry.npmjs.org/expo-location/-/expo-location-57.0.20.tgz 3352ms (cache miss)","time":"2026-10-08T12:41:33.743Z","v":0,"logId":"01a11b88-832f-7628-87aa-97b7c3f59bf2"}
{"name":"worker","pid":844,"phase":"INSTALL_DEPENDENCIES","buildId":"114e576c-7b66-4c0b-b583-a312a68da540","source":"stderr","level":30,"msg":"npm http fetch GET 200 https://registry.npmjs.org/xcode 198ms (cache miss)","time":"2026-10-08T12:41:33.749Z","v":0,"logId":"01a11b88-8335-76c3-8850-1e1a69ad5153"}
{"name":"worker","pid":844,"phase":"INSTALL_DEPENDENCIES","buildId":"114e576c-7b66-4c0b-b583-a312a68da540","source":"stderr","level":30,"msg":"npm http fetch GET 200 https://registry.npmjs.org/metro-file-map 92ms (cache miss)","time":"2026-10-08T12:41:33.889Z","v":0,"logId":"01a11b88-83c1-7476-8d6e-b55096af2390"}
{"name":"worker","pid":844,"phase":"INSTALL_DEPENDENCIES","buildId":"114e576c-7b66-4c0b-b583-a312a68da540","source":"stderr","level":30,"msg":"npm http fetch GET 200 https://registry.npmjs.org/type-fest/-/type-fest-5.10.0.tgz 3487ms (cache miss)","time":"2026-10-08T12:41:33.901Z","v":0,"logId":"01a11b88-83cd-7b2f-99cd-f79663173757"}
{"name":"worker","pid":844,"phase":"INSTALL_DEPENDENCIES","buildId":"114e576c-7b66-4c0b-b583-a312a68da540","source":"stderr","level":30,"msg":"npm http fetch GET 200 https://registry.npmjs.org/@babel/core/-/core-7.29.7.tgz 3512ms (cache miss)","time":"2026-10-08T12:41:33.926Z","v":0,"logId":"01a11b88-83e6-7504-8b6f-212185defe2a"}
{"name":"worker","pid":844,"phase":"INSTALL_DEPENDENCIES","buildId":"114e576c-7b66-4c0b-b583-a312a68da540","source":"stderr","level":30,"msg":"npm http fetch GET 200 https://registry.npmjs.org/@expo/router-server/-/router-server-57.0.12.tgz 3523ms (cache miss)","time":"2026-10-08T12:41:33.946Z","v":0,"logId":"01a11b88-83fa-7671-8dbe-fa1ee54cb855"}
{"name":"worker","pid":844,"phase":"INSTALL_DEPENDENCIES","buildId":"114e576c-7b66-4c0b-b583-a312a68da540","source":"stderr","level":30,"msg":"npm http fetch GET 200 https://registry.npmjs.org/metro-file-map/-/metro-file-map-0.84.5.tgz 3858ms (cache miss)","time":"2026-10-08T12:41:34.279Z","v":0,"logId":"01a11b88-8547-7f91-8457-76173b9204b1"}
{"name":"worker","pid":844,"phase":"INSTALL_DEPENDENCIES","buildId":"114e576c-7b66-4c0b-b583-a312a68da540","source":"stderr","level":30,"msg":"npm http fetch GET 200 https://registry.npmjs.org/expo-server/-/expo-server-57.0.3.tgz 3910ms (cache miss)","time":"2026-10-08T12:41:34.301Z","v":0,"logId":"01a11b88-855d-7ea6-becf-b7f89450f74c"}
{"name":"worker","pid":844,"phase":"INSTALL_DEPENDENCIES","buildId":"114e576c-7b66-4c0b-b583-a312a68da540","source":"stderr","level":30,"msg":"npm http fetch GET 200 https://registry.npmjs.org/@react-navigation/native/-/native-7.4.1.tgz 3905ms (cache miss)","time":"2026-10-08T12:41:34.309Z","v":0,"logId":"01a11b88-8565-7ba0-b7cf-ad2e8b53cb2f"}
{"name":"worker","pid":844,"phase":"INSTALL_DEPENDENCIES","buildId":"114e576c-7b66-4c0b-b583-a312a68da540","source":"stderr","level":30,"msg":"npm http fetch GET 200 https://registry.npmjs.org/expo-asset/-/expo-asset-57.0.19.tgz 3907ms (cache miss)","time":"2026-10-08T12:41:34.326Z","v":0,"logId":"01a11b88-8577-773b-92f5-704a0c6cdf48"}
{"name":"worker","pid":844,"phase":"INSTALL_DEPENDENCIES","buildId":"114e576c-7b66-4c0b-b583-a312a68da540","source":"stderr","level":30,"msg":"npm http fetch GET 200 https://registry.npmjs.org/@react-navigation/bottom-tabs/-/bottom-tabs-7.19.2.tgz 3987ms (cache miss)","time":"2026-10-08T12:41:34.391Z","v":0,"logId":"01a11b88-85b7-7eab-b37b-088f1bc13370"}
{"name":"worker","pid":844,"phase":"INSTALL_DEPENDENCIES","buildId":"114e576c-7b66-4c0b-b583-a312a68da540","source":"stderr","level":30,"msg":"npm http fetch GET 200 https://registry.npmjs.org/@babel/runtime/-/runtime-7.29.7.tgz 3987ms (cache miss)","time":"2026-10-08T12:41:34.395Z","v":0,"logId":"01a11b88-85bb-7bfe-8765-60d6950efc23"}
{"name":"worker","pid":844,"phase":"INSTALL_DEPENDENCIES","buildId":"114e576c-7b66-4c0b-b583-a312a68da540","source":"stderr","level":30,"msg":"npm http fetch GET 200 https://registry.npmjs.org/expo 501ms (cache miss)","time":"2026-10-08T12:41:34.425Z","v":0,"logId":"01a11b88-85d9-781b-8b74-ddb84738516e"}
{"name":"worker","pid":844,"phase":"INSTALL_DEPENDENCIES","buildId":"114e576c-7b66-4c0b-b583-a312a68da540","source":"stderr","level":30,"msg":"npm http fetch GET 200 https://registry.npmjs.org/lru-cache/-/lru-cache-11.5.3.tgz 4073ms (cache miss)","time":"2026-10-08T12:41:34.490Z","v":0,"logId":"01a11b88-861a-7794-bc7d-189554f96cf2"}
{"name":"worker","pid":844,"phase":"INSTALL_DEPENDENCIES","buildId":"114e576c-7b66-4c0b-b583-a312a68da540","source":"stderr","level":30,"msg":"npm http fetch GET 200 https://registry.npmjs.org/@babel/types/-/types-7.29.8.tgz 4101ms (cache miss)","time":"2026-10-08T12:41:34.508Z","v":0,"logId":"01a11b88-862c-7368-a902-3c3f51fce04c"}
{"name":"worker","pid":844,"phase":"INSTALL_DEPENDENCIES","buildId":"114e576c-7b66-4c0b-b583-a312a68da540","source":"stderr","level":30,"msg":"npm http fetch GET 200 https://registry.npmjs.org/@expo/metro-config/-/metro-config-57.0.13.tgz 4113ms (cache miss)","time":"2026-10-08T12:41:34.532Z","v":0,"logId":"01a11b88-8644-78a0-935d-a69e667ce118"}
{"name":"worker","pid":844,"phase":"INSTALL_DEPENDENCIES","buildId":"114e576c-7b66-4c0b-b583-a312a68da540","source":"stderr","level":30,"msg":"npm http fetch GET 200 https://registry.npmjs.org/@expo%2fconfig-plugins 179ms (cache miss)","time":"2026-10-08T12:41:34.662Z","v":0,"logId":"01a11b88-86c6-7571-ab27-82bb69139d74"}
{"name":"worker","pid":844,"phase":"INSTALL_DEPENDENCIES","buildId":"114e576c-7b66-4c0b-b583-a312a68da540","source":"stderr","level":30,"msg":"npm http fetch GET 200 https://registry.npmjs.org/@react-native/codegen/-/codegen-0.86.3.tgz 4276ms (cache miss)","time":"2026-10-08T12:41:34.680Z","v":0,"logId":"01a11b88-86d8-7664-b93e-c6c84dd99223"}
{"name":"worker","pid":844,"phase":"INSTALL_DEPENDENCIES","buildId":"114e576c-7b66-4c0b-b583-a312a68da540","source":"stderr","level":30,"msg":"npm http fetch GET 200 https://registry.npmjs.org/@expo%2fmetro 124ms (cache miss)","time":"2026-10-08T12:41:34.807Z","v":0,"logId":"01a11b88-8757-7cd6-add4-7c0d7dbe5e96"}
{"name":"worker","pid":844,"phase":"INSTALL_DEPENDENCIES","buildId":"114e576c-7b66-4c0b-b583-a312a68da540","source":"stderr","level":30,"msg":"npm http fetch GET 200 https://registry.npmjs.org/@expo/expo-modules-macros-plugin/-/expo-modules-macros-plugin-0.6.1.tgz 4484ms (cache miss)","time":"2026-10-08T12:41:34.891Z","v":0,"logId":"01a11b88-87ab-7654-9cf4-c4b0bdba04fd"}
{"name":"worker","pid":844,"phase":"INSTALL_DEPENDENCIES","buildId":"114e576c-7b66-4c0b-b583-a312a68da540","source":"stderr","level":30,"msg":"npm http fetch GET 200 https://registry.npmjs.org/metro 238ms (cache miss)","time":"2026-10-08T12:41:34.921Z","v":0,"logId":"01a11b88-87c9-7456-93f3-de1808010e00"}
{"name":"worker","pid":844,"phase":"INSTALL_DEPENDENCIES","buildId":"114e576c-7b66-4c0b-b583-a312a68da540","source":"stderr","level":30,"msg":"npm http fetch GET 200 https://registry.npmjs.org/@babel/helpers/-/helpers-7.29.7.tgz 4662ms (cache miss)","time":"2026-10-08T12:41:35.073Z","v":0,"logId":"01a11b88-8862-7df3-b77d-a855d780b9a5"}
{"name":"worker","pid":844,"phase":"INSTALL_DEPENDENCIES","buildId":"114e576c-7b66-4c0b-b583-a312a68da540","source":"stderr","level":30,"msg":"npm http fetch GET 200 https://registry.npmjs.org/expo-image-loader 123ms (cache miss)","time":"2026-10-08T12:41:35.087Z","v":0,"logId":"01a11b88-886f-7808-b767-42c8679be9bc"}
{"name":"worker","pid":844,"phase":"INSTALL_DEPENDENCIES","buildId":"114e576c-7b66-4c0b-b583-a312a68da540","source":"stderr","level":30,"msg":"npm http fetch GET 200 https://registry.npmjs.org/@expo%2flog-box 173ms (cache miss)","time":"2026-10-08T12:41:35.137Z","v":0,"logId":"01a11b88-88a1-7f42-a7b5-333383300e5e"}
{"name":"worker","pid":844,"phase":"INSTALL_DEPENDENCIES","buildId":"114e576c-7b66-4c0b-b583-a312a68da540","source":"stderr","level":30,"msg":"npm http fetch GET 200 https://registry.npmjs.org/expo-status-bar 183ms (cache miss)","time":"2026-10-08T12:41:35.147Z","v":0,"logId":"01a11b88-88ab-7c8c-9873-0c73f1d6a110"}
{"name":"worker","pid":844,"phase":"INSTALL_DEPENDENCIES","buildId":"114e576c-7b66-4c0b-b583-a312a68da540","source":"stderr","level":30,"msg":"npm http fetch GET 200 https://registry.npmjs.org/expo-document-picker 257ms (cache miss)","time":"2026-10-08T12:41:35.221Z","v":0,"logId":"01a11b88-88f5-7df5-a066-61bf1dcc99e1"}
{"name":"worker","pid":844,"phase":"INSTALL_DEPENDENCIES","buildId":"114e576c-7b66-4c0b-b583-a312a68da540","source":"stderr","level":30,"msg":"npm http fetch GET 200 https://registry.npmjs.org/@expo%2fdom-webview 278ms (cache miss)","time":"2026-10-08T12:41:35.243Z","v":0,"logId":"01a11b88-890b-7f89-bba5-c648167a5b88"}
{"name":"worker","pid":844,"phase":"INSTALL_DEPENDENCIES","buildId":"114e576c-7b66-4c0b-b583-a312a68da540","source":"stderr","level":30,"msg":"npm http fetch GET 200 https://registry.npmjs.org/expo-image-picker 522ms (cache miss)","time":"2026-10-08T12:41:35.487Z","v":0,"logId":"01a11b88-89ff-78f6-9607-7a4ef5bcd799"}
{"name":"worker","pid":844,"phase":"INSTALL_DEPENDENCIES","buildId":"114e576c-7b66-4c0b-b583-a312a68da540","source":"stderr","level":30,"msg":"npm http fetch GET 200 https://registry.npmjs.org/expo-font 548ms (cache miss)","time":"2026-10-08T12:41:35.512Z","v":0,"logId":"01a11b88-8a18-7eed-9488-f7973622c762"}
{"name":"worker","pid":844,"phase":"INSTALL_DEPENDENCIES","buildId":"114e576c-7b66-4c0b-b583-a312a68da540","source":"stderr","level":30,"msg":"npm http fetch GET 200 https://registry.npmjs.org/@react-navigation/elements/-/elements-2.9.43.tgz 5187ms (cache miss)","time":"2026-10-08T12:41:35.590Z","v":0,"logId":"01a11b88-8a66-790a-9577-4e4f818e1b5b"}
{"name":"worker","pid":844,"phase":"INSTALL_DEPENDENCIES","buildId":"114e576c-7b66-4c0b-b583-a312a68da540","source":"stderr","level":30,"msg":"npm http fetch GET 200 https://registry.npmjs.org/expo-task-manager 661ms (cache miss)","time":"2026-10-08T12:41:35.626Z","v":0,"logId":"01a11b88-8a8a-745a-8bd2-f8a31fc06a44"}
{"name":"worker","pid":844,"phase":"INSTALL_DEPENDENCIES","buildId":"114e576c-7b66-4c0b-b583-a312a68da540","source":"stderr","level":30,"msg":"npm http fetch GET 200 https://registry.npmjs.org/expo-location 685ms (cache miss)","time":"2026-10-08T12:41:35.650Z","v":0,"logId":"01a11b88-8aa2-7a96-9496-9a4974ef3974"}
{"name":"worker","pid":844,"phase":"INSTALL_DEPENDENCIES","buildId":"114e576c-7b66-4c0b-b583-a312a68da540","source":"stderr","level":30,"msg":"npm http fetch GET 200 https://registry.npmjs.org/expo-asset 710ms (cache miss)","time":"2026-10-08T12:41:35.674Z","v":0,"logId":"01a11b88-8aba-7577-a5c4-626c5ee51431"}
{"name":"worker","pid":844,"phase":"INSTALL_DEPENDENCIES","buildId":"114e576c-7b66-4c0b-b583-a312a68da540","source":"stderr","level":30,"msg":"npm http fetch GET 200 https://registry.npmjs.org/@expo%2frouter-server 736ms (cache miss)","time":"2026-10-08T12:41:35.701Z","v":0,"logId":"01a11b88-8ad5-75e5-9a10-f94ef0b1eca4"}
{"name":"worker","pid":844,"phase":"INSTALL_DEPENDENCIES","buildId":"114e576c-7b66-4c0b-b583-a312a68da540","source":"stderr","level":30,"msg":"npm http fetch GET 200 https://registry.npmjs.org/expo-camera 741ms (cache miss)","time":"2026-10-08T12:41:35.705Z","v":0,"logId":"01a11b88-8ad9-7270-a79e-e3842b69a6dc"}
{"name":"worker","pid":844,"phase":"INSTALL_DEPENDENCIES","buildId":"114e576c-7b66-4c0b-b583-a312a68da540","source":"stderr","level":30,"msg":"npm http fetch GET 200 https://registry.npmjs.org/expo-keep-awake 756ms (cache miss)","time":"2026-10-08T12:41:35.721Z","v":0,"logId":"01a11b88-8ae9-7f63-908e-46b604dfd40c"}
{"name":"worker","pid":844,"phase":"INSTALL_DEPENDENCIES","buildId":"114e576c-7b66-4c0b-b583-a312a68da540","source":"stderr","level":30,"msg":"npm http fetch GET 200 https://registry.npmjs.org/@expo/vector-icons/-/vector-icons-15.1.1.tgz 5326ms (cache miss)","time":"2026-10-08T12:41:35.732Z","v":0,"logId":"01a11b88-8af4-7ae0-b776-0f0d94e81d2d"}
{"name":"worker","pid":844,"phase":"INSTALL_DEPENDENCIES","buildId":"114e576c-7b66-4c0b-b583-a312a68da540","source":"stderr","level":30,"msg":"npm http fetch GET 200 https://registry.npmjs.org/@react-native-community%2fdatetimepicker 769ms (cache miss)","time":"2026-10-08T12:41:35.732Z","v":0,"logId":"01a11b88-8af4-7ae0-b776-0f0eea103da2"}
{"name":"worker","pid":844,"phase":"INSTALL_DEPENDENCIES","buildId":"114e576c-7b66-4c0b-b583-a312a68da540","source":"stderr","level":30,"msg":"npm http fetch GET 200 https://registry.npmjs.org/expo-file-system 944ms (cache miss)","time":"2026-10-08T12:41:35.909Z","v":0,"logId":"01a11b88-8ba5-72f1-84eb-c4180aca91dc"}
{"name":"worker","pid":844,"phase":"INSTALL_DEPENDENCIES","buildId":"114e576c-7b66-4c0b-b583-a312a68da540","source":"stderr","level":30,"msg":"npm http fetch GET 200 https://registry.npmjs.org/expo-constants 963ms (cache miss)","time":"2026-10-08T12:41:35.928Z","v":0,"logId":"01a11b88-8bb8-7f81-839f-94bdf9ed6e88"}
{"name":"worker","pid":844,"phase":"INSTALL_DEPENDENCIES","buildId":"114e576c-7b66-4c0b-b583-a312a68da540","source":"stderr","level":30,"msg":"npm http fetch GET 200 https://registry.npmjs.org/babel-preset-expo 993ms (cache miss)","time":"2026-10-08T12:41:35.957Z","v":0,"logId":"01a11b88-8bd5-721e-8425-1f0d80450995"}
{"name":"worker","pid":844,"phase":"INSTALL_DEPENDENCIES","buildId":"114e576c-7b66-4c0b-b583-a312a68da540","source":"stderr","level":30,"msg":"npm http fetch GET 200 https://registry.npmjs.org/expo-modules-autolinking/-/expo-modules-autolinking-57.0.14.tgz 5595ms (cache miss)","time":"2026-10-08T12:41:35.986Z","v":0,"logId":"01a11b88-8bf2-7ead-a358-4f5fdc22089a"}
{"name":"worker","pid":844,"phase":"INSTALL_DEPENDENCIES","buildId":"114e576c-7b66-4c0b-b583-a312a68da540","source":"stderr","level":30,"msg":"npm http fetch GET 200 https://registry.npmjs.org/@expo%2fmetro-config 1045ms (cache miss)","time":"2026-10-08T12:41:36.009Z","v":0,"logId":"01a11b88-8c09-748b-acb1-50b1d0e08b1c"}
{"name":"worker","pid":844,"phase":"INSTALL_DEPENDENCIES","buildId":"114e576c-7b66-4c0b-b583-a312a68da540","source":"stderr","level":30,"msg":"npm http fetch GET 200 https://registry.npmjs.org/@expo%2finline-modules 143ms (cache miss)","time":"2026-10-08T12:41:36.381Z","v":0,"logId":"01a11b88-8d7d-7abb-87dc-148be73de2f9"}
{"name":"worker","pid":844,"phase":"INSTALL_DEPENDENCIES","buildId":"114e576c-7b66-4c0b-b583-a312a68da540","source":"stderr","level":30,"msg":"npm http fetch GET 200 https://registry.npmjs.org/@expo%2fprebuild-config 195ms (cache miss)","time":"2026-10-08T12:41:36.433Z","v":0,"logId":"01a11b88-8db1-7f75-8f5b-a77582cc9940"}
{"name":"worker","pid":844,"phase":"INSTALL_DEPENDENCIES","buildId":"114e576c-7b66-4c0b-b583-a312a68da540","source":"stderr","level":30,"msg":"npm http fetch GET 200 https://registry.npmjs.org/@expo/config-plugins/-/config-plugins-57.0.10.tgz 6041ms (cache miss)","time":"2026-10-08T12:41:36.452Z","v":0,"logId":"01a11b88-8dc4-7125-a11c-0a7790992dbd"}
{"name":"worker","pid":844,"phase":"INSTALL_DEPENDENCIES","buildId":"114e576c-7b66-4c0b-b583-a312a68da540","source":"stderr","level":30,"msg":"npm http fetch GET 200 https://registry.npmjs.org/@expo%2fconfig 217ms (cache miss)","time":"2026-10-08T12:41:36.455Z","v":0,"logId":"01a11b88-8dc7-7fee-a7a7-73e6ff0e0d41"}
{"name":"worker","pid":844,"phase":"INSTALL_DEPENDENCIES","buildId":"114e576c-7b66-4c0b-b583-a312a68da540","source":"stderr","level":30,"msg":"npm http fetch GET 200 https://registry.npmjs.org/metro-transform-worker 110ms (cache miss)","time":"2026-10-08T12:41:36.657Z","v":0,"logId":"01a11b88-8e91-7a30-9495-c70b06a5375a"}
{"name":"worker","pid":844,"phase":"INSTALL_DEPENDENCIES","buildId":"114e576c-7b66-4c0b-b583-a312a68da540","source":"stderr","level":30,"msg":"npm http fetch GET 200 https://registry.npmjs.org/metro-config 124ms (cache miss)","time":"2026-10-08T12:41:36.671Z","v":0,"logId":"01a11b88-8e9f-74c5-930a-153385e131cc"}
{"name":"worker","pid":844,"phase":"INSTALL_DEPENDENCIES","buildId":"114e576c-7b66-4c0b-b583-a312a68da540","source":"stderr","level":30,"msg":"npm http fetch GET 200 https://registry.npmjs.org/@react-native%2fcommunity-cli-plugin 219ms (cache miss)","time":"2026-10-08T12:41:36.766Z","v":0,"logId":"01a11b88-8efe-7a75-9068-e27757fd601e"}
{"name":"worker","pid":844,"phase":"INSTALL_DEPENDENCIES","buildId":"114e576c-7b66-4c0b-b583-a312a68da540","source":"stderr","level":30,"msg":"npm http fetch GET 200 https://registry.npmjs.org/@expo%2flocal-build-cache-provider 153ms (cache miss)","time":"2026-10-08T12:41:37.136Z","v":0,"logId":"01a11b88-9070-7f12-9aec-b2facbc16bbd"}
{"name":"worker","pid":844,"phase":"INSTALL_DEPENDENCIES","buildId":"114e576c-7b66-4c0b-b583-a312a68da540","source":"stderr","level":30,"msg":"npm http fetch GET 200 https://registry.npmjs.org/expo/-/expo-57.0.27.tgz 6846ms (cache miss)","time":"2026-10-08T12:41:37.239Z","v":0,"logId":"01a11b88-90d8-7921-98ee-5fd5a5c09e6e"}
{"name":"worker","pid":844,"phase":"INSTALL_DEPENDENCIES","buildId":"114e576c-7b66-4c0b-b583-a312a68da540","source":"stderr","level":30,"msg":"npm http fetch GET 200 https://registry.npmjs.org/@react-navigation/core/-/core-7.22.1.tgz 6837ms (cache miss)","time":"2026-10-08T12:41:37.241Z","v":0,"logId":"01a11b88-90d9-72f4-862e-968c44fc358b"}
{"name":"worker","pid":844,"phase":"INSTALL_DEPENDENCIES","buildId":"114e576c-7b66-4c0b-b583-a312a68da540","source":"stderr","level":30,"msg":"npm http fetch GET 200 https://registry.npmjs.org/expo-file-system/-/expo-file-system-57.0.7.tgz 6879ms (cache miss)","time":"2026-10-08T12:41:37.298Z","v":0,"logId":"01a11b88-9113-7327-b723-f8600167abab"}
{"name":"worker","pid":844,"phase":"INSTALL_DEPENDENCIES","buildId":"114e576c-7b66-4c0b-b583-a312a68da540","source":"stderr","level":30,"msg":"npm http fetch GET 200 https://registry.npmjs.org/@expo/metro/-/metro-56.0.2.tgz 6909ms (cache miss)","time":"2026-10-08T12:41:37.315Z","v":0,"logId":"01a11b88-9123-7fa0-807b-90ad83660d32"}
{"name":"worker","pid":844,"phase":"INSTALL_DEPENDENCIES","buildId":"114e576c-7b66-4c0b-b583-a312a68da540","source":"stderr","level":30,"msg":"npm http fetch GET 200 https://registry.npmjs.org/metro/-/metro-0.84.6.tgz 6934ms (cache miss)","time":"2026-10-08T12:41:37.318Z","v":0,"logId":"01a11b88-9126-775b-b595-07fb3bf36987"}
{"name":"worker","pid":844,"phase":"INSTALL_DEPENDENCIES","buildId":"114e576c-7b66-4c0b-b583-a312a68da540","source":"stderr","level":30,"msg":"npm http fetch GET 200 https://registry.npmjs.org/react-native-maps/-/react-native-maps-1.27.2.tgz 7077ms (cache miss)","time":"2026-10-08T12:41:37.456Z","v":0,"logId":"01a11b88-91b0-7f40-802c-ae6b652ec0f9"}
{"name":"worker","pid":844,"phase":"INSTALL_DEPENDENCIES","buildId":"114e576c-7b66-4c0b-b583-a312a68da540","source":"stderr","level":30,"msg":"npm http fetch GET 200 https://registry.npmjs.org/zod/-/zod-3.25.76.tgz 7132ms (cache miss)","time":"2026-10-08T12:41:37.499Z","v":0,"logId":"01a11b88-91db-7e84-af61-a2bebe8e5661"}
{"name":"worker","pid":844,"phase":"INSTALL_DEPENDENCIES","buildId":"114e576c-7b66-4c0b-b583-a312a68da540","source":"stderr","level":30,"msg":"npm http fetch GET 200 https://registry.npmjs.org/react-native 252ms (cache miss)","time":"2026-10-08T12:41:37.533Z","v":0,"logId":"01a11b88-91fd-7109-ab57-f6b0c0b71694"}
{"name":"worker","pid":844,"phase":"INSTALL_DEPENDENCIES","buildId":"114e576c-7b66-4c0b-b583-a312a68da540","source":"stderr","level":30,"msg":"npm http fetch GET 200 https://registry.npmjs.org/metro/-/metro-0.84.5.tgz 7292ms (cache miss)","time":"2026-10-08T12:41:37.713Z","v":0,"logId":"01a11b88-92b1-7706-b666-5949100665d4"}
{"name":"worker","pid":844,"phase":"INSTALL_DEPENDENCIES","buildId":"114e576c-7b66-4c0b-b583-a312a68da540","source":"stderr","level":30,"msg":"npm http fetch GET 200 https://registry.npmjs.org/expo-modules-jsi 313ms (cache miss)","time":"2026-10-08T12:41:38.073Z","v":0,"logId":"01a11b88-9419-7caa-9a42-8c72e8831a7c"}
{"name":"worker","pid":844,"phase":"INSTALL_DEPENDENCIES","buildId":"114e576c-7b66-4c0b-b583-a312a68da540","source":"stderr","level":30,"msg":"npm http fetch GET 200 https://registry.npmjs.org/react-native-view-shot 320ms (cache miss)","time":"2026-10-08T12:41:38.079Z","v":0,"logId":"01a11b88-941f-7219-a402-f39f3d51ae8e"}
{"name":"worker","pid":844,"phase":"INSTALL_DEPENDENCIES","buildId":"114e576c-7b66-4c0b-b583-a312a68da540","source":"stderr","level":30,"msg":"npm http fetch GET 200 https://registry.npmjs.org/@expo%2fvector-icons 335ms (cache miss)","time":"2026-10-08T12:41:38.094Z","v":0,"logId":"01a11b88-942e-7421-b2c1-77e5101f4d2f"}
{"name":"worker","pid":844,"phase":"INSTALL_DEPENDENCIES","buildId":"114e576c-7b66-4c0b-b583-a312a68da540","source":"stderr","level":30,"msg":"npm http fetch GET 200 https://registry.npmjs.org/@expo%2fdevtools 338ms (cache miss)","time":"2026-10-08T12:41:38.095Z","v":0,"logId":"01a11b88-942f-7532-8b81-c39ff90a5871"}
{"name":"worker","pid":844,"phase":"INSTALL_DEPENDENCIES","buildId":"114e576c-7b66-4c0b-b583-a312a68da540","source":"stderr","level":30,"msg":"npm http fetch GET 200 https://registry.npmjs.org/@react-native-async-storage%2fasync-storage 342ms (cache miss)","time":"2026-10-08T12:41:38.100Z","v":0,"logId":"01a11b88-9434-760a-8625-0c31d805c74b"}
{"name":"worker","pid":844,"phase":"INSTALL_DEPENDENCIES","buildId":"114e576c-7b66-4c0b-b583-a312a68da540","source":"stderr","level":30,"msg":"npm http fetch GET 200 https://registry.npmjs.org/react-native-safe-area-context 355ms (cache miss)","time":"2026-10-08T12:41:38.114Z","v":0,"logId":"01a11b88-9442-794f-af6c-d3690dc895aa"}
{"name":"worker","pid":844,"phase":"INSTALL_DEPENDENCIES","buildId":"114e576c-7b66-4c0b-b583-a312a68da540","source":"stderr","level":30,"msg":"npm http fetch GET 200 https://registry.npmjs.org/@react-navigation%2felements 359ms (cache miss)","time":"2026-10-08T12:41:38.118Z","v":0,"logId":"01a11b88-9446-79f7-be73-5a8f1cc31b6c"}
{"name":"worker","pid":844,"phase":"INSTALL_DEPENDENCIES","buildId":"114e576c-7b66-4c0b-b583-a312a68da540","source":"stderr","level":30,"msg":"npm http fetch GET 200 https://registry.npmjs.org/react-native-svg 378ms (cache miss)","time":"2026-10-08T12:41:38.138Z","v":0,"logId":"01a11b88-945a-723d-8779-2053da73ba22"}
{"name":"worker","pid":844,"phase":"INSTALL_DEPENDENCIES","buildId":"114e576c-7b66-4c0b-b583-a312a68da540","source":"stderr","level":30,"msg":"npm http fetch GET 200 https://registry.npmjs.org/expo-modules-core 409ms (cache miss)","time":"2026-10-08T12:41:38.167Z","v":0,"logId":"01a11b88-9477-7df8-81cf-ab5fdcda802c"}
{"name":"worker","pid":844,"phase":"INSTALL_DEPENDENCIES","buildId":"114e576c-7b66-4c0b-b583-a312a68da540","source":"stderr","level":30,"msg":"npm http fetch GET 200 https://registry.npmjs.org/@react-navigation%2fnative-stack 413ms (cache miss)","time":"2026-10-08T12:41:38.171Z","v":0,"logId":"01a11b88-947b-7637-822b-bfe2da4e4d71"}
{"name":"worker","pid":844,"phase":"INSTALL_DEPENDENCIES","buildId":"114e576c-7b66-4c0b-b583-a312a68da540","source":"stderr","level":30,"msg":"npm http fetch GET 200 https://registry.npmjs.org/@react-navigation%2fnative 423ms (cache miss)","time":"2026-10-08T12:41:38.181Z","v":0,"logId":"01a11b88-9485-7c05-998c-ce88abd5afbb"}
{"name":"worker","pid":844,"phase":"INSTALL_DEPENDENCIES","buildId":"114e576c-7b66-4c0b-b583-a312a68da540","source":"stderr","level":30,"msg":"npm http fetch GET 200 https://registry.npmjs.org/@react-navigation%2fbottom-tabs 429ms (cache miss)","time":"2026-10-08T12:41:38.187Z","v":0,"logId":"01a11b88-948b-71d6-b552-174baef77c25"}
{"name":"worker","pid":844,"phase":"INSTALL_DEPENDENCIES","buildId":"114e576c-7b66-4c0b-b583-a312a68da540","source":"stderr","level":30,"msg":"npm http fetch GET 200 https://registry.npmjs.org/react-native-maps 433ms (cache miss)","time":"2026-10-08T12:41:38.192Z","v":0,"logId":"01a11b88-9490-79c5-8bce-e414c5fca757"}
{"name":"worker","pid":844,"phase":"INSTALL_DEPENDENCIES","buildId":"114e576c-7b66-4c0b-b583-a312a68da540","source":"stderr","level":30,"msg":"npm http fetch GET 200 https://registry.npmjs.org/lucide-react-native 468ms (cache miss)","time":"2026-10-08T12:41:38.227Z","v":0,"logId":"01a11b88-94b3-76b0-951f-a12d68f094bc"}
{"name":"worker","pid":844,"phase":"INSTALL_DEPENDENCIES","buildId":"114e576c-7b66-4c0b-b583-a312a68da540","source":"stderr","level":30,"msg":"npm http fetch GET 200 https://registry.npmjs.org/react-native-webview 473ms (cache miss)","time":"2026-10-08T12:41:38.232Z","v":0,"logId":"01a11b88-94b8-7ec6-b64d-cd87ec4c78b6"}
{"name":"worker","pid":844,"phase":"INSTALL_DEPENDENCIES","buildId":"114e576c-7b66-4c0b-b583-a312a68da540","source":"stderr","level":30,"msg":"npm http fetch GET 200 https://registry.npmjs.org/@react-native%2fvirtualized-lists 501ms (cache miss)","time":"2026-10-08T12:41:38.260Z","v":0,"logId":"01a11b88-94d4-765a-84a1-871998d496d6"}
{"name":"worker","pid":844,"phase":"INSTALL_DEPENDENCIES","buildId":"114e576c-7b66-4c0b-b583-a312a68da540","source":"stderr","level":30,"msg":"npm http fetch GET 200 https://registry.npmjs.org/react-native-screens 592ms (cache miss)","time":"2026-10-08T12:41:38.351Z","v":0,"logId":"01a11b88-952f-7297-9e2d-a95d8d46a5df"}
{"name":"worker","pid":844,"phase":"INSTALL_DEPENDENCIES","buildId":"114e576c-7b66-4c0b-b583-a312a68da540","source":"stderr","level":30,"msg":"npm http fetch GET 200 https://registry.npmjs.org/html2canvas/-/html2canvas-1.4.1.tgz 8514ms (cache miss)","time":"2026-10-08T12:41:38.902Z","v":0,"logId":"01a11b88-9756-727f-9d26-1213d16b1921"}
{"name":"worker","pid":844,"phase":"INSTALL_DEPENDENCIES","buildId":"114e576c-7b66-4c0b-b583-a312a68da540","source":"stderr","level":30,"msg":"npm http fetch GET 200 https://registry.npmjs.org/hermes-compiler/-/hermes-compiler-250829098.0.17.tgz 8534ms (cache miss)","time":"2026-10-08T12:41:38.922Z","v":0,"logId":"01a11b88-976a-7873-b574-96b1e5eb034d"}
{"name":"worker","pid":844,"phase":"INSTALL_DEPENDENCIES","buildId":"114e576c-7b66-4c0b-b583-a312a68da540","source":"stderr","level":30,"msg":"npm http fetch GET 200 https://registry.npmjs.org/caniuse-lite/-/caniuse-lite-1.0.30001810.tgz 8629ms (cache miss)","time":"2026-10-08T12:41:39.027Z","v":0,"logId":"01a11b88-97d3-7aa5-9ad2-4c3556072eac"}
{"name":"worker","pid":844,"phase":"INSTALL_DEPENDENCIES","buildId":"114e576c-7b66-4c0b-b583-a312a68da540","source":"stderr","level":30,"msg":"npm http fetch GET 200 https://registry.npmjs.org/@expo/cli/-/cli-57.0.28.tgz 9062ms (cache miss)","time":"2026-10-08T12:41:39.481Z","v":0,"logId":"01a11b88-9999-740d-94ca-43be6bd688a3"}
{"name":"worker","pid":844,"phase":"INSTALL_DEPENDENCIES","buildId":"114e576c-7b66-4c0b-b583-a312a68da540","source":"stderr","level":30,"msg":"npm http fetch GET 200 https://registry.npmjs.org/@react-native/debugger-frontend/-/debugger-frontend-0.86.3.tgz 9244ms (cache miss)","time":"2026-10-08T12:41:39.648Z","v":0,"logId":"01a11b88-9a40-70a4-862d-b8cb4cc6f106"}
{"name":"worker","pid":844,"phase":"INSTALL_DEPENDENCIES","buildId":"114e576c-7b66-4c0b-b583-a312a68da540","source":"stderr","level":30,"msg":"npm http fetch GET 200 https://registry.npmjs.org/react-native-svg/-/react-native-svg-15.15.4.tgz 9338ms (cache miss)","time":"2026-10-08T12:41:39.718Z","v":0,"logId":"01a11b88-9a86-7d5c-8221-bace841fd13a"}
{"name":"worker","pid":844,"phase":"INSTALL_DEPENDENCIES","buildId":"114e576c-7b66-4c0b-b583-a312a68da540","source":"stderr","level":30,"msg":"npm http fetch GET 200 https://registry.npmjs.org/expo-modules-core/-/expo-modules-core-57.0.21.tgz 9342ms (cache miss)","time":"2026-10-08T12:41:39.761Z","v":0,"logId":"01a11b88-9ab1-7cef-9a61-62f3daa57278"}
{"name":"worker","pid":844,"phase":"INSTALL_DEPENDENCIES","buildId":"114e576c-7b66-4c0b-b583-a312a68da540","source":"stderr","level":30,"msg":"npm http fetch GET 200 https://registry.npmjs.org/expo-camera/-/expo-camera-57.0.6.tgz 9700ms (cache miss)","time":"2026-10-08T12:41:40.092Z","v":0,"logId":"01a11b88-9bfc-7f46-9cc4-21d34f152483"}
{"name":"worker","pid":844,"phase":"INSTALL_DEPENDENCIES","buildId":"114e576c-7b66-4c0b-b583-a312a68da540","source":"stderr","level":30,"msg":"npm http fetch GET 200 https://registry.npmjs.org/react-native-screens/-/react-native-screens-4.26.2.tgz 9782ms (cache miss)","time":"2026-10-08T12:41:40.162Z","v":0,"logId":"01a11b88-9c42-796e-adf5-e0d4748509a5"}
{"name":"worker","pid":844,"phase":"INSTALL_DEPENDENCIES","buildId":"114e576c-7b66-4c0b-b583-a312a68da540","source":"stderr","level":30,"msg":"npm http fetch GET 200 https://registry.npmjs.org/react-native/-/react-native-0.86.3.tgz 11184ms (cache miss)","time":"2026-10-08T12:41:41.565Z","v":0,"logId":"01a11b88-a1bd-7ebb-92cb-e294a862be7f"}
{"name":"worker","pid":844,"phase":"INSTALL_DEPENDENCIES","buildId":"114e576c-7b66-4c0b-b583-a312a68da540","source":"stderr","level":30,"msg":"npm http fetch GET 200 https://registry.npmjs.org/lucide-react-native/-/lucide-react-native-1.48.0.tgz 12055ms (cache miss)","time":"2026-10-08T12:41:42.439Z","v":0,"logId":"01a11b88-a528-7598-abc1-18131f84b2f5"}
{"name":"worker","pid":844,"phase":"INSTALL_DEPENDENCIES","buildId":"114e576c-7b66-4c0b-b583-a312a68da540","source":"stdout","level":30,"msg":"added 570 packages, and audited 571 packages in 13s","time":"2026-10-08T12:41:42.498Z","v":0,"logId":"01a11b88-a562-7705-80b0-977a2c2c1ec0"}
{"name":"worker","pid":844,"phase":"INSTALL_DEPENDENCIES","buildId":"114e576c-7b66-4c0b-b583-a312a68da540","source":"stdout","level":30,"msg":"60 packages are looking for funding","time":"2026-10-08T12:41:42.498Z","v":0,"logId":"01a11b88-a563-75be-916e-c5c82d3164fa"}
{"name":"worker","pid":844,"phase":"INSTALL_DEPENDENCIES","buildId":"114e576c-7b66-4c0b-b583-a312a68da540","source":"stdout","level":30,"msg":"  run `npm fund` for details","time":"2026-10-08T12:41:42.499Z","v":0,"logId":"01a11b88-a563-75be-916e-c5c987433591"}
{"name":"worker","pid":844,"phase":"INSTALL_DEPENDENCIES","buildId":"114e576c-7b66-4c0b-b583-a312a68da540","source":"stdout","level":30,"msg":"26 vulnerabilities (7 moderate, 18 high, 1 critical)","time":"2026-10-08T12:41:42.552Z","v":0,"logId":"01a11b88-a598-7ff0-bbb3-f1be1fc6428a"}
{"name":"worker","pid":844,"phase":"INSTALL_DEPENDENCIES","buildId":"114e576c-7b66-4c0b-b583-a312a68da540","source":"stdout","level":30,"msg":"","time":"2026-10-08T12:41:42.552Z","v":0,"logId":"01a11b88-a598-7ff0-bbb3-f1bf4d52233d"}
{"name":"worker","pid":844,"phase":"INSTALL_DEPENDENCIES","buildId":"114e576c-7b66-4c0b-b583-a312a68da540","source":"stdout","level":30,"msg":"To address issues that do not require attention, run:","time":"2026-10-08T12:41:42.552Z","v":0,"logId":"01a11b88-a598-7ff0-bbb3-f1c021e1a59b"}
{"name":"worker","pid":844,"phase":"INSTALL_DEPENDENCIES","buildId":"114e576c-7b66-4c0b-b583-a312a68da540","source":"stdout","level":30,"msg":"  npm audit fix","time":"2026-10-08T12:41:42.552Z","v":0,"logId":"01a11b88-a598-7ff0-bbb3-f1c1edfb9ec4"}
{"name":"worker","pid":844,"phase":"INSTALL_DEPENDENCIES","buildId":"114e576c-7b66-4c0b-b583-a312a68da540","source":"stdout","level":30,"msg":"","time":"2026-10-08T12:41:42.552Z","v":0,"logId":"01a11b88-a598-7ff0-bbb3-f1c203a86d36"}
{"name":"worker","pid":844,"phase":"INSTALL_DEPENDENCIES","buildId":"114e576c-7b66-4c0b-b583-a312a68da540","source":"stdout","level":30,"msg":"To address all issues (including breaking changes), run:","time":"2026-10-08T12:41:42.552Z","v":0,"logId":"01a11b88-a599-7b23-b8b4-d1a253ddbe28"}
{"name":"worker","pid":844,"phase":"INSTALL_DEPENDENCIES","buildId":"114e576c-7b66-4c0b-b583-a312a68da540","source":"stdout","level":30,"msg":"  npm audit fix --force","time":"2026-10-08T12:41:42.553Z","v":0,"logId":"01a11b88-a599-7b23-b8b4-d1a30a83e464"}
{"name":"worker","pid":844,"phase":"INSTALL_DEPENDENCIES","buildId":"114e576c-7b66-4c0b-b583-a312a68da540","source":"stdout","level":30,"msg":"","time":"2026-10-08T12:41:42.553Z","v":0,"logId":"01a11b88-a599-7b23-b8b4-d1a409d7ac87"}
{"name":"worker","pid":844,"phase":"INSTALL_DEPENDENCIES","buildId":"114e576c-7b66-4c0b-b583-a312a68da540","source":"stdout","level":30,"msg":"Run `npm audit` for details.","time":"2026-10-08T12:41:42.553Z","v":0,"logId":"01a11b88-a599-7b23-b8b4-d1a55aeeea43"}
{"name":"worker","pid":844,"phase":"INSTALL_DEPENDENCIES","buildId":"114e576c-7b66-4c0b-b583-a312a68da540","source":"stderr","level":30,"msg":"npm verbose cwd /Users/expo/workingdir/build","time":"2026-10-08T12:41:42.553Z","v":0,"logId":"01a11b88-a599-7b23-b8b4-d1a6668c2155"}
{"name":"worker","pid":844,"phase":"INSTALL_DEPENDENCIES","buildId":"114e576c-7b66-4c0b-b583-a312a68da540","source":"stderr","level":30,"msg":"npm verbose os Darwin 25.5.0","time":"2026-10-08T12:41:42.553Z","v":0,"logId":"01a11b88-a599-7b23-b8b4-d1a78396d746"}
{"name":"worker","pid":844,"phase":"INSTALL_DEPENDENCIES","buildId":"114e576c-7b66-4c0b-b583-a312a68da540","source":"stderr","level":30,"msg":"npm verbose node v22.23.1","time":"2026-10-08T12:41:42.553Z","v":0,"logId":"01a11b88-a599-7b23-b8b4-d1a8036ccc47"}
{"name":"worker","pid":844,"phase":"INSTALL_DEPENDENCIES","buildId":"114e576c-7b66-4c0b-b583-a312a68da540","source":"stderr","level":30,"msg":"npm verbose npm  v10.9.8","time":"2026-10-08T12:41:42.553Z","v":0,"logId":"01a11b88-a599-7b23-b8b4-d1a9cb9af8a6"}
{"name":"worker","pid":844,"phase":"INSTALL_DEPENDENCIES","buildId":"114e576c-7b66-4c0b-b583-a312a68da540","source":"stderr","level":30,"msg":"npm verbose exit 0","time":"2026-10-08T12:41:42.553Z","v":0,"logId":"01a11b88-a599-7b23-b8b4-d1aae6500610"}
{"name":"worker","pid":844,"phase":"INSTALL_DEPENDENCIES","buildId":"114e576c-7b66-4c0b-b583-a312a68da540","source":"stderr","level":30,"msg":"npm info ok","time":"2026-10-08T12:41:42.553Z","v":0,"logId":"01a11b88-a599-7b23-b8b4-d1ab9c80e71f"}
{"name":"worker","pid":844,"phase":"INSTALL_DEPENDENCIES","buildId":"114e576c-7b66-4c0b-b583-a312a68da540","level":30,"marker":"END_PHASE","result":"success","durationMs":12969,"msg":"End phase: INSTALL_DEPENDENCIES","time":"2026-10-08T12:41:42.639Z","v":0,"logId":"01a11b88-a5ef-7b0f-8740-2ee453618f46"}
{"name":"worker","pid":844,"phase":"READ_APP_CONFIG","buildId":"114e576c-7b66-4c0b-b583-a312a68da540","level":30,"marker":"START_PHASE","msg":"Start phase: READ_APP_CONFIG","time":"2026-10-08T12:41:42.640Z","v":0,"logId":"01a11b88-a5f0-7e7b-a128-83b279b261c0"}
{"name":"worker","pid":844,"phase":"READ_APP_CONFIG","buildId":"114e576c-7b66-4c0b-b583-a312a68da540","level":30,"msg":"Using app configuration:","time":"2026-10-08T12:41:43.038Z","v":0,"logId":"01a11b88-a77e-7520-9585-4f8c89adc34a"}
{"name":"worker","pid":844,"phase":"READ_APP_CONFIG","buildId":"114e576c-7b66-4c0b-b583-a312a68da540","level":30,"msg":"{\n  \"name\": \"HRTRAC\",\n  \"slug\": \"hrtrac-mobile\",\n  \"version\": \"1.0.0\",\n  \"orientation\": \"portrait\",\n  \"userInterfaceStyle\": \"light\",\n  \"icon\": \"./assets/icon.png\",\n  \"scheme\": \"hrtrac\",\n  \"android\": {\n    \"package\": \"com.hrtrac.mobile\",\n    \"permissions\": [\n      \"android.permission.CAMERA\",\n      \"android.permission.ACCESS_FINE_LOCATION\",\n      \"android.permission.ACCESS_COARSE_LOCATION\",\n      \"android.permission.ACCESS_BACKGROUND_LOCATION\",\n      \"android.permission.FOREGROUND_SERVICE\",\n      \"android.permission.FOREGROUND_SERVICE_LOCATION\",\n      \"android.permission.RECORD_AUDIO\"\n    ]\n  },\n  \"ios\": {\n    \"bundleIdentifier\": \"com.hrtrac.mobile\",\n    \"supportsTablet\": true,\n    \"infoPlist\": {\n      \"NSCameraUsageDescription\": \"HRTRAC uses the camera for attendance punch-in photos.\",\n      \"NSLocationWhenInUseUsageDescription\": \"HRTRAC uses your location for attendance punch-in and punch-out.\",\n      \"NSLocationAlwaysAndWhenInUseUsageDescription\": \"HRTRAC records your location periodically every 2 hours while you are punched in, even when the app is in the background.\",\n      \"UIBackgroundModes\": [\n        \"location\",\n        \"fetch\"\n      ]\n    }\n  },\n  \"plugins\": [\n    \"expo-image-picker\",\n    [\n      \"expo-location\",\n      {\n        \"locationAlwaysAndWhenInUsePermission\": \"Allow HRTRAC to use your location for attendance verification and periodic tracking while you are punched in.\",\n        \"isAndroidBackgroundLocationEnabled\": true,\n        \"isAndroidForegroundServiceEnabled\": true\n      }\n    ],\n    \"@react-native-community/datetimepicker\",\n    \"expo-status-bar\"\n  ],\n  \"extra\": {\n    \"eas\": {\n      \"projectId\": \"4ca7043a-4656-417c-a95a-8b76ed36ab77\"\n    }\n  },\n  \"sdkVersion\": \"57.0.0\",\n  \"platforms\": [\n    \"ios\",\n    \"android\"\n  ]\n}","time":"2026-10-08T12:41:43.039Z","v":0,"logId":"01a11b88-a77f-7480-b15b-6bbaaa18309b"}
{"name":"worker","pid":844,"phase":"READ_APP_CONFIG","buildId":"114e576c-7b66-4c0b-b583-a312a68da540","level":30,"marker":"END_PHASE","result":"success","durationMs":399,"msg":"End phase: READ_APP_CONFIG","time":"2026-10-08T12:41:43.039Z","v":0,"logId":"01a11b88-a77f-7480-b15b-6bbba4543c14"}
{"name":"worker","pid":844,"phase":"RUN_EXPO_DOCTOR","buildId":"114e576c-7b66-4c0b-b583-a312a68da540","level":30,"marker":"START_PHASE","msg":"Start phase: RUN_EXPO_DOCTOR","time":"2026-10-08T12:41:43.039Z","v":0,"logId":"01a11b88-a77f-7480-b15b-6bbc8aa143d1"}
{"name":"worker","pid":844,"phase":"RUN_EXPO_DOCTOR","buildId":"114e576c-7b66-4c0b-b583-a312a68da540","level":30,"msg":"Running \"expo doctor\"","time":"2026-10-08T12:41:43.039Z","v":0,"logId":"01a11b88-a77f-7480-b15b-6bbdfb43d647"}
{"name":"worker","pid":844,"phase":"RUN_EXPO_DOCTOR","buildId":"114e576c-7b66-4c0b-b583-a312a68da540","source":"stdout","level":30,"msg":"env: load .env","time":"2026-10-08T12:41:44.237Z","v":0,"logId":"01a11b88-ac2d-7e28-ab7b-2551b970b8c9"}
{"name":"worker","pid":844,"phase":"RUN_EXPO_DOCTOR","buildId":"114e576c-7b66-4c0b-b583-a312a68da540","source":"stdout","level":30,"msg":"env: export EXPO_PUBLIC_API_BASE_URL","time":"2026-10-08T12:41:44.237Z","v":0,"logId":"01a11b88-ac2e-7999-8c37-a7c3b0484e4d"}
{"name":"worker","pid":844,"phase":"RUN_EXPO_DOCTOR","buildId":"114e576c-7b66-4c0b-b583-a312a68da540","source":"stdout","level":30,"msg":"Running 21 checks on your project...","time":"2026-10-08T12:41:44.488Z","v":0,"logId":"01a11b88-ad28-7dd9-8f5a-cb7893975d3d"}
{"name":"worker","pid":844,"phase":"RUN_EXPO_DOCTOR","buildId":"114e576c-7b66-4c0b-b583-a312a68da540","source":"stdout","level":30,"msg":"19/21 checks passed. 2 checks failed. Possible issues detected:","time":"2026-10-08T12:41:46.669Z","v":0,"logId":"01a11b88-b5ad-7da8-a1ac-581b65788890"}
{"name":"worker","pid":844,"phase":"RUN_EXPO_DOCTOR","buildId":"114e576c-7b66-4c0b-b583-a312a68da540","source":"stdout","level":30,"msg":"Use the --verbose flag to see more details about passed checks.","time":"2026-10-08T12:41:46.669Z","v":0,"logId":"01a11b88-b5ad-7da8-a1ac-581c5082c7ba"}
{"name":"worker","pid":844,"phase":"RUN_EXPO_DOCTOR","buildId":"114e576c-7b66-4c0b-b583-a312a68da540","source":"stdout","level":30,"msg":"","time":"2026-10-08T12:41:46.669Z","v":0,"logId":"01a11b88-b5ad-7da8-a1ac-581d7a8f4643"}
{"name":"worker","pid":844,"phase":"RUN_EXPO_DOCTOR","buildId":"114e576c-7b66-4c0b-b583-a312a68da540","source":"stdout","level":30,"msg":"✖ Check that required peer dependencies are installed","time":"2026-10-08T12:41:46.669Z","v":0,"logId":"01a11b88-b5ad-7da8-a1ac-581ed6947c44"}
{"name":"worker","pid":844,"phase":"RUN_EXPO_DOCTOR","buildId":"114e576c-7b66-4c0b-b583-a312a68da540","source":"stdout","level":30,"msg":"Missing peer dependency: expo-font","time":"2026-10-08T12:41:46.669Z","v":0,"logId":"01a11b88-b5ad-7da8-a1ac-581fb8987fd4"}
{"name":"worker","pid":844,"phase":"RUN_EXPO_DOCTOR","buildId":"114e576c-7b66-4c0b-b583-a312a68da540","source":"stdout","level":30,"msg":"Required by: @expo/vector-icons","time":"2026-10-08T12:41:46.669Z","v":0,"logId":"01a11b88-b5ad-7da8-a1ac-5820e54ab619"}
{"name":"worker","pid":844,"phase":"RUN_EXPO_DOCTOR","buildId":"114e576c-7b66-4c0b-b583-a312a68da540","source":"stdout","level":30,"msg":"Advice:","time":"2026-10-08T12:41:46.669Z","v":0,"logId":"01a11b88-b5ad-7da8-a1ac-5821fe987f5c"}
{"name":"worker","pid":844,"phase":"RUN_EXPO_DOCTOR","buildId":"114e576c-7b66-4c0b-b583-a312a68da540","source":"stdout","level":30,"msg":"Install missing required peer dependency with \"npx expo install expo-font\"","time":"2026-10-08T12:41:46.669Z","v":0,"logId":"01a11b88-b5ad-7da8-a1ac-582253bc61cb"}
{"name":"worker","pid":844,"phase":"RUN_EXPO_DOCTOR","buildId":"114e576c-7b66-4c0b-b583-a312a68da540","source":"stdout","level":30,"msg":"Your app may crash outside of Expo Go without this dependency. Native module peer dependencies must be installed directly.","time":"2026-10-08T12:41:46.669Z","v":0,"logId":"01a11b88-b5ad-7da8-a1ac-58231d2e4acc"}
{"name":"worker","pid":844,"phase":"RUN_EXPO_DOCTOR","buildId":"114e576c-7b66-4c0b-b583-a312a68da540","source":"stdout","level":30,"msg":"","time":"2026-10-08T12:41:46.669Z","v":0,"logId":"01a11b88-b5ad-7da8-a1ac-58243b64f655"}
{"name":"worker","pid":844,"phase":"RUN_EXPO_DOCTOR","buildId":"114e576c-7b66-4c0b-b583-a312a68da540","source":"stdout","level":30,"msg":"✖ Check for app config fields that may not be synced in a non-CNG project","time":"2026-10-08T12:41:46.669Z","v":0,"logId":"01a11b88-b5ad-7da8-a1ac-582558c5a632"}
{"name":"worker","pid":844,"phase":"RUN_EXPO_DOCTOR","buildId":"114e576c-7b66-4c0b-b583-a312a68da540","source":"stdout","level":30,"msg":"This project contains native project folders but also has native configuration properties in app.json, indicating it is configured to use Prebuild. When the android/ios folders are present, EAS Build will not sync the following properties: orientation, userInterfaceStyle, icon, scheme, android, ios, plugins. ","time":"2026-10-08T12:41:46.669Z","v":0,"logId":"01a11b88-b5ad-7da8-a1ac-5826110905e7"}
{"name":"worker","pid":844,"phase":"RUN_EXPO_DOCTOR","buildId":"114e576c-7b66-4c0b-b583-a312a68da540","source":"stdout","level":30,"msg":"","time":"2026-10-08T12:41:46.669Z","v":0,"logId":"01a11b88-b5ad-7da8-a1ac-58270e44d26a"}
{"name":"worker","pid":844,"phase":"RUN_EXPO_DOCTOR","buildId":"114e576c-7b66-4c0b-b583-a312a68da540","source":"stdout","level":30,"msg":"Advice:","time":"2026-10-08T12:41:46.669Z","v":0,"logId":"01a11b88-b5ad-7da8-a1ac-5828870970fc"}
{"name":"worker","pid":844,"phase":"RUN_EXPO_DOCTOR","buildId":"114e576c-7b66-4c0b-b583-a312a68da540","source":"stdout","level":30,"msg":"Add '/ios' to your .gitignore file if you intend to use CNG / Prebuild. Learn more: https://docs.expo.dev/workflow/prebuild/#usage-with-eas-build","time":"2026-10-08T12:41:46.669Z","v":0,"logId":"01a11b88-b5ad-7da8-a1ac-582915caf8fa"}
{"name":"worker","pid":844,"phase":"RUN_EXPO_DOCTOR","buildId":"114e576c-7b66-4c0b-b583-a312a68da540","source":"stderr","level":30,"msg":"2 checks failed, indicating possible issues with the project.","time":"2026-10-08T12:41:46.670Z","v":0,"logId":"01a11b88-b5ae-70bf-b8f2-b9a2de1aedfa"}
{"name":"worker","pid":844,"phase":"RUN_EXPO_DOCTOR","buildId":"114e576c-7b66-4c0b-b583-a312a68da540","level":50,"err":{"message":"npx -y expo-doctor exited with non-zero code: 1","name":"Error","stack":"Error: npx -y expo-doctor exited with non-zero code: 1\n    at ChildProcess.completionListener (/usr/local/eas-build-worker/node_modules/@expo/spawn-async/build/spawnAsync.js:42:23)\n    at Object.onceWrapper (node:events:634:26)\n    at ChildProcess.emit (node:events:519:28)\n    at ChildProcess.emit (node:domain:489:12)\n    at maybeClose (node:internal/child_process:1101:16)\n    at ChildProcess._handle.onexit (node:internal/child_process:304:5)\n    ...\n    at spawnAsync (/usr/local/eas-build-worker/node_modules/@expo/spawn-async/build/spawnAsync.js:7:23)\n    at spawn (/usr/local/eas-build-worker/packages/turtle-spawn/dist/index.js:16:47)\n    at runExpoDoctor (/usr/local/eas-build-worker/packages/build-tools/dist/common/setup.js:158:52)\n    at async /usr/local/eas-build-worker/packages/build-tools/dist/common/setup.js:137:17\n    at async BuildContext.runBuildPhase (/usr/local/eas-build-worker/packages/build-tools/dist/context.js:128:28)\n    at async setupAsync (/usr/local/eas-build-worker/packages/build-tools/dist/common/setup.js:135:9)\n    at async buildInnerAsync (/usr/local/eas-build-worker/packages/build-tools/dist/builders/ios.js:66:5)\n    at async buildAsync (/usr/local/eas-build-worker/packages/build-tools/dist/builders/ios.js:56:9)\n    at async runBuilderWithHooksAsync (/usr/local/eas-build-worker/packages/build-tools/dist/builders/common.js:13:13)\n    at async Object.iosBuilder (/usr/local/eas-build-worker/packages/build-tools/dist/builders/ios.js:41:16)","signal":null},"msg":"Command \"expo doctor\" failed.","time":"2026-10-08T12:41:46.677Z","v":0,"logId":"01a11b88-b5b5-7901-ab30-de26ead52b04"}
{"name":"worker","pid":844,"phase":"RUN_EXPO_DOCTOR","buildId":"114e576c-7b66-4c0b-b583-a312a68da540","level":30,"marker":"END_PHASE","result":"warning","durationMs":3638,"msg":"End phase: RUN_EXPO_DOCTOR","time":"2026-10-08T12:41:46.677Z","v":0,"logId":"01a11b88-b5b5-7901-ab30-de2720b0ccd5"}
{"name":"worker","pid":844,"phase":"PREPARE_CREDENTIALS","buildId":"114e576c-7b66-4c0b-b583-a312a68da540","level":30,"marker":"START_PHASE","msg":"Start phase: PREPARE_CREDENTIALS","time":"2026-10-08T12:41:46.678Z","v":0,"logId":"01a11b88-b5b6-715b-9fc5-afa0f32e26cf"}
{"name":"worker","pid":844,"phase":"PREPARE_CREDENTIALS","buildId":"114e576c-7b66-4c0b-b583-a312a68da540","level":30,"msg":"Preparing credentials","time":"2026-10-08T12:41:46.678Z","v":0,"logId":"01a11b88-b5b6-715b-9fc5-afa1dd0cfa91"}
{"name":"worker","pid":844,"phase":"PREPARE_CREDENTIALS","buildId":"114e576c-7b66-4c0b-b583-a312a68da540","level":30,"msg":"Creating keychain","time":"2026-10-08T12:41:46.678Z","v":0,"logId":"01a11b88-b5b6-715b-9fc5-afa2dc12aad4"}
{"name":"worker","pid":844,"phase":"PREPARE_CREDENTIALS","buildId":"114e576c-7b66-4c0b-b583-a312a68da540","level":30,"msg":"Preparing credentials for target 'HRTRAC'","time":"2026-10-08T12:41:48.739Z","v":0,"logId":"01a11b88-bdc4-7f82-871c-907197613889"}
{"name":"worker","pid":844,"phase":"PREPARE_CREDENTIALS","buildId":"114e576c-7b66-4c0b-b583-a312a68da540","level":30,"msg":"Getting distribution certificate fingerprint and common name","time":"2026-10-08T12:41:48.740Z","v":0,"logId":"01a11b88-bdc4-7f82-871c-907209fa2b8c"}
{"name":"worker","pid":844,"phase":"PREPARE_CREDENTIALS","buildId":"114e576c-7b66-4c0b-b583-a312a68da540","level":30,"msg":"Fingerprint = \"241F5EF727FBC922EC2580195FAD4E9371CFF68E\", common name = iPhone Distribution: Chirag Sachdeva (V6U47V434A)","time":"2026-10-08T12:41:48.769Z","v":0,"logId":"01a11b88-bde1-7ae6-ac41-1c385be53761"}
{"name":"worker","pid":844,"phase":"PREPARE_CREDENTIALS","buildId":"114e576c-7b66-4c0b-b583-a312a68da540","level":30,"msg":"Writing distribution certificate to /var/folders/5r/jggtw0px53jdd9wfmw74bndr0000gn/T/794a28f9-73c9-4e67-9f46-89a3763aabb9.p12","time":"2026-10-08T12:41:48.769Z","v":0,"logId":"01a11b88-bde1-7ae6-ac41-1c39a5c9a079"}
{"name":"worker","pid":844,"phase":"PREPARE_CREDENTIALS","buildId":"114e576c-7b66-4c0b-b583-a312a68da540","level":30,"msg":"Importing distribution certificate into the keychain","time":"2026-10-08T12:41:48.770Z","v":0,"logId":"01a11b88-bde2-75cc-beb0-bf104e3086f1"}
{"name":"worker","pid":844,"phase":"PREPARE_CREDENTIALS","buildId":"114e576c-7b66-4c0b-b583-a312a68da540","level":30,"msg":"Initializing provisioning profile","time":"2026-10-08T12:41:49.814Z","v":0,"logId":"01a11b88-c1f6-7b2e-9ab3-738bb72f89d4"}
{"name":"worker","pid":844,"phase":"PREPARE_CREDENTIALS","buildId":"114e576c-7b66-4c0b-b583-a312a68da540","level":30,"msg":"Validating whether the distribution certificate has been imported successfully","time":"2026-10-08T12:41:49.854Z","v":0,"logId":"01a11b88-c21f-7a84-9aa2-860c7e5ec253"}
{"name":"worker","pid":844,"phase":"PREPARE_CREDENTIALS","buildId":"114e576c-7b66-4c0b-b583-a312a68da540","level":30,"msg":"Verifying whether the distribution certificate and provisioning profile match","time":"2026-10-08T12:41:49.878Z","v":0,"logId":"01a11b88-c236-761d-870a-7b861deb01d0"}
{"name":"worker","pid":844,"phase":"PREPARE_CREDENTIALS","buildId":"114e576c-7b66-4c0b-b583-a312a68da540","level":30,"marker":"END_PHASE","result":"success","durationMs":3200,"msg":"End phase: PREPARE_CREDENTIALS","time":"2026-10-08T12:41:49.879Z","v":0,"logId":"01a11b88-c237-72d9-b2c9-2a48a3c29c83"}
{"name":"worker","pid":844,"phase":"PREBUILD","buildId":"114e576c-7b66-4c0b-b583-a312a68da540","level":30,"marker":"START_PHASE","msg":"Start phase: PREBUILD","time":"2026-10-08T12:41:49.879Z","v":0,"logId":"01a11b88-c237-72d9-b2c9-2a4942f0bb03"}
{"name":"worker","pid":844,"phase":"PREBUILD","buildId":"114e576c-7b66-4c0b-b583-a312a68da540","level":30,"msg":"Skipped running \"expo prebuild\" because the \"ios\" directory already exists. Learn more about the build process: https://docs.expo.dev/build-reference/ios-builds/","time":"2026-10-08T12:41:49.879Z","v":0,"logId":"01a11b88-c237-72d9-b2c9-2a4aca3ba944"}
{"name":"worker","pid":844,"phase":"PREBUILD","buildId":"114e576c-7b66-4c0b-b583-a312a68da540","level":30,"marker":"END_PHASE","result":"skipped","durationMs":0,"msg":"End phase: PREBUILD","time":"2026-10-08T12:41:49.879Z","v":0,"logId":"01a11b88-c237-72d9-b2c9-2a4b65861a61"}
{"name":"worker","pid":844,"phase":"RESTORE_CACHE","buildId":"114e576c-7b66-4c0b-b583-a312a68da540","level":30,"marker":"START_PHASE","msg":"Start phase: RESTORE_CACHE","time":"2026-10-08T12:41:49.879Z","v":0,"logId":"01a11b88-c237-72d9-b2c9-2a4c6fa192c3"}
{"name":"worker","pid":844,"phase":"RESTORE_CACHE","buildId":"114e576c-7b66-4c0b-b583-a312a68da540","level":30,"marker":"END_PHASE","result":"success","durationMs":1,"msg":"End phase: RESTORE_CACHE","time":"2026-10-08T12:41:49.880Z","v":0,"logId":"01a11b88-c238-7f71-899d-34ae95107d4b"}
{"name":"worker","pid":844,"phase":"INSTALL_PODS","buildId":"114e576c-7b66-4c0b-b583-a312a68da540","level":30,"marker":"START_PHASE","msg":"Start phase: INSTALL_PODS","time":"2026-10-08T12:41:49.880Z","v":0,"logId":"01a11b88-c238-7f71-899d-34af09df801e"}
{"name":"worker","pid":844,"phase":"INSTALL_PODS","buildId":"114e576c-7b66-4c0b-b583-a312a68da540","source":"stdout","level":30,"msg":"Using Expo modules","time":"2026-10-08T12:41:51.191Z","v":0,"logId":"01a11b88-c757-79d8-bdba-a87bd15e474e"}
{"name":"worker","pid":844,"phase":"INSTALL_PODS","buildId":"114e576c-7b66-4c0b-b583-a312a68da540","source":"stdout","level":30,"msg":"  [Expo] Enabling modular headers for pod ExpoModulesCore","time":"2026-10-08T12:41:51.191Z","v":0,"logId":"01a11b88-c757-79d8-bdba-a87c688e07dd"}
{"name":"worker","pid":844,"phase":"INSTALL_PODS","buildId":"114e576c-7b66-4c0b-b583-a312a68da540","source":"stdout","level":30,"msg":"  — @expo/dom-webview (57.0.1)","time":"2026-10-08T12:41:51.191Z","v":0,"logId":"01a11b88-c757-79d8-bdba-a87d2f8749fb"}
{"name":"worker","pid":844,"phase":"INSTALL_PODS","buildId":"114e576c-7b66-4c0b-b583-a312a68da540","source":"stdout","level":30,"msg":"  — @expo/log-box (57.0.4)","time":"2026-10-08T12:41:51.191Z","v":0,"logId":"01a11b88-c757-79d8-bdba-a87e689bc791"}
{"name":"worker","pid":844,"phase":"INSTALL_PODS","buildId":"114e576c-7b66-4c0b-b583-a312a68da540","source":"stdout","level":30,"msg":"  [Expo] Enabling modular headers for pod ExpoModulesJSI","time":"2026-10-08T12:41:51.191Z","v":0,"logId":"01a11b88-c757-79d8-bdba-a87fd48d3765"}
{"name":"worker","pid":844,"phase":"INSTALL_PODS","buildId":"114e576c-7b66-4c0b-b583-a312a68da540","source":"stdout","level":30,"msg":"  [Expo] Enabling modular headers for pod React-RCTAppDelegate","time":"2026-10-08T12:41:51.191Z","v":0,"logId":"01a11b88-c757-79d8-bdba-a8800d898105"}
{"name":"worker","pid":844,"phase":"INSTALL_PODS","buildId":"114e576c-7b66-4c0b-b583-a312a68da540","source":"stdout","level":30,"msg":"  [Expo] Enabling modular headers for pod React-RCTFabric","time":"2026-10-08T12:41:51.191Z","v":0,"logId":"01a11b88-c757-79d8-bdba-a88147a4a54a"}
{"name":"worker","pid":844,"phase":"INSTALL_PODS","buildId":"114e576c-7b66-4c0b-b583-a312a68da540","source":"stdout","level":30,"msg":"  [Expo] Enabling modular headers for pod ReactAppDependencyProvider","time":"2026-10-08T12:41:51.191Z","v":0,"logId":"01a11b88-c757-79d8-bdba-a8822fe97f44"}
{"name":"worker","pid":844,"phase":"INSTALL_PODS","buildId":"114e576c-7b66-4c0b-b583-a312a68da540","source":"stdout","level":30,"msg":"  [Expo] Enabling modular headers for pod React-Core","time":"2026-10-08T12:41:51.191Z","v":0,"logId":"01a11b88-c757-79d8-bdba-a8838ac3a2d5"}
{"name":"worker","pid":844,"phase":"INSTALL_PODS","buildId":"114e576c-7b66-4c0b-b583-a312a68da540","source":"stdout","level":30,"msg":"  [Expo] Enabling modular headers for pod ReactCodegen","time":"2026-10-08T12:41:51.191Z","v":0,"logId":"01a11b88-c757-79d8-bdba-a8844af2b265"}
{"name":"worker","pid":844,"phase":"INSTALL_PODS","buildId":"114e576c-7b66-4c0b-b583-a312a68da540","source":"stdout","level":30,"msg":"  [Expo] Enabling modular headers for pod RCTRequired","time":"2026-10-08T12:41:51.191Z","v":0,"logId":"01a11b88-c757-79d8-bdba-a885441bca30"}
{"name":"worker","pid":844,"phase":"INSTALL_PODS","buildId":"114e576c-7b66-4c0b-b583-a312a68da540","source":"stdout","level":30,"msg":"  [Expo] Enabling modular headers for pod RCTTypeSafety","time":"2026-10-08T12:41:51.191Z","v":0,"logId":"01a11b88-c757-79d8-bdba-a886a47d7cbe"}
{"name":"worker","pid":844,"phase":"INSTALL_PODS","buildId":"114e576c-7b66-4c0b-b583-a312a68da540","source":"stdout","level":30,"msg":"  [Expo] Enabling modular headers for pod ReactCommon","time":"2026-10-08T12:41:51.192Z","v":0,"logId":"01a11b88-c758-7a5e-9bd5-a20a29812d18"}
{"name":"worker","pid":844,"phase":"INSTALL_PODS","buildId":"114e576c-7b66-4c0b-b583-a312a68da540","source":"stdout","level":30,"msg":"  [Expo] Enabling modular headers for pod React-NativeModulesApple","time":"2026-10-08T12:41:51.192Z","v":0,"logId":"01a11b88-c758-7a5e-9bd5-a20bc2d269f9"}
{"name":"worker","pid":844,"phase":"INSTALL_PODS","buildId":"114e576c-7b66-4c0b-b583-a312a68da540","source":"stdout","level":30,"msg":"  [Expo] Enabling modular headers for pod Yoga","time":"2026-10-08T12:41:51.192Z","v":0,"logId":"01a11b88-c758-7a5e-9bd5-a20cec7b6771"}
{"name":"worker","pid":844,"phase":"INSTALL_PODS","buildId":"114e576c-7b66-4c0b-b583-a312a68da540","source":"stdout","level":30,"msg":"  [Expo] Enabling modular headers for pod React-Fabric","time":"2026-10-08T12:41:51.192Z","v":0,"logId":"01a11b88-c758-7a5e-9bd5-a20de5852edc"}
{"name":"worker","pid":844,"phase":"INSTALL_PODS","buildId":"114e576c-7b66-4c0b-b583-a312a68da540","source":"stdout","level":30,"msg":"  [Expo] Enabling modular headers for pod React-graphics","time":"2026-10-08T12:41:51.192Z","v":0,"logId":"01a11b88-c758-7a5e-9bd5-a20e9a5e680d"}
{"name":"worker","pid":844,"phase":"INSTALL_PODS","buildId":"114e576c-7b66-4c0b-b583-a312a68da540","source":"stdout","level":30,"msg":"  [Expo] Enabling modular headers for pod React-utils","time":"2026-10-08T12:41:51.192Z","v":0,"logId":"01a11b88-c758-7a5e-9bd5-a20fc677d52a"}
{"name":"worker","pid":844,"phase":"INSTALL_PODS","buildId":"114e576c-7b66-4c0b-b583-a312a68da540","source":"stdout","level":30,"msg":"  [Expo] Enabling modular headers for pod React-featureflags","time":"2026-10-08T12:41:51.192Z","v":0,"logId":"01a11b88-c758-7a5e-9bd5-a21079116d94"}
{"name":"worker","pid":844,"phase":"INSTALL_PODS","buildId":"114e576c-7b66-4c0b-b583-a312a68da540","source":"stdout","level":30,"msg":"  [Expo] Enabling modular headers for pod React-debug","time":"2026-10-08T12:41:51.192Z","v":0,"logId":"01a11b88-c758-7a5e-9bd5-a2114a76f5ed"}
{"name":"worker","pid":844,"phase":"INSTALL_PODS","buildId":"114e576c-7b66-4c0b-b583-a312a68da540","source":"stdout","level":30,"msg":"  [Expo] Enabling modular headers for pod React-ImageManager","time":"2026-10-08T12:41:51.192Z","v":0,"logId":"01a11b88-c758-7a5e-9bd5-a212882819c5"}
{"name":"worker","pid":844,"phase":"INSTALL_PODS","buildId":"114e576c-7b66-4c0b-b583-a312a68da540","source":"stdout","level":30,"msg":"  [Expo] Enabling modular headers for pod React-rendererdebug","time":"2026-10-08T12:41:51.192Z","v":0,"logId":"01a11b88-c758-7a5e-9bd5-a2130fc7f384"}
{"name":"worker","pid":844,"phase":"INSTALL_PODS","buildId":"114e576c-7b66-4c0b-b583-a312a68da540","source":"stdout","level":30,"msg":"  [Expo] Enabling modular headers for pod React-jsi","time":"2026-10-08T12:41:51.192Z","v":0,"logId":"01a11b88-c758-7a5e-9bd5-a214cfae3db4"}
{"name":"worker","pid":844,"phase":"INSTALL_PODS","buildId":"114e576c-7b66-4c0b-b583-a312a68da540","source":"stdout","level":30,"msg":"  [Expo] Enabling modular headers for pod React-renderercss","time":"2026-10-08T12:41:51.192Z","v":0,"logId":"01a11b88-c758-7a5e-9bd5-a215f5d56146"}
{"name":"worker","pid":844,"phase":"INSTALL_PODS","buildId":"114e576c-7b66-4c0b-b583-a312a68da540","source":"stdout","level":30,"msg":"  [Expo] Enabling modular headers for pod hermes-engine","time":"2026-10-08T12:41:51.192Z","v":0,"logId":"01a11b88-c758-7a5e-9bd5-a216414e339b"}
{"name":"worker","pid":844,"phase":"INSTALL_PODS","buildId":"114e576c-7b66-4c0b-b583-a312a68da540","source":"stdout","level":30,"msg":"  [Expo] Enabling modular headers for pod glog","time":"2026-10-08T12:41:51.192Z","v":0,"logId":"01a11b88-c758-7a5e-9bd5-a217cbee6249"}
{"name":"worker","pid":844,"phase":"INSTALL_PODS","buildId":"114e576c-7b66-4c0b-b583-a312a68da540","source":"stdout","level":30,"msg":"  [Expo] Enabling modular headers for pod boost","time":"2026-10-08T12:41:51.192Z","v":0,"logId":"01a11b88-c758-7a5e-9bd5-a2189b73086c"}
{"name":"worker","pid":844,"phase":"INSTALL_PODS","buildId":"114e576c-7b66-4c0b-b583-a312a68da540","source":"stdout","level":30,"msg":"  [Expo] Enabling modular headers for pod DoubleConversion","time":"2026-10-08T12:41:51.192Z","v":0,"logId":"01a11b88-c758-7a5e-9bd5-a219a0f83a97"}
{"name":"worker","pid":844,"phase":"INSTALL_PODS","buildId":"114e576c-7b66-4c0b-b583-a312a68da540","source":"stdout","level":30,"msg":"  [Expo] Enabling modular headers for pod fast_float","time":"2026-10-08T12:41:51.192Z","v":0,"logId":"01a11b88-c758-7a5e-9bd5-a21af4fe61ae"}
{"name":"worker","pid":844,"phase":"INSTALL_PODS","buildId":"114e576c-7b66-4c0b-b583-a312a68da540","source":"stdout","level":30,"msg":"  [Expo] Enabling modular headers for pod fmt","time":"2026-10-08T12:41:51.192Z","v":0,"logId":"01a11b88-c758-7a5e-9bd5-a21b4589d125"}
{"name":"worker","pid":844,"phase":"INSTALL_PODS","buildId":"114e576c-7b66-4c0b-b583-a312a68da540","source":"stdout","level":30,"msg":"  [Expo] Enabling modular headers for pod RCT-Folly","time":"2026-10-08T12:41:51.192Z","v":0,"logId":"01a11b88-c758-7a5e-9bd5-a21ca711fcc8"}
{"name":"worker","pid":844,"phase":"INSTALL_PODS","buildId":"114e576c-7b66-4c0b-b583-a312a68da540","source":"stdout","level":30,"msg":"  [Expo] Enabling modular headers for pod SocketRocket","time":"2026-10-08T12:41:51.192Z","v":0,"logId":"01a11b88-c758-7a5e-9bd5-a21d0d2d3f5f"}
{"name":"worker","pid":844,"phase":"INSTALL_PODS","buildId":"114e576c-7b66-4c0b-b583-a312a68da540","source":"stdout","level":30,"msg":"  — expo (57.0.27)","time":"2026-10-08T12:41:51.192Z","v":0,"logId":"01a11b88-c758-7a5e-9bd5-a21e66e635e0"}
{"name":"worker","pid":844,"phase":"INSTALL_PODS","buildId":"114e576c-7b66-4c0b-b583-a312a68da540","source":"stdout","level":30,"msg":"  — expo-asset (57.0.19)","time":"2026-10-08T12:41:51.192Z","v":0,"logId":"01a11b88-c758-7a5e-9bd5-a21f2b1122a0"}
{"name":"worker","pid":844,"phase":"INSTALL_PODS","buildId":"114e576c-7b66-4c0b-b583-a312a68da540","source":"stdout","level":30,"msg":"  — expo-camera (57.0.6)","time":"2026-10-08T12:41:51.192Z","v":0,"logId":"01a11b88-c758-7a5e-9bd5-a2209ec67270"}
{"name":"worker","pid":844,"phase":"INSTALL_PODS","buildId":"114e576c-7b66-4c0b-b583-a312a68da540","source":"stdout","level":30,"msg":"  — expo-constants (57.0.21)","time":"2026-10-08T12:41:51.192Z","v":0,"logId":"01a11b88-c758-7a5e-9bd5-a221970fa1e4"}
{"name":"worker","pid":844,"phase":"INSTALL_PODS","buildId":"114e576c-7b66-4c0b-b583-a312a68da540","source":"stdout","level":30,"msg":"  — expo-document-picker (57.0.3)","time":"2026-10-08T12:41:51.192Z","v":0,"logId":"01a11b88-c758-7a5e-9bd5-a222dfa08806"}
{"name":"worker","pid":844,"phase":"INSTALL_PODS","buildId":"114e576c-7b66-4c0b-b583-a312a68da540","source":"stdout","level":30,"msg":"  — expo-file-system (57.0.7)","time":"2026-10-08T12:41:51.192Z","v":0,"logId":"01a11b88-c758-7a5e-9bd5-a2233f25c4ca"}
{"name":"worker","pid":844,"phase":"INSTALL_PODS","buildId":"114e576c-7b66-4c0b-b583-a312a68da540","source":"stdout","level":30,"msg":"  — expo-font (57.0.4)","time":"2026-10-08T12:41:51.192Z","v":0,"logId":"01a11b88-c758-7a5e-9bd5-a224c603f5c6"}
{"name":"worker","pid":844,"phase":"INSTALL_PODS","buildId":"114e576c-7b66-4c0b-b583-a312a68da540","source":"stdout","level":30,"msg":"  — expo-image-picker (57.0.20)","time":"2026-10-08T12:41:51.192Z","v":0,"logId":"01a11b88-c758-7a5e-9bd5-a225cc15995c"}
{"name":"worker","pid":844,"phase":"INSTALL_PODS","buildId":"114e576c-7b66-4c0b-b583-a312a68da540","source":"stdout","level":30,"msg":"  — expo-keep-awake (57.0.2)","time":"2026-10-08T12:41:51.192Z","v":0,"logId":"01a11b88-c758-7a5e-9bd5-a2263b01017e"}
{"name":"worker","pid":844,"phase":"INSTALL_PODS","buildId":"114e576c-7b66-4c0b-b583-a312a68da540","source":"stdout","level":30,"msg":"  — expo-location (57.0.20)","time":"2026-10-08T12:41:51.192Z","v":0,"logId":"01a11b88-c758-7a5e-9bd5-a227b6039295"}
{"name":"worker","pid":844,"phase":"INSTALL_PODS","buildId":"114e576c-7b66-4c0b-b583-a312a68da540","source":"stdout","level":30,"msg":"  — expo-modules-core (57.0.21)","time":"2026-10-08T12:41:51.192Z","v":0,"logId":"01a11b88-c758-7a5e-9bd5-a2286cdb8026"}
{"name":"worker","pid":844,"phase":"INSTALL_PODS","buildId":"114e576c-7b66-4c0b-b583-a312a68da540","source":"stdout","level":30,"msg":"  — expo-modules-core (57.0.21)","time":"2026-10-08T12:41:51.192Z","v":0,"logId":"01a11b88-c758-7a5e-9bd5-a229deb3fb95"}
{"name":"worker","pid":844,"phase":"INSTALL_PODS","buildId":"114e576c-7b66-4c0b-b583-a312a68da540","source":"stdout","level":30,"msg":"  — expo-modules-jsi (57.1.1)","time":"2026-10-08T12:41:51.192Z","v":0,"logId":"01a11b88-c758-7a5e-9bd5-a22ae3e8373e"}
{"name":"worker","pid":844,"phase":"INSTALL_PODS","buildId":"114e576c-7b66-4c0b-b583-a312a68da540","source":"stdout","level":30,"msg":"  [Expo] Enabling modular headers for pod UMAppLoader","time":"2026-10-08T12:41:51.192Z","v":0,"logId":"01a11b88-c758-7a5e-9bd5-a22bbc95f9ee"}
{"name":"worker","pid":844,"phase":"INSTALL_PODS","buildId":"114e576c-7b66-4c0b-b583-a312a68da540","source":"stdout","level":30,"msg":"  — expo-task-manager (57.0.21)","time":"2026-10-08T12:41:51.192Z","v":0,"logId":"01a11b88-c758-7a5e-9bd5-a22c9efd26e0"}
{"name":"worker","pid":844,"phase":"INSTALL_PODS","buildId":"114e576c-7b66-4c0b-b583-a312a68da540","source":"stdout","level":30,"msg":"  — unimodules-app-loader (57.0.2)","time":"2026-10-08T12:41:51.192Z","v":0,"logId":"01a11b88-c759-710c-8dc4-722dd6519619"}
{"name":"worker","pid":844,"phase":"INSTALL_PODS","buildId":"114e576c-7b66-4c0b-b583-a312a68da540","source":"stdout","level":30,"msg":"[Expo-precompiled] react-native-safe-area-context: building from source (prebuilt tarball not found)","time":"2026-10-08T12:41:51.193Z","v":0,"logId":"01a11b88-c759-710c-8dc4-722eb0490e03"}
{"name":"worker","pid":844,"phase":"INSTALL_PODS","buildId":"114e576c-7b66-4c0b-b583-a312a68da540","source":"stdout","level":30,"msg":"[Expo-precompiled]   Expected tarball: /Users/expo/workingdir/build/packages/precompile/.build/react-native-safe-area-context/output/5.7.0/0.86.3/250829098.0.17/debug/xcframeworks/RNCSafeAreaContext.tar.gz","time":"2026-10-08T12:41:51.193Z","v":0,"logId":"01a11b88-c759-710c-8dc4-722f0049a782"}
{"name":"worker","pid":844,"phase":"INSTALL_PODS","buildId":"114e576c-7b66-4c0b-b583-a312a68da540","source":"stdout","level":30,"msg":"[Expo-precompiled] RNScreens: building from source (prebuilt tarball not found)","time":"2026-10-08T12:41:51.193Z","v":0,"logId":"01a11b88-c759-710c-8dc4-723084b3c903"}
{"name":"worker","pid":844,"phase":"INSTALL_PODS","buildId":"114e576c-7b66-4c0b-b583-a312a68da540","source":"stdout","level":30,"msg":"[Expo-precompiled]   Expected tarball: /Users/expo/workingdir/build/packages/precompile/.build/react-native-screens/output/4.26.2/0.86.3/250829098.0.17/debug/xcframeworks/RNScreens.tar.gz","time":"2026-10-08T12:41:51.193Z","v":0,"logId":"01a11b88-c759-710c-8dc4-7231a0becce7"}
{"name":"worker","pid":844,"phase":"INSTALL_PODS","buildId":"114e576c-7b66-4c0b-b583-a312a68da540","source":"stdout","level":30,"msg":"[Expo-precompiled] RNSVG: building from source (prebuilt tarball not found)","time":"2026-10-08T12:41:51.193Z","v":0,"logId":"01a11b88-c759-710c-8dc4-72324f8594b7"}
{"name":"worker","pid":844,"phase":"INSTALL_PODS","buildId":"114e576c-7b66-4c0b-b583-a312a68da540","source":"stdout","level":30,"msg":"[Expo-precompiled]   Expected tarball: /Users/expo/workingdir/build/packages/precompile/.build/react-native-svg/output/15.15.4/0.86.3/250829098.0.17/debug/xcframeworks/RNSVG.tar.gz","time":"2026-10-08T12:41:51.193Z","v":0,"logId":"01a11b88-c759-710c-8dc4-7233a94ba76b"}
{"name":"worker","pid":844,"phase":"INSTALL_PODS","buildId":"114e576c-7b66-4c0b-b583-a312a68da540","source":"stdout","level":30,"msg":"[Expo-precompiled] RNCAsyncStorage: building from source (prebuilt tarball not found)","time":"2026-10-08T12:41:51.193Z","v":0,"logId":"01a11b88-c759-710c-8dc4-72345c89351b"}
{"name":"worker","pid":844,"phase":"INSTALL_PODS","buildId":"114e576c-7b66-4c0b-b583-a312a68da540","source":"stdout","level":30,"msg":"[Expo-precompiled]   Expected tarball: /Users/expo/workingdir/build/packages/precompile/.build/@react-native-async-storage/async-storage/output/2.2.0/0.86.3/250829098.0.17/debug/xcframeworks/RNCAsyncStorage.tar.gz","time":"2026-10-08T12:41:51.193Z","v":0,"logId":"01a11b88-c759-710c-8dc4-72357463b6a0"}
{"name":"worker","pid":844,"phase":"INSTALL_PODS","buildId":"114e576c-7b66-4c0b-b583-a312a68da540","source":"stdout","level":30,"msg":"  — ExpoCameraBarcodeScanning (prebuilt companion, gated by expo.camera.barcode-scanner-enabled)","time":"2026-10-08T12:41:51.193Z","v":0,"logId":"01a11b88-c759-710c-8dc4-723601c4b28d"}
{"name":"worker","pid":844,"phase":"INSTALL_PODS","buildId":"114e576c-7b66-4c0b-b583-a312a68da540","source":"stdout","level":30,"msg":"Found 9 modules for target `HRTRAC`","time":"2026-10-08T12:41:51.492Z","v":0,"logId":"01a11b88-c884-737c-ac4c-dd1aca10dc3b"}
{"name":"worker","pid":844,"phase":"INSTALL_PODS","buildId":"114e576c-7b66-4c0b-b583-a312a68da540","source":"stdout","level":30,"msg":"link_native_modules! {:ios_packages=>[{:configurations=>[], :name=>\"@react-native-async-storage/async-storage\", :root=>\"/Users/expo/workingdir/build/node_modules/@react-native-async-storage/async-storage\", :path=>\"../node_modules/@react-native-async-storage/async-storage\", :podspec_path=>\"/Users/expo/workingdir/build/node_modules/@react-native-async-storage/async-storage/RNCAsyncStorage.podspec\", :script_phases=>[]}, {:configurations=>[], :name=>\"@react-native-community/datetimepicker\", :root=>\"/Users/expo/workingdir/build/node_modules/@react-native-community/datetimepicker\", :path=>\"../node_modules/@react-native-community/datetimepicker\", :podspec_path=>\"/Users/expo/workingdir/build/node_modules/@react-native-community/datetimepicker/RNDateTimePicker.podspec\", :script_phases=>[]}, {:configurations=>[], :name=>\"expo\", :root=>\"/Users/expo/workingdir/build/node_modules/expo\", :path=>\"../node_modules/expo\", :podspec_path=>\"/Users/expo/workingdir/build/node_modules/expo/Expo.podspec\", :script_phases=>[]}, {:configurations=>[], :name=>\"react-native-maps\", :root=>\"/Users/expo/workingdir/build/node_modules/react-native-maps\", :path=>\"../node_modules/react-native-maps\", :podspec_path=>\"/Users/expo/workingdir/build/node_modules/react-native-maps/react-native-maps.podspec\", :script_phases=>[]}, {:configurations=>[], :name=>\"react-native-safe-area-context\", :root=>\"/Users/expo/workingdir/build/node_modules/react-native-safe-area-context\", :path=>\"../node_modules/react-native-safe-area-context\", :podspec_path=>\"/Users/expo/workingdir/build/node_modules/react-native-safe-area-context/react-native-safe-area-context.podspec\", :script_phases=>[]}, {:configurations=>[], :name=>\"react-native-screens\", :root=>\"/Users/expo/workingdir/build/node_modules/react-native-screens\", :path=>\"../node_modules/react-native-screens\", :podspec_path=>\"/Users/expo/workingdir/build/node_modules/react-native-screens/RNScreens.podspec\", :script_phases=>[]}, {:configurations=>[], :name=>\"react-native-svg\", :root=>\"/Users/expo/workingdir/build/node_modules/react-native-svg\", :path=>\"../node_modules/react-native-svg\", :podspec_path=>\"/Users/expo/workingdir/build/node_modules/react-native-svg/RNSVG.podspec\", :script_phases=>[]}, {:configurations=>[], :name=>\"react-native-view-shot\", :root=>\"/Users/expo/workingdir/build/node_modules/react-native-view-shot\", :path=>\"../node_modules/react-native-view-shot\", :podspec_path=>\"/Users/expo/workingdir/build/node_modules/react-native-view-shot/react-native-view-shot.podspec\", :script_phases=>[]}, {:configurations=>[], :name=>\"react-native-webview\", :root=>\"/Users/expo/workingdir/build/node_modules/react-native-webview\", :path=>\"../node_modules/react-native-webview\", :podspec_path=>\"/Users/expo/workingdir/build/node_modules/react-native-webview/react-native-webview.podspec\", :script_phases=>[]}], :ios_project_root_path=>\"/Users/expo/workingdir/build/ios\", :react_native_path=>\"../node_modules/react-native\"}","time":"2026-10-08T12:41:51.493Z","v":0,"logId":"01a11b88-c885-7eb9-ba8f-5fff10255403"}
{"name":"worker","pid":844,"phase":"INSTALL_PODS","buildId":"114e576c-7b66-4c0b-b583-a312a68da540","source":"stdout","level":30,"msg":"Auto-linking React Native modules for target `HRTRAC`: RNCAsyncStorage, RNDateTimePicker, RNSVG, RNScreens, react-native-maps, react-native-safe-area-context, react-native-view-shot, and react-native-webview","time":"2026-10-08T12:41:51.581Z","v":0,"logId":"01a11b88-c8dd-7118-addf-84eaee9cc069"}
{"name":"worker","pid":844,"phase":"INSTALL_PODS","buildId":"114e576c-7b66-4c0b-b583-a312a68da540","source":"stdout","level":30,"msg":"Framework build type is static library","time":"2026-10-08T12:41:51.645Z","v":0,"logId":"01a11b88-c91d-7519-b174-291c356e3681"}
{"name":"worker","pid":844,"phase":"INSTALL_PODS","buildId":"114e576c-7b66-4c0b-b583-a312a68da540","source":"stdout","level":30,"msg":"[ReactNativeDependencies] Setting up ReactNativeDependencies...","time":"2026-10-08T12:41:51.651Z","v":0,"logId":"01a11b88-c924-7769-b43f-b9ce91db6761"}
{"name":"worker","pid":844,"phase":"INSTALL_PODS","buildId":"114e576c-7b66-4c0b-b583-a312a68da540","source":"stdout","level":30,"msg":"[ReactNativeDependencies] Building from source: false","time":"2026-10-08T12:41:51.766Z","v":0,"logId":"01a11b88-c997-7dfa-acb5-ef75dd0282ef"}
{"name":"worker","pid":844,"phase":"INSTALL_PODS","buildId":"114e576c-7b66-4c0b-b583-a312a68da540","source":"stdout","level":30,"msg":"[ReactNativeDependencies] Using tarball from URL: https://repo1.maven.org/maven2/com/facebook/react/react-native-artifacts/0.86.3/react-native-artifacts-0.86.3-reactnative-dependencies-debug.tar.gz","time":"2026-10-08T12:41:51.767Z","v":0,"logId":"01a11b88-c997-7dfa-acb5-ef76a8e0b629"}
{"name":"worker","pid":844,"phase":"INSTALL_PODS","buildId":"114e576c-7b66-4c0b-b583-a312a68da540","source":"stdout","level":30,"msg":"[ReactNativeDependencies] Cache miss: downloading reactnative-dependencies-0.86.3-debug.tar.gz from https://repo1.maven.org/maven2/com/facebook/react/react-native-artifacts/0.86.3/react-native-artifacts-0.86.3-reactnative-dependencies-debug.tar.gz","time":"2026-10-08T12:41:51.773Z","v":0,"logId":"01a11b88-c99d-77de-ab48-2bd9ee58efaa"}
{"name":"worker","pid":844,"phase":"INSTALL_PODS","buildId":"114e576c-7b66-4c0b-b583-a312a68da540","source":"stderr","level":30,"msg":"% Total    % Received % Xferd  Average Speed   Time    Time     Time  Current","time":"2026-10-08T12:41:51.789Z","v":0,"logId":"01a11b88-c9ad-740a-b489-83a18e4b94ee"}
{"name":"worker","pid":844,"phase":"INSTALL_PODS","buildId":"114e576c-7b66-4c0b-b583-a312a68da540","source":"stderr","level":30,"msg":"Dload  Upload   Total   Spent    Left  Speed","time":"2026-10-08T12:41:51.789Z","v":0,"logId":"01a11b88-c9ad-740a-b489-83a2a47147f8"}
{"name":"worker","pid":844,"phase":"INSTALL_PODS","buildId":"114e576c-7b66-4c0b-b583-a312a68da540","source":"stderr","level":30,"msg":"\r  0     0    0     0    0     0      0      0 --:--:-- --:--:-- --:--:--     0","time":"2026-10-08T12:41:51.789Z","v":0,"logId":"01a11b88-c9ad-740a-b489-83a35efbae83"}
{"name":"worker","pid":844,"phase":"INSTALL_PODS","buildId":"114e576c-7b66-4c0b-b583-a312a68da540","source":"stderr","level":30,"msg":"100 17.8M  100 17.8M    0     0   142M      0 --:--:-- --:--:-- --:--:--  1","time":"2026-10-08T12:41:51.915Z","v":0,"logId":"01a11b88-ca2b-70eb-af15-d986c927a27b"}
{"name":"worker","pid":844,"phase":"INSTALL_PODS","buildId":"114e576c-7b66-4c0b-b583-a312a68da540","source":"stderr","level":30,"msg":"43M","time":"2026-10-08T12:41:51.915Z","v":0,"logId":"01a11b88-ca2b-70eb-af15-d987bc786aca"}
{"name":"worker","pid":844,"phase":"INSTALL_PODS","buildId":"114e576c-7b66-4c0b-b583-a312a68da540","source":"stdout","level":30,"msg":"[ReactNativeDependencies] Verifying checksum for downloaded reactnative-dependencies-0.86.3-debug.tar.gz...","time":"2026-10-08T12:41:51.921Z","v":0,"logId":"01a11b88-ca31-7c83-a1a8-03a0796d3c18"}
{"name":"worker","pid":844,"phase":"INSTALL_PODS","buildId":"114e576c-7b66-4c0b-b583-a312a68da540","source":"stdout","level":30,"msg":"[Cache] SHA1 verified for reactnative-dependencies-0.86.3-debug.tar.gz","time":"2026-10-08T12:41:51.949Z","v":0,"logId":"01a11b88-ca4d-7dd3-ae82-3aacdcf1bf25"}
{"name":"worker","pid":844,"phase":"INSTALL_PODS","buildId":"114e576c-7b66-4c0b-b583-a312a68da540","source":"stdout","level":30,"msg":"[ReactNativeDependencies] Saved reactnative-dependencies-0.86.3-debug.tar.gz to shared cache (/Users/expo/Library/Caches/ReactNative)","time":"2026-10-08T12:41:51.958Z","v":0,"logId":"01a11b88-ca56-7919-9c03-34f692bfb118"}
{"name":"worker","pid":844,"phase":"INSTALL_PODS","buildId":"114e576c-7b66-4c0b-b583-a312a68da540","source":"stdout","level":30,"msg":"[ReactNativeDependencies] Cache miss: downloading reactnative-dependencies-0.86.3-release.tar.gz from https://repo1.maven.org/maven2/com/facebook/react/react-native-artifacts/0.86.3/react-native-artifacts-0.86.3-reactnative-dependencies-release.tar.gz","time":"2026-10-08T12:41:51.963Z","v":0,"logId":"01a11b88-ca5c-79b6-8d9e-39dffd418724"}
{"name":"worker","pid":844,"phase":"INSTALL_PODS","buildId":"114e576c-7b66-4c0b-b583-a312a68da540","source":"stderr","level":30,"msg":"% Total    % Received % Xferd  Average Speed   Time    Time     Time  Curren","time":"2026-10-08T12:41:51.980Z","v":0,"logId":"01a11b88-ca6c-7729-9baf-b08b82ba0b75"}
{"name":"worker","pid":844,"phase":"INSTALL_PODS","buildId":"114e576c-7b66-4c0b-b583-a312a68da540","source":"stderr","level":30,"msg":"t","time":"2026-10-08T12:41:51.981Z","v":0,"logId":"01a11b88-ca6d-7f5d-92db-1122231584d8"}
{"name":"worker","pid":844,"phase":"INSTALL_PODS","buildId":"114e576c-7b66-4c0b-b583-a312a68da540","source":"stderr","level":30,"msg":"                                 Dload  Upload   Total   Spent    Left  Speed","time":"2026-10-08T12:41:51.981Z","v":0,"logId":"01a11b88-ca6d-7f5d-92db-1123b71957f8"}
{"name":"worker","pid":844,"phase":"INSTALL_PODS","buildId":"114e576c-7b66-4c0b-b583-a312a68da540","source":"stderr","level":30,"msg":"\r  0     0    0     0    0     0      0      0 --:--:-- --:--:-- --:--:--     0","time":"2026-10-08T12:41:51.981Z","v":0,"logId":"01a11b88-ca6d-7f5d-92db-11248d2c26cb"}
{"name":"worker","pid":844,"phase":"INSTALL_PODS","buildId":"114e576c-7b66-4c0b-b583-a312a68da540","source":"stderr","level":30,"msg":"100  9.9M  100  9.9M    0     0   127M      0 --:--:-- --:--:-- --:--:--  129M","time":"2026-10-08T12:41:52.058Z","v":0,"logId":"01a11b88-caba-7b74-8445-80b89aea6ea9"}
{"name":"worker","pid":844,"phase":"INSTALL_PODS","buildId":"114e576c-7b66-4c0b-b583-a312a68da540","source":"stdout","level":30,"msg":"[ReactNativeDependencies] Verifying checksum for downloaded reactnative-dependencies-0.86.3-release.tar.gz...","time":"2026-10-08T12:41:52.062Z","v":0,"logId":"01a11b88-cabe-79de-8f9f-8444a06ed4ce"}
{"name":"worker","pid":844,"phase":"INSTALL_PODS","buildId":"114e576c-7b66-4c0b-b583-a312a68da540","source":"stdout","level":30,"msg":"[Cache] SHA1 verified for reactnative-dependencies-0.86.3-release.tar.gz","time":"2026-10-08T12:41:52.088Z","v":0,"logId":"01a11b88-cad8-74f5-8b7a-140db97eeb6c"}
{"name":"worker","pid":844,"phase":"INSTALL_PODS","buildId":"114e576c-7b66-4c0b-b583-a312a68da540","source":"stdout","level":30,"msg":"[ReactNativeDependencies] Saved reactnative-dependencies-0.86.3-release.tar.gz to shared cache (/Users/expo/Library/Caches/ReactNative)","time":"2026-10-08T12:41:52.097Z","v":0,"logId":"01a11b88-cae1-700e-8fe5-7154f8d7be52"}
{"name":"worker","pid":844,"phase":"INSTALL_PODS","buildId":"114e576c-7b66-4c0b-b583-a312a68da540","source":"stdout","level":30,"msg":"[ReactNativeDependencies] Source: {:http=>\"https://repo1.maven.org/maven2/com/facebook/react/react-native-artifacts/0.86.3/react-native-artifacts-0.86.3-reactnative-dependencies-debug.tar.gz\"}","time":"2026-10-08T12:41:52.097Z","v":0,"logId":"01a11b88-cae1-700e-8fe5-71552fbb2399"}
{"name":"worker","pid":844,"phase":"INSTALL_PODS","buildId":"114e576c-7b66-4c0b-b583-a312a68da540","source":"stdout","level":30,"msg":"[ReactNativeCore] Setting up ReactNativeCore...","time":"2026-10-08T12:41:52.097Z","v":0,"logId":"01a11b88-cae1-700e-8fe5-7156d8be3571"}
{"name":"worker","pid":844,"phase":"INSTALL_PODS","buildId":"114e576c-7b66-4c0b-b583-a312a68da540","source":"stdout","level":30,"msg":"[ReactNativeCore] Building from source: false","time":"2026-10-08T12:41:52.118Z","v":0,"logId":"01a11b88-caf6-7696-97fd-58eea81cf6c2"}
{"name":"worker","pid":844,"phase":"INSTALL_PODS","buildId":"114e576c-7b66-4c0b-b583-a312a68da540","source":"stdout","level":30,"msg":"Configuring the target with the New Architecture","time":"2026-10-08T12:41:52.118Z","v":0,"logId":"01a11b88-caf6-7696-97fd-58efdf91cff7"}
{"name":"worker","pid":844,"phase":"INSTALL_PODS","buildId":"114e576c-7b66-4c0b-b583-a312a68da540","source":"stdout","level":30,"msg":"[ReactNativeCore] Using React Native Core and React Native Dependencies prebuilt versions.","time":"2026-10-08T12:41:52.118Z","v":0,"logId":"01a11b88-caf6-7696-97fd-58f04a82b5bd"}
{"name":"worker","pid":844,"phase":"INSTALL_PODS","buildId":"114e576c-7b66-4c0b-b583-a312a68da540","source":"stdout","level":30,"msg":"  $ /Users/expo/.nvm/versions/node/v22.23.1/bin/node ./../node_modules/react-native/scripts/generate-codegen-artifacts.js -p /Users/expo/workingdir/build/ios/.. -o /Users/expo/workingdir/build/ios -t ios","time":"2026-10-08T12:41:52.118Z","v":0,"logId":"01a11b88-caf6-7696-97fd-58f1b4ae313e"}
{"name":"worker","pid":844,"phase":"INSTALL_PODS","buildId":"114e576c-7b66-4c0b-b583-a312a68da540","source":"stdout","level":30,"msg":"\u001b[36m\u001b[1m[Codegen]\u001b[0m Analyzing /Users/expo/workingdir/build/package.json\u001b[0m","time":"2026-10-08T12:41:52.352Z","v":0,"logId":"01a11b88-cbe0-7fe1-8f21-dd2bae4a3c1a"}
{"name":"worker","pid":844,"phase":"INSTALL_PODS","buildId":"114e576c-7b66-4c0b-b583-a312a68da540","source":"stdout","level":30,"msg":"  \u001b[36m\u001b[1m[Codegen]\u001b[0m \u001b[33mSearching for codegen-enabled libraries in the app.\u001b[0m","time":"2026-10-08T12:41:52.352Z","v":0,"logId":"01a11b88-cbe1-795c-8f86-eafab06dfc30"}
{"name":"worker","pid":844,"phase":"INSTALL_PODS","buildId":"114e576c-7b66-4c0b-b583-a312a68da540","source":"stdout","level":30,"msg":"  \u001b[36m\u001b[1m[Codegen]\u001b[0m \u001b[33mThe \"codegenConfig\" field is not defined in package.json. Assuming there is nothing to generate at the app level.\u001b[0m","time":"2026-10-08T12:41:52.353Z","v":0,"logId":"01a11b88-cbe1-795c-8f86-eafb87bf210f"}
{"name":"worker","pid":844,"phase":"INSTALL_PODS","buildId":"114e576c-7b66-4c0b-b583-a312a68da540","source":"stdout","level":30,"msg":"  \u001b[36m\u001b[1m[Codegen]\u001b[0m \u001b[33mSearching for codegen-enabled libraries in react-native.config.js\u001b[0m","time":"2026-10-08T12:41:52.353Z","v":0,"logId":"01a11b88-cbe1-795c-8f86-eafcd0354063"}
{"name":"worker","pid":844,"phase":"INSTALL_PODS","buildId":"114e576c-7b66-4c0b-b583-a312a68da540","source":"stdout","level":30,"msg":"  \u001b[36m\u001b[1m[Codegen]\u001b[0m Found @react-native-async-storage/async-storage\u001b[0m","time":"2026-10-08T12:41:52.353Z","v":0,"logId":"01a11b88-cbe1-795c-8f86-eafd4bcfde05"}
{"name":"worker","pid":844,"phase":"INSTALL_PODS","buildId":"114e576c-7b66-4c0b-b583-a312a68da540","source":"stdout","level":30,"msg":"  \u001b[36m\u001b[1m[Codegen]\u001b[0m Found @react-native-community/datetimepicker\u001b[0m","time":"2026-10-08T12:41:52.353Z","v":0,"logId":"01a11b88-cbe1-795c-8f86-eafedde20620"}
{"name":"worker","pid":844,"phase":"INSTALL_PODS","buildId":"114e576c-7b66-4c0b-b583-a312a68da540","source":"stdout","level":30,"msg":"  \u001b[36m\u001b[1m[Codegen]\u001b[0m Found react-native-maps\u001b[0m","time":"2026-10-08T12:41:52.353Z","v":0,"logId":"01a11b88-cbe1-795c-8f86-eaff24d35e1b"}
{"name":"worker","pid":844,"phase":"INSTALL_PODS","buildId":"114e576c-7b66-4c0b-b583-a312a68da540","source":"stdout","level":30,"msg":"  \u001b[36m\u001b[1m[Codegen]\u001b[0m Found react-native-safe-area-context\u001b[0m","time":"2026-10-08T12:41:52.353Z","v":0,"logId":"01a11b88-cbe1-795c-8f86-eb007ac4bce1"}
{"name":"worker","pid":844,"phase":"INSTALL_PODS","buildId":"114e576c-7b66-4c0b-b583-a312a68da540","source":"stdout","level":30,"msg":"  \u001b[36m\u001b[1m[Codegen]\u001b[0m Found react-native-screens\u001b[0m","time":"2026-10-08T12:41:52.353Z","v":0,"logId":"01a11b88-cbe1-795c-8f86-eb01f0406181"}
{"name":"worker","pid":844,"phase":"INSTALL_PODS","buildId":"114e576c-7b66-4c0b-b583-a312a68da540","source":"stdout","level":30,"msg":"  \u001b[36m\u001b[1m[Codegen]\u001b[0m Found react-native-svg\u001b[0m","time":"2026-10-08T12:41:52.353Z","v":0,"logId":"01a11b88-cbe1-795c-8f86-eb027ec67522"}
{"name":"worker","pid":844,"phase":"INSTALL_PODS","buildId":"114e576c-7b66-4c0b-b583-a312a68da540","source":"stdout","level":30,"msg":"  \u001b[36m\u001b[1m[Codegen]\u001b[0m Found react-native-view-shot\u001b[0m","time":"2026-10-08T12:41:52.353Z","v":0,"logId":"01a11b88-cbe1-795c-8f86-eb034029fd71"}
{"name":"worker","pid":844,"phase":"INSTALL_PODS","buildId":"114e576c-7b66-4c0b-b583-a312a68da540","source":"stdout","level":30,"msg":"  \u001b[36m\u001b[1m[Codegen]\u001b[0m Found react-native-webview\u001b[0m","time":"2026-10-08T12:41:52.353Z","v":0,"logId":"01a11b88-cbe1-795c-8f86-eb0443e2c4af"}
{"name":"worker","pid":844,"phase":"INSTALL_PODS","buildId":"114e576c-7b66-4c0b-b583-a312a68da540","source":"stdout","level":30,"msg":"  \u001b[36m\u001b[1m[Codegen]\u001b[0m Processing rnasyncstorage\u001b[0m","time":"2026-10-08T12:41:52.353Z","v":0,"logId":"01a11b88-cbe1-795c-8f86-eb059c2ce328"}
{"name":"worker","pid":844,"phase":"INSTALL_PODS","buildId":"114e576c-7b66-4c0b-b583-a312a68da540","source":"stdout","level":30,"msg":"  \u001b[36m\u001b[1m[Codegen]\u001b[0m \u001b[33mSearching for podspec in the project dependencies.\u001b[0m","time":"2026-10-08T12:41:52.353Z","v":0,"logId":"01a11b88-cbe1-795c-8f86-eb0696f2d62f"}
{"name":"worker","pid":844,"phase":"INSTALL_PODS","buildId":"114e576c-7b66-4c0b-b583-a312a68da540","source":"stdout","level":30,"msg":"  \u001b[36m\u001b[1m[Codegen]\u001b[0m Supported Apple platforms: ios, macos, tvos, visionos for rnasyncstorage\u001b[0m","time":"2026-10-08T12:41:52.353Z","v":0,"logId":"01a11b88-cbe1-795c-8f86-eb0757a467c4"}
{"name":"worker","pid":844,"phase":"INSTALL_PODS","buildId":"114e576c-7b66-4c0b-b583-a312a68da540","source":"stdout","level":30,"msg":"  \u001b[36m\u001b[1m[Codegen]\u001b[0m Processing RNDateTimePickerCGen\u001b[0m","time":"2026-10-08T12:41:52.353Z","v":0,"logId":"01a11b88-cbe1-795c-8f86-eb08821b7cc5"}
{"name":"worker","pid":844,"phase":"INSTALL_PODS","buildId":"114e576c-7b66-4c0b-b583-a312a68da540","source":"stdout","level":30,"msg":"  \u001b[36m\u001b[1m[Codegen]\u001b[0m \u001b[33mSearching for podspec in the project dependencies.\u001b[0m","time":"2026-10-08T12:41:52.353Z","v":0,"logId":"01a11b88-cbe1-795c-8f86-eb09d9540297"}
{"name":"worker","pid":844,"phase":"INSTALL_PODS","buildId":"114e576c-7b66-4c0b-b583-a312a68da540","source":"stdout","level":30,"msg":"  \u001b[36m\u001b[1m[Codegen]\u001b[0m Supported Apple platforms: ios, visionos for RNDateTimePickerCGen\u001b[0m","time":"2026-10-08T12:41:52.353Z","v":0,"logId":"01a11b88-cbe1-795c-8f86-eb0afbae989f"}
{"name":"worker","pid":844,"phase":"INSTALL_PODS","buildId":"114e576c-7b66-4c0b-b583-a312a68da540","source":"stdout","level":30,"msg":"  \u001b[36m\u001b[1m[Codegen]\u001b[0m Processing RNMapsSpecs\u001b[0m","time":"2026-10-08T12:41:52.353Z","v":0,"logId":"01a11b88-cbe1-795c-8f86-eb0beab8607f"}
{"name":"worker","pid":844,"phase":"INSTALL_PODS","buildId":"114e576c-7b66-4c0b-b583-a312a68da540","source":"stdout","level":30,"msg":"  \u001b[36m\u001b[1m[Codegen]\u001b[0m \u001b[33mSearching for podspec in the project dependencies.\u001b[0m","time":"2026-10-08T12:41:52.353Z","v":0,"logId":"01a11b88-cbe1-795c-8f86-eb0c6673c634"}
{"name":"worker","pid":844,"phase":"INSTALL_PODS","buildId":"114e576c-7b66-4c0b-b583-a312a68da540","source":"stdout","level":30,"msg":"  \u001b[36m\u001b[1m[Codegen]\u001b[0m Supported Apple platforms: ios for RNMapsSpecs\u001b[0m","time":"2026-10-08T12:41:52.353Z","v":0,"logId":"01a11b88-cbe1-795c-8f86-eb0d6b5a72fa"}
{"name":"worker","pid":844,"phase":"INSTALL_PODS","buildId":"114e576c-7b66-4c0b-b583-a312a68da540","source":"stdout","level":30,"msg":"  \u001b[36m\u001b[1m[Codegen]\u001b[0m Processing safeareacontext\u001b[0m","time":"2026-10-08T12:41:52.353Z","v":0,"logId":"01a11b88-cbe1-795c-8f86-eb0ebd389220"}
{"name":"worker","pid":844,"phase":"INSTALL_PODS","buildId":"114e576c-7b66-4c0b-b583-a312a68da540","source":"stdout","level":30,"msg":"  \u001b[36m\u001b[1m[Codegen]\u001b[0m \u001b[33mSearching for podspec in the project dependencies.\u001b[0m","time":"2026-10-08T12:41:52.353Z","v":0,"logId":"01a11b88-cbe1-795c-8f86-eb0f26adce89"}
{"name":"worker","pid":844,"phase":"INSTALL_PODS","buildId":"114e576c-7b66-4c0b-b583-a312a68da540","source":"stdout","level":30,"msg":"  \u001b[36m\u001b[1m[Codegen]\u001b[0m Supported Apple platforms: ios, macos, tvos, visionos for safeareacontext\u001b[0m","time":"2026-10-08T12:41:52.353Z","v":0,"logId":"01a11b88-cbe1-795c-8f86-eb10cd8ab933"}
{"name":"worker","pid":844,"phase":"INSTALL_PODS","buildId":"114e576c-7b66-4c0b-b583-a312a68da540","source":"stdout","level":30,"msg":"  \u001b[36m\u001b[1m[Codegen]\u001b[0m Processing rnscreens\u001b[0m","time":"2026-10-08T12:41:52.353Z","v":0,"logId":"01a11b88-cbe1-795c-8f86-eb11370087c0"}
{"name":"worker","pid":844,"phase":"INSTALL_PODS","buildId":"114e576c-7b66-4c0b-b583-a312a68da540","source":"stdout","level":30,"msg":"  \u001b[36m\u001b[1m[Codegen]\u001b[0m \u001b[33mSearching for podspec in the project dependencies.\u001b[0m","time":"2026-10-08T12:41:52.353Z","v":0,"logId":"01a11b88-cbe1-795c-8f86-eb121bb88fe2"}
{"name":"worker","pid":844,"phase":"INSTALL_PODS","buildId":"114e576c-7b66-4c0b-b583-a312a68da540","source":"stdout","level":30,"msg":"  \u001b[36m\u001b[1m[Codegen]\u001b[0m Supported Apple platforms: ios, tvos, visionos for rnscreens\u001b[0m","time":"2026-10-08T12:41:52.353Z","v":0,"logId":"01a11b88-cbe1-795c-8f86-eb136284024f"}
{"name":"worker","pid":844,"phase":"INSTALL_PODS","buildId":"114e576c-7b66-4c0b-b583-a312a68da540","source":"stdout","level":30,"msg":"  \u001b[36m\u001b[1m[Codegen]\u001b[0m Processing rnsvg\u001b[0m","time":"2026-10-08T12:41:52.353Z","v":0,"logId":"01a11b88-cbe1-795c-8f86-eb14d1767bad"}
{"name":"worker","pid":844,"phase":"INSTALL_PODS","buildId":"114e576c-7b66-4c0b-b583-a312a68da540","source":"stdout","level":30,"msg":"  \u001b[36m\u001b[1m[Codegen]\u001b[0m \u001b[33mSearching for podspec in the project dependencies.\u001b[0m","time":"2026-10-08T12:41:52.353Z","v":0,"logId":"01a11b88-cbe1-795c-8f86-eb15f46e5e94"}
{"name":"worker","pid":844,"phase":"INSTALL_PODS","buildId":"114e576c-7b66-4c0b-b583-a312a68da540","source":"stdout","level":30,"msg":"  \u001b[36m\u001b[1m[Codegen]\u001b[0m Supported Apple platforms: ios, macos, tvos, visionos for rnsvg\u001b[0m","time":"2026-10-08T12:41:52.353Z","v":0,"logId":"01a11b88-cbe1-795c-8f86-eb169aa49583"}
{"name":"worker","pid":844,"phase":"INSTALL_PODS","buildId":"114e576c-7b66-4c0b-b583-a312a68da540","source":"stdout","level":30,"msg":"  \u001b[36m\u001b[1m[Codegen]\u001b[0m Processing rnviewshot\u001b[0m","time":"2026-10-08T12:41:52.353Z","v":0,"logId":"01a11b88-cbe1-795c-8f86-eb17197113e9"}
{"name":"worker","pid":844,"phase":"INSTALL_PODS","buildId":"114e576c-7b66-4c0b-b583-a312a68da540","source":"stdout","level":30,"msg":"  \u001b[36m\u001b[1m[Codegen]\u001b[0m \u001b[33mSearching for podspec in the project dependencies.\u001b[0m","time":"2026-10-08T12:41:52.353Z","v":0,"logId":"01a11b88-cbe1-795c-8f86-eb18739d1f7a"}
{"name":"worker","pid":844,"phase":"INSTALL_PODS","buildId":"114e576c-7b66-4c0b-b583-a312a68da540","source":"stdout","level":30,"msg":"  \u001b[36m\u001b[1m[Codegen]\u001b[0m Supported Apple platforms: ios for rnviewshot\u001b[0m","time":"2026-10-08T12:41:52.353Z","v":0,"logId":"01a11b88-cbe1-795c-8f86-eb1965d35ecb"}
{"name":"worker","pid":844,"phase":"INSTALL_PODS","buildId":"114e576c-7b66-4c0b-b583-a312a68da540","source":"stdout","level":30,"msg":"  \u001b[36m\u001b[1m[Codegen]\u001b[0m Processing RNCWebViewSpec\u001b[0m","time":"2026-10-08T12:41:52.353Z","v":0,"logId":"01a11b88-cbe1-795c-8f86-eb1a503a18b5"}
{"name":"worker","pid":844,"phase":"INSTALL_PODS","buildId":"114e576c-7b66-4c0b-b583-a312a68da540","source":"stdout","level":30,"msg":"  \u001b[36m\u001b[1m[Codegen]\u001b[0m \u001b[33mSearching for podspec in the project dependencies.\u001b[0m","time":"2026-10-08T12:41:52.353Z","v":0,"logId":"01a11b88-cbe1-795c-8f86-eb1b0360fa07"}
{"name":"worker","pid":844,"phase":"INSTALL_PODS","buildId":"114e576c-7b66-4c0b-b583-a312a68da540","source":"stdout","level":30,"msg":"  \u001b[36m\u001b[1m[Codegen]\u001b[0m Supported Apple platforms: ios, macos, visionos for RNCWebViewSpec\u001b[0m","time":"2026-10-08T12:41:52.353Z","v":0,"logId":"01a11b88-cbe1-795c-8f86-eb1c4322e038"}
{"name":"worker","pid":844,"phase":"INSTALL_PODS","buildId":"114e576c-7b66-4c0b-b583-a312a68da540","source":"stdout","level":30,"msg":"  \u001b[36m\u001b[1m[Codegen]\u001b[0m Generating Native Code for rnasyncstorage - ios\u001b[0m","time":"2026-10-08T12:41:52.353Z","v":0,"logId":"01a11b88-cbe1-795c-8f86-eb1df84fa219"}
{"name":"worker","pid":844,"phase":"INSTALL_PODS","buildId":"114e576c-7b66-4c0b-b583-a312a68da540","source":"stdout","level":30,"msg":"  \u001b[36m\u001b[1m[Codegen]\u001b[0m Generated artifacts: /Users/expo/workingdir/build/ios/build/generated/ios/ReactCodegen\u001b[0m","time":"2026-10-08T12:41:52.353Z","v":0,"logId":"01a11b88-cbe1-795c-8f86-eb1ebfec563b"}
{"name":"worker","pid":844,"phase":"INSTALL_PODS","buildId":"114e576c-7b66-4c0b-b583-a312a68da540","source":"stdout","level":30,"msg":"  \u001b[36m\u001b[1m[Codegen]\u001b[0m Generating Native Code for RNDateTimePickerCGen - ios\u001b[0m","time":"2026-10-08T12:41:52.353Z","v":0,"logId":"01a11b88-cbe1-795c-8f86-eb1f43c64401"}
{"name":"worker","pid":844,"phase":"INSTALL_PODS","buildId":"114e576c-7b66-4c0b-b583-a312a68da540","source":"stdout","level":30,"msg":"  \u001b[36m\u001b[1m[Codegen]\u001b[0m Generated artifacts: /Users/expo/workingdir/build/ios/build/generated/ios/ReactCodegen\u001b[0m","time":"2026-10-08T12:41:52.353Z","v":0,"logId":"01a11b88-cbe1-795c-8f86-eb20c31a9030"}
{"name":"worker","pid":844,"phase":"INSTALL_PODS","buildId":"114e576c-7b66-4c0b-b583-a312a68da540","source":"stdout","level":30,"msg":"  \u001b[36m\u001b[1m[Codegen]\u001b[0m Generating Native Code for safeareacontext - ios\u001b[0m","time":"2026-10-08T12:41:52.353Z","v":0,"logId":"01a11b88-cbe1-795c-8f86-eb217af1b890"}
{"name":"worker","pid":844,"phase":"INSTALL_PODS","buildId":"114e576c-7b66-4c0b-b583-a312a68da540","source":"stdout","level":30,"msg":"  \u001b[36m\u001b[1m[Codegen]\u001b[0m Generated artifacts: /Users/expo/workingdir/build/ios/build/generated/ios/ReactCodegen\u001b[0m","time":"2026-10-08T12:41:52.353Z","v":0,"logId":"01a11b88-cbe1-795c-8f86-eb221595e2e4"}
{"name":"worker","pid":844,"phase":"INSTALL_PODS","buildId":"114e576c-7b66-4c0b-b583-a312a68da540","source":"stdout","level":30,"msg":"  \u001b[36m\u001b[1m[Codegen]\u001b[0m Generating Native Code for rnscreens - ios\u001b[0m","time":"2026-10-08T12:41:52.353Z","v":0,"logId":"01a11b88-cbe1-795c-8f86-eb238e5d62f8"}
{"name":"worker","pid":844,"phase":"INSTALL_PODS","buildId":"114e576c-7b66-4c0b-b583-a312a68da540","source":"stdout","level":30,"msg":"  \u001b[36m\u001b[1m[Codegen]\u001b[0m Generated artifacts: /Users/expo/workingdir/build/ios/build/generated/ios/ReactCodegen\u001b[0m","time":"2026-10-08T12:41:52.353Z","v":0,"logId":"01a11b88-cbe1-795c-8f86-eb248641c5a6"}
{"name":"worker","pid":844,"phase":"INSTALL_PODS","buildId":"114e576c-7b66-4c0b-b583-a312a68da540","source":"stdout","level":30,"msg":"  \u001b[36m\u001b[1m[Codegen]\u001b[0m Generating Native Code for rnsvg - ios\u001b[0m","time":"2026-10-08T12:41:52.353Z","v":0,"logId":"01a11b88-cbe1-795c-8f86-eb25888bb498"}
{"name":"worker","pid":844,"phase":"INSTALL_PODS","buildId":"114e576c-7b66-4c0b-b583-a312a68da540","source":"stdout","level":30,"msg":"  \u001b[36m\u001b[1m[Codegen]\u001b[0m Generated artifacts: /Users/expo/workingdir/build/ios/build/generated/ios/ReactCodegen\u001b[0m","time":"2026-10-08T12:41:52.353Z","v":0,"logId":"01a11b88-cbe1-795c-8f86-eb26a36d263d"}
{"name":"worker","pid":844,"phase":"INSTALL_PODS","buildId":"114e576c-7b66-4c0b-b583-a312a68da540","source":"stdout","level":30,"msg":"  \u001b[36m\u001b[1m[Codegen]\u001b[0m Generating Native Code for rnviewshot - ios\u001b[0m","time":"2026-10-08T12:41:52.353Z","v":0,"logId":"01a11b88-cbe1-795c-8f86-eb2711b44399"}
{"name":"worker","pid":844,"phase":"INSTALL_PODS","buildId":"114e576c-7b66-4c0b-b583-a312a68da540","source":"stdout","level":30,"msg":"  \u001b[36m\u001b[1m[Codegen]\u001b[0m Generated artifacts: /Users/expo/workingdir/build/ios/build/generated/ios/ReactCodegen\u001b[0m","time":"2026-10-08T12:41:52.353Z","v":0,"logId":"01a11b88-cbe1-795c-8f86-eb28d1ec6f3d"}
{"name":"worker","pid":844,"phase":"INSTALL_PODS","buildId":"114e576c-7b66-4c0b-b583-a312a68da540","source":"stdout","level":30,"msg":"  \u001b[36m\u001b[1m[Codegen]\u001b[0m Generating Native Code for RNCWebViewSpec - ios\u001b[0m","time":"2026-10-08T12:41:52.353Z","v":0,"logId":"01a11b88-cbe1-795c-8f86-eb298648fa25"}
{"name":"worker","pid":844,"phase":"INSTALL_PODS","buildId":"114e576c-7b66-4c0b-b583-a312a68da540","source":"stdout","level":30,"msg":"  \u001b[36m\u001b[1m[Codegen]\u001b[0m Generated artifacts: /Users/expo/workingdir/build/ios/build/generated/ios/ReactCodegen\u001b[0m","time":"2026-10-08T12:41:52.353Z","v":0,"logId":"01a11b88-cbe1-795c-8f86-eb2a8183b046"}
{"name":"worker","pid":844,"phase":"INSTALL_PODS","buildId":"114e576c-7b66-4c0b-b583-a312a68da540","source":"stdout","level":30,"msg":"  \u001b[36m\u001b[1m[Codegen]\u001b[0m Generating RCTThirdPartyComponentsProvider.h\u001b[0m","time":"2026-10-08T12:41:52.353Z","v":0,"logId":"01a11b88-cbe1-795c-8f86-eb2b62e2f2d7"}
{"name":"worker","pid":844,"phase":"INSTALL_PODS","buildId":"114e576c-7b66-4c0b-b583-a312a68da540","source":"stdout","level":30,"msg":"  \u001b[36m\u001b[1m[Codegen]\u001b[0m Generated artifact: /Users/expo/workingdir/build/ios/build/generated/ios/ReactCodegen/RCTThirdPartyComponentsProvider.h\u001b[0m","time":"2026-10-08T12:41:52.353Z","v":0,"logId":"01a11b88-cbe1-795c-8f86-eb2cc8c2c89c"}
{"name":"worker","pid":844,"phase":"INSTALL_PODS","buildId":"114e576c-7b66-4c0b-b583-a312a68da540","source":"stdout","level":30,"msg":"  \u001b[36m\u001b[1m[Codegen]\u001b[0m Generating RCTThirdPartyComponentsProvider.mm\u001b[0m","time":"2026-10-08T12:41:52.354Z","v":0,"logId":"01a11b88-cbe2-74cf-b0e2-1e20acf18770"}
{"name":"worker","pid":844,"phase":"INSTALL_PODS","buildId":"114e576c-7b66-4c0b-b583-a312a68da540","source":"stdout","level":30,"msg":"  \u001b[36m\u001b[1m[Codegen]\u001b[0m Generated artifact: /Users/expo/workingdir/build/ios/build/generated/ios/ReactCodegen/RCTThirdPartyComponentsProvider.mm\u001b[0m","time":"2026-10-08T12:41:52.354Z","v":0,"logId":"01a11b88-cbe2-74cf-b0e2-1e219c1ae024"}
{"name":"worker","pid":844,"phase":"INSTALL_PODS","buildId":"114e576c-7b66-4c0b-b583-a312a68da540","source":"stdout","level":30,"msg":"  \u001b[36m\u001b[1m[Codegen]\u001b[0m Generating RCTModulesProvider.h\u001b[0m","time":"2026-10-08T12:41:52.354Z","v":0,"logId":"01a11b88-cbe2-74cf-b0e2-1e22eb4dcc3a"}
{"name":"worker","pid":844,"phase":"INSTALL_PODS","buildId":"114e576c-7b66-4c0b-b583-a312a68da540","source":"stdout","level":30,"msg":"  \u001b[36m\u001b[1m[Codegen]\u001b[0m Generated artifact: /Users/expo/workingdir/build/ios/build/generated/ios/ReactCodegen/RCTModuleProviders.h\u001b[0m","time":"2026-10-08T12:41:52.354Z","v":0,"logId":"01a11b88-cbe2-74cf-b0e2-1e23164d185c"}
{"name":"worker","pid":844,"phase":"INSTALL_PODS","buildId":"114e576c-7b66-4c0b-b583-a312a68da540","source":"stdout","level":30,"msg":"  \u001b[36m\u001b[1m[Codegen]\u001b[0m Generating RCTModuleProviders.mm\u001b[0m","time":"2026-10-08T12:41:52.354Z","v":0,"logId":"01a11b88-cbe2-74cf-b0e2-1e248978e984"}
{"name":"worker","pid":844,"phase":"INSTALL_PODS","buildId":"114e576c-7b66-4c0b-b583-a312a68da540","source":"stdout","level":30,"msg":"  \u001b[36m\u001b[1m[Codegen]\u001b[0m Generated artifact: /Users/expo/workingdir/build/ios/build/generated/ios/ReactCodegen/RCTModuleProviders.mm\u001b[0m","time":"2026-10-08T12:41:52.354Z","v":0,"logId":"01a11b88-cbe2-74cf-b0e2-1e25648ef015"}
{"name":"worker","pid":844,"phase":"INSTALL_PODS","buildId":"114e576c-7b66-4c0b-b583-a312a68da540","source":"stdout","level":30,"msg":"  \u001b[36m\u001b[1m[Codegen]\u001b[0m Generating RCTAppDependencyProvider\u001b[0m","time":"2026-10-08T12:41:52.354Z","v":0,"logId":"01a11b88-cbe2-74cf-b0e2-1e26cff96c4f"}
{"name":"worker","pid":844,"phase":"INSTALL_PODS","buildId":"114e576c-7b66-4c0b-b583-a312a68da540","source":"stdout","level":30,"msg":"  \u001b[36m\u001b[1m[Codegen]\u001b[0m Generated artifact: /Users/expo/workingdir/build/ios/build/generated/ios/ReactAppDependencyProvider/RCTAppDependencyProvider.h\u001b[0m","time":"2026-10-08T12:41:52.354Z","v":0,"logId":"01a11b88-cbe2-74cf-b0e2-1e2767a05e01"}
{"name":"worker","pid":844,"phase":"INSTALL_PODS","buildId":"114e576c-7b66-4c0b-b583-a312a68da540","source":"stdout","level":30,"msg":"  \u001b[36m\u001b[1m[Codegen]\u001b[0m Generated artifact: /Users/expo/workingdir/build/ios/build/generated/ios/ReactAppDependencyProvider/RCTAppDependencyProvider.mm\u001b[0m","time":"2026-10-08T12:41:52.354Z","v":0,"logId":"01a11b88-cbe2-74cf-b0e2-1e28e72988ec"}
{"name":"worker","pid":844,"phase":"INSTALL_PODS","buildId":"114e576c-7b66-4c0b-b583-a312a68da540","source":"stdout","level":30,"msg":"  \u001b[36m\u001b[1m[Codegen]\u001b[0m Generated podspec: /Users/expo/workingdir/build/ios/build/generated/ios/ReactAppDependencyProvider/ReactAppDependencyProvider.podspec\u001b[0m","time":"2026-10-08T12:41:52.354Z","v":0,"logId":"01a11b88-cbe2-74cf-b0e2-1e290a399dcf"}
{"name":"worker","pid":844,"phase":"INSTALL_PODS","buildId":"114e576c-7b66-4c0b-b583-a312a68da540","source":"stdout","level":30,"msg":"  \u001b[36m\u001b[1m[Codegen]\u001b[0m Generated podspec: /Users/expo/workingdir/build/ios/build/generated/ios/ReactCodegen/ReactCodegen.podspec\u001b[0m","time":"2026-10-08T12:41:52.354Z","v":0,"logId":"01a11b88-cbe2-74cf-b0e2-1e2a68855430"}
{"name":"worker","pid":844,"phase":"INSTALL_PODS","buildId":"114e576c-7b66-4c0b-b583-a312a68da540","source":"stdout","level":30,"msg":"  \u001b[36m\u001b[1m[Codegen]\u001b[0m Generating Package.swift\u001b[0m","time":"2026-10-08T12:41:52.354Z","v":0,"logId":"01a11b88-cbe2-74cf-b0e2-1e2b84d13041"}
{"name":"worker","pid":844,"phase":"INSTALL_PODS","buildId":"114e576c-7b66-4c0b-b583-a312a68da540","source":"stdout","level":30,"msg":"  \u001b[36m\u001b[1m[Codegen]\u001b[0m Generated artifact: /Users/expo/workingdir/build/ios/build/generated/ios/Package.swift\u001b[0m","time":"2026-10-08T12:41:52.354Z","v":0,"logId":"01a11b88-cbe2-74cf-b0e2-1e2c630fcea4"}
{"name":"worker","pid":844,"phase":"INSTALL_PODS","buildId":"114e576c-7b66-4c0b-b583-a312a68da540","source":"stdout","level":30,"msg":"  \u001b[36m\u001b[1m[Codegen]\u001b[0m \u001b[33mDone.\u001b[0m","time":"2026-10-08T12:41:52.354Z","v":0,"logId":"01a11b88-cbe2-74cf-b0e2-1e2ddeb71354"}
{"name":"worker","pid":844,"phase":"INSTALL_PODS","buildId":"114e576c-7b66-4c0b-b583-a312a68da540","source":"stdout","level":30,"msg":"\u001b[36m\u001b[1m[Codegen]\u001b[0m Analyzing /Users/expo/workingdir/build/package.json\u001b[0m","time":"2026-10-08T12:41:52.354Z","v":0,"logId":"01a11b88-cbe2-74cf-b0e2-1e2ec7c06646"}
{"name":"worker","pid":844,"phase":"INSTALL_PODS","buildId":"114e576c-7b66-4c0b-b583-a312a68da540","source":"stdout","level":30,"msg":"\u001b[36m\u001b[1m[Codegen]\u001b[0m \u001b[33mSearching for codegen-enabled libraries in the app.\u001b[0m","time":"2026-10-08T12:41:52.354Z","v":0,"logId":"01a11b88-cbe2-74cf-b0e2-1e2ff0a5ac7f"}
{"name":"worker","pid":844,"phase":"INSTALL_PODS","buildId":"114e576c-7b66-4c0b-b583-a312a68da540","source":"stdout","level":30,"msg":"\u001b[36m\u001b[1m[Codegen]\u001b[0m \u001b[33mThe \"codegenConfig\" field is not defined in package.json. Assuming there is nothing to generate at the app level.\u001b[0m","time":"2026-10-08T12:41:52.354Z","v":0,"logId":"01a11b88-cbe2-74cf-b0e2-1e3023c55885"}
{"name":"worker","pid":844,"phase":"INSTALL_PODS","buildId":"114e576c-7b66-4c0b-b583-a312a68da540","source":"stdout","level":30,"msg":"\u001b[36m\u001b[1m[Codegen]\u001b[0m \u001b[33mSearching for codegen-enabled libraries in react-native.config.js\u001b[0m","time":"2026-10-08T12:41:52.354Z","v":0,"logId":"01a11b88-cbe2-74cf-b0e2-1e31ea7050e4"}
{"name":"worker","pid":844,"phase":"INSTALL_PODS","buildId":"114e576c-7b66-4c0b-b583-a312a68da540","source":"stdout","level":30,"msg":"\u001b[36m\u001b[1m[Codegen]\u001b[0m Found @react-native-async-storage/async-storage\u001b[0m","time":"2026-10-08T12:41:52.354Z","v":0,"logId":"01a11b88-cbe2-74cf-b0e2-1e3257d1313f"}
{"name":"worker","pid":844,"phase":"INSTALL_PODS","buildId":"114e576c-7b66-4c0b-b583-a312a68da540","source":"stdout","level":30,"msg":"\u001b[36m\u001b[1m[Codegen]\u001b[0m Found @react-native-community/datetimepicker\u001b[0m","time":"2026-10-08T12:41:52.354Z","v":0,"logId":"01a11b88-cbe2-74cf-b0e2-1e330319c2c4"}
{"name":"worker","pid":844,"phase":"INSTALL_PODS","buildId":"114e576c-7b66-4c0b-b583-a312a68da540","source":"stdout","level":30,"msg":"\u001b[36m\u001b[1m[Codegen]\u001b[0m Found react-native-maps\u001b[0m","time":"2026-10-08T12:41:52.354Z","v":0,"logId":"01a11b88-cbe2-74cf-b0e2-1e348802464d"}
{"name":"worker","pid":844,"phase":"INSTALL_PODS","buildId":"114e576c-7b66-4c0b-b583-a312a68da540","source":"stdout","level":30,"msg":"\u001b[36m\u001b[1m[Codegen]\u001b[0m Found react-native-safe-area-context\u001b[0m","time":"2026-10-08T12:41:52.354Z","v":0,"logId":"01a11b88-cbe2-74cf-b0e2-1e35a3c156f3"}
{"name":"worker","pid":844,"phase":"INSTALL_PODS","buildId":"114e576c-7b66-4c0b-b583-a312a68da540","source":"stdout","level":30,"msg":"\u001b[36m\u001b[1m[Codegen]\u001b[0m Found react-native-screens\u001b[0m","time":"2026-10-08T12:41:52.354Z","v":0,"logId":"01a11b88-cbe2-74cf-b0e2-1e36bee8c2bc"}
{"name":"worker","pid":844,"phase":"INSTALL_PODS","buildId":"114e576c-7b66-4c0b-b583-a312a68da540","source":"stdout","level":30,"msg":"\u001b[36m\u001b[1m[Codegen]\u001b[0m Found react-native-svg\u001b[0m","time":"2026-10-08T12:41:52.354Z","v":0,"logId":"01a11b88-cbe2-74cf-b0e2-1e373b2ff91b"}
{"name":"worker","pid":844,"phase":"INSTALL_PODS","buildId":"114e576c-7b66-4c0b-b583-a312a68da540","source":"stdout","level":30,"msg":"\u001b[36m\u001b[1m[Codegen]\u001b[0m Found react-native-view-shot\u001b[0m","time":"2026-10-08T12:41:52.354Z","v":0,"logId":"01a11b88-cbe2-74cf-b0e2-1e38c4b8dae7"}
{"name":"worker","pid":844,"phase":"INSTALL_PODS","buildId":"114e576c-7b66-4c0b-b583-a312a68da540","source":"stdout","level":30,"msg":"\u001b[36m\u001b[1m[Codegen]\u001b[0m Found react-native-webview\u001b[0m","time":"2026-10-08T12:41:52.354Z","v":0,"logId":"01a11b88-cbe2-74cf-b0e2-1e3981d0c215"}
{"name":"worker","pid":844,"phase":"INSTALL_PODS","buildId":"114e576c-7b66-4c0b-b583-a312a68da540","source":"stdout","level":30,"msg":"\u001b[36m\u001b[1m[Codegen]\u001b[0m Processing rnasyncstorage\u001b[0m","time":"2026-10-08T12:41:52.354Z","v":0,"logId":"01a11b88-cbe2-74cf-b0e2-1e3a4199df32"}
{"name":"worker","pid":844,"phase":"INSTALL_PODS","buildId":"114e576c-7b66-4c0b-b583-a312a68da540","source":"stdout","level":30,"msg":"\u001b[36m\u001b[1m[Codegen]\u001b[0m \u001b[33mSearching for podspec in the project dependencies.\u001b[0m","time":"2026-10-08T12:41:52.354Z","v":0,"logId":"01a11b88-cbe2-74cf-b0e2-1e3b50c40d16"}
{"name":"worker","pid":844,"phase":"INSTALL_PODS","buildId":"114e576c-7b66-4c0b-b583-a312a68da540","source":"stdout","level":30,"msg":"\u001b[36m\u001b[1m[Codegen]\u001b[0m Supported Apple platforms: ios, macos, tvos, visionos for rnasyncstorage\u001b[0m","time":"2026-10-08T12:41:52.354Z","v":0,"logId":"01a11b88-cbe2-74cf-b0e2-1e3c1ed86110"}
{"name":"worker","pid":844,"phase":"INSTALL_PODS","buildId":"114e576c-7b66-4c0b-b583-a312a68da540","source":"stdout","level":30,"msg":"\u001b[36m\u001b[1m[Codegen]\u001b[0m Processing RNDateTimePickerCGen\u001b[0m","time":"2026-10-08T12:41:52.354Z","v":0,"logId":"01a11b88-cbe2-74cf-b0e2-1e3db74a386b"}
{"name":"worker","pid":844,"phase":"INSTALL_PODS","buildId":"114e576c-7b66-4c0b-b583-a312a68da540","source":"stdout","level":30,"msg":"\u001b[36m\u001b[1m[Codegen]\u001b[0m \u001b[33mSearching for podspec in the project dependencies.\u001b[0m","time":"2026-10-08T12:41:52.354Z","v":0,"logId":"01a11b88-cbe2-74cf-b0e2-1e3ea0bc1dfc"}
{"name":"worker","pid":844,"phase":"INSTALL_PODS","buildId":"114e576c-7b66-4c0b-b583-a312a68da540","source":"stdout","level":30,"msg":"\u001b[36m\u001b[1m[Codegen]\u001b[0m Supported Apple platforms: ios, visionos for RNDateTimePickerCGen\u001b[0m","time":"2026-10-08T12:41:52.354Z","v":0,"logId":"01a11b88-cbe2-74cf-b0e2-1e3fcf304e2c"}
{"name":"worker","pid":844,"phase":"INSTALL_PODS","buildId":"114e576c-7b66-4c0b-b583-a312a68da540","source":"stdout","level":30,"msg":"\u001b[36m\u001b[1m[Codegen]\u001b[0m Processing RNMapsSpecs\u001b[0m","time":"2026-10-08T12:41:52.354Z","v":0,"logId":"01a11b88-cbe2-74cf-b0e2-1e40f2999fbc"}
{"name":"worker","pid":844,"phase":"INSTALL_PODS","buildId":"114e576c-7b66-4c0b-b583-a312a68da540","source":"stdout","level":30,"msg":"\u001b[36m\u001b[1m[Codegen]\u001b[0m \u001b[33mSearching for podspec in the project dependencies.\u001b[0m","time":"2026-10-08T12:41:52.354Z","v":0,"logId":"01a11b88-cbe2-74cf-b0e2-1e419f5c0172"}
{"name":"worker","pid":844,"phase":"INSTALL_PODS","buildId":"114e576c-7b66-4c0b-b583-a312a68da540","source":"stdout","level":30,"msg":"\u001b[36m\u001b[1m[Codegen]\u001b[0m Supported Apple platforms: ios for RNMapsSpecs\u001b[0m","time":"2026-10-08T12:41:52.354Z","v":0,"logId":"01a11b88-cbe2-74cf-b0e2-1e4249dff2db"}
{"name":"worker","pid":844,"phase":"INSTALL_PODS","buildId":"114e576c-7b66-4c0b-b583-a312a68da540","source":"stdout","level":30,"msg":"\u001b[36m\u001b[1m[Codegen]\u001b[0m Processing safeareacontext\u001b[0m","time":"2026-10-08T12:41:52.354Z","v":0,"logId":"01a11b88-cbe2-74cf-b0e2-1e438a669859"}
{"name":"worker","pid":844,"phase":"INSTALL_PODS","buildId":"114e576c-7b66-4c0b-b583-a312a68da540","source":"stdout","level":30,"msg":"\u001b[36m\u001b[1m[Codegen]\u001b[0m \u001b[33mSearching for podspec in the project dependencies.\u001b[0m","time":"2026-10-08T12:41:52.354Z","v":0,"logId":"01a11b88-cbe2-74cf-b0e2-1e446b5898e0"}
{"name":"worker","pid":844,"phase":"INSTALL_PODS","buildId":"114e576c-7b66-4c0b-b583-a312a68da540","source":"stdout","level":30,"msg":"\u001b[36m\u001b[1m[Codegen]\u001b[0m Supported Apple platforms: ios, macos, tvos, visionos for safeareacontext\u001b[0m","time":"2026-10-08T12:41:52.354Z","v":0,"logId":"01a11b88-cbe2-74cf-b0e2-1e45dfc561e5"}
{"name":"worker","pid":844,"phase":"INSTALL_PODS","buildId":"114e576c-7b66-4c0b-b583-a312a68da540","source":"stdout","level":30,"msg":"\u001b[36m\u001b[1m[Codegen]\u001b[0m Processing rnscreens\u001b[0m","time":"2026-10-08T12:41:52.354Z","v":0,"logId":"01a11b88-cbe2-74cf-b0e2-1e46d240df17"}
{"name":"worker","pid":844,"phase":"INSTALL_PODS","buildId":"114e576c-7b66-4c0b-b583-a312a68da540","source":"stdout","level":30,"msg":"\u001b[36m\u001b[1m[Codegen]\u001b[0m \u001b[33mSearching for podspec in the project dependencies.\u001b[0m","time":"2026-10-08T12:41:52.354Z","v":0,"logId":"01a11b88-cbe2-74cf-b0e2-1e4726a5b278"}
{"name":"worker","pid":844,"phase":"INSTALL_PODS","buildId":"114e576c-7b66-4c0b-b583-a312a68da540","source":"stdout","level":30,"msg":"\u001b[36m\u001b[1m[Codegen]\u001b[0m Supported Apple platforms: ios, tvos, visionos for rnscreens\u001b[0m","time":"2026-10-08T12:41:52.354Z","v":0,"logId":"01a11b88-cbe2-74cf-b0e2-1e481e67a989"}
{"name":"worker","pid":844,"phase":"INSTALL_PODS","buildId":"114e576c-7b66-4c0b-b583-a312a68da540","source":"stdout","level":30,"msg":"\u001b[36m\u001b[1m[Codegen]\u001b[0m Processing rnsvg\u001b[0m","time":"2026-10-08T12:41:52.354Z","v":0,"logId":"01a11b88-cbe2-74cf-b0e2-1e49714815ec"}
{"name":"worker","pid":844,"phase":"INSTALL_PODS","buildId":"114e576c-7b66-4c0b-b583-a312a68da540","source":"stdout","level":30,"msg":"\u001b[36m\u001b[1m[Codegen]\u001b[0m \u001b[33mSearching for podspec in the project dependencies.\u001b[0m","time":"2026-10-08T12:41:52.354Z","v":0,"logId":"01a11b88-cbe2-74cf-b0e2-1e4af58b1309"}
{"name":"worker","pid":844,"phase":"INSTALL_PODS","buildId":"114e576c-7b66-4c0b-b583-a312a68da540","source":"stdout","level":30,"msg":"\u001b[36m\u001b[1m[Codegen]\u001b[0m Supported Apple platforms: ios, macos, tvos, visionos for rnsvg\u001b[0m","time":"2026-10-08T12:41:52.354Z","v":0,"logId":"01a11b88-cbe2-74cf-b0e2-1e4bc244a78b"}
{"name":"worker","pid":844,"phase":"INSTALL_PODS","buildId":"114e576c-7b66-4c0b-b583-a312a68da540","source":"stdout","level":30,"msg":"\u001b[36m\u001b[1m[Codegen]\u001b[0m Processing rnviewshot\u001b[0m","time":"2026-10-08T12:41:52.354Z","v":0,"logId":"01a11b88-cbe2-74cf-b0e2-1e4c27e186a4"}
{"name":"worker","pid":844,"phase":"INSTALL_PODS","buildId":"114e576c-7b66-4c0b-b583-a312a68da540","source":"stdout","level":30,"msg":"\u001b[36m\u001b[1m[Codegen]\u001b[0m \u001b[33mSearching for podspec in the project dependencies.\u001b[0m","time":"2026-10-08T12:41:52.354Z","v":0,"logId":"01a11b88-cbe2-74cf-b0e2-1e4de6360b66"}
{"name":"worker","pid":844,"phase":"INSTALL_PODS","buildId":"114e576c-7b66-4c0b-b583-a312a68da540","source":"stdout","level":30,"msg":"\u001b[36m\u001b[1m[Codegen]\u001b[0m Supported Apple platforms: ios for rnviewshot\u001b[0m","time":"2026-10-08T12:41:52.354Z","v":0,"logId":"01a11b88-cbe2-74cf-b0e2-1e4e37fa9780"}
{"name":"worker","pid":844,"phase":"INSTALL_PODS","buildId":"114e576c-7b66-4c0b-b583-a312a68da540","source":"stdout","level":30,"msg":"\u001b[36m\u001b[1m[Codegen]\u001b[0m Processing RNCWebViewSpec\u001b[0m","time":"2026-10-08T12:41:52.354Z","v":0,"logId":"01a11b88-cbe2-74cf-b0e2-1e4fd74ee3ea"}
{"name":"worker","pid":844,"phase":"INSTALL_PODS","buildId":"114e576c-7b66-4c0b-b583-a312a68da540","source":"stdout","level":30,"msg":"\u001b[36m\u001b[1m[Codegen]\u001b[0m \u001b[33mSearching for podspec in the project dependencies.\u001b[0m","time":"2026-10-08T12:41:52.354Z","v":0,"logId":"01a11b88-cbe2-74cf-b0e2-1e50119dce12"}
{"name":"worker","pid":844,"phase":"INSTALL_PODS","buildId":"114e576c-7b66-4c0b-b583-a312a68da540","source":"stdout","level":30,"msg":"\u001b[36m\u001b[1m[Codegen]\u001b[0m Supported Apple platforms: ios, macos, visionos for RNCWebViewSpec\u001b[0m","time":"2026-10-08T12:41:52.354Z","v":0,"logId":"01a11b88-cbe2-74cf-b0e2-1e51030c0fbd"}
{"name":"worker","pid":844,"phase":"INSTALL_PODS","buildId":"114e576c-7b66-4c0b-b583-a312a68da540","source":"stdout","level":30,"msg":"\u001b[36m\u001b[1m[Codegen]\u001b[0m Generating Native Code for rnasyncstorage - ios\u001b[0m","time":"2026-10-08T12:41:52.354Z","v":0,"logId":"01a11b88-cbe2-74cf-b0e2-1e52c7165a51"}
{"name":"worker","pid":844,"phase":"INSTALL_PODS","buildId":"114e576c-7b66-4c0b-b583-a312a68da540","source":"stdout","level":30,"msg":"\u001b[36m\u001b[1m[Codegen]\u001b[0m Generated artifacts: /Users/expo/workingdir/build/ios/build/generated/ios/ReactCodegen\u001b[0m","time":"2026-10-08T12:41:52.354Z","v":0,"logId":"01a11b88-cbe2-74cf-b0e2-1e531cde8102"}
{"name":"worker","pid":844,"phase":"INSTALL_PODS","buildId":"114e576c-7b66-4c0b-b583-a312a68da540","source":"stdout","level":30,"msg":"\u001b[36m\u001b[1m[Codegen]\u001b[0m Generating Native Code for RNDateTimePickerCGen - ios\u001b[0m","time":"2026-10-08T12:41:52.354Z","v":0,"logId":"01a11b88-cbe2-74cf-b0e2-1e549192a3c6"}
{"name":"worker","pid":844,"phase":"INSTALL_PODS","buildId":"114e576c-7b66-4c0b-b583-a312a68da540","source":"stdout","level":30,"msg":"\u001b[36m\u001b[1m[Codegen]\u001b[0m Generated artifacts: /Users/expo/workingdir/build/ios/build/generated/ios/ReactCodegen\u001b[0m","time":"2026-10-08T12:41:52.354Z","v":0,"logId":"01a11b88-cbe2-74cf-b0e2-1e554b04ad16"}
{"name":"worker","pid":844,"phase":"INSTALL_PODS","buildId":"114e576c-7b66-4c0b-b583-a312a68da540","source":"stdout","level":30,"msg":"\u001b[36m\u001b[1m[Codegen]\u001b[0m Generating Native Code for safeareacontext - ios\u001b[0m","time":"2026-10-08T12:41:52.354Z","v":0,"logId":"01a11b88-cbe2-74cf-b0e2-1e56d7c62732"}
{"name":"worker","pid":844,"phase":"INSTALL_PODS","buildId":"114e576c-7b66-4c0b-b583-a312a68da540","source":"stdout","level":30,"msg":"\u001b[36m\u001b[1m[Codegen]\u001b[0m Generated artifacts: /Users/expo/workingdir/build/ios/build/generated/ios/ReactCodegen\u001b[0m","time":"2026-10-08T12:41:52.355Z","v":0,"logId":"01a11b88-cbe3-70fe-9d75-45926315342a"}
{"name":"worker","pid":844,"phase":"INSTALL_PODS","buildId":"114e576c-7b66-4c0b-b583-a312a68da540","source":"stdout","level":30,"msg":"\u001b[36m\u001b[1m[Codegen]\u001b[0m Generating Native Code for rnscreens - ios\u001b[0m","time":"2026-10-08T12:41:52.355Z","v":0,"logId":"01a11b88-cbe3-70fe-9d75-45933dc993d0"}
{"name":"worker","pid":844,"phase":"INSTALL_PODS","buildId":"114e576c-7b66-4c0b-b583-a312a68da540","source":"stdout","level":30,"msg":"\u001b[36m\u001b[1m[Codegen]\u001b[0m Generated artifacts: /Users/expo/workingdir/build/ios/build/generated/ios/ReactCodegen\u001b[0m","time":"2026-10-08T12:41:52.355Z","v":0,"logId":"01a11b88-cbe3-70fe-9d75-4594a0be8637"}
{"name":"worker","pid":844,"phase":"INSTALL_PODS","buildId":"114e576c-7b66-4c0b-b583-a312a68da540","source":"stdout","level":30,"msg":"\u001b[36m\u001b[1m[Codegen]\u001b[0m Generating Native Code for rnsvg - ios\u001b[0m","time":"2026-10-08T12:41:52.355Z","v":0,"logId":"01a11b88-cbe3-70fe-9d75-45950ef028b1"}
{"name":"worker","pid":844,"phase":"INSTALL_PODS","buildId":"114e576c-7b66-4c0b-b583-a312a68da540","source":"stdout","level":30,"msg":"\u001b[36m\u001b[1m[Codegen]\u001b[0m Generated artifacts: /Users/expo/workingdir/build/ios/build/generated/ios/ReactCodegen\u001b[0m","time":"2026-10-08T12:41:52.355Z","v":0,"logId":"01a11b88-cbe3-70fe-9d75-459641f4d013"}
{"name":"worker","pid":844,"phase":"INSTALL_PODS","buildId":"114e576c-7b66-4c0b-b583-a312a68da540","source":"stdout","level":30,"msg":"\u001b[36m\u001b[1m[Codegen]\u001b[0m Generating Native Code for rnviewshot - ios\u001b[0m","time":"2026-10-08T12:41:52.355Z","v":0,"logId":"01a11b88-cbe3-70fe-9d75-459761f16246"}
{"name":"worker","pid":844,"phase":"INSTALL_PODS","buildId":"114e576c-7b66-4c0b-b583-a312a68da540","source":"stdout","level":30,"msg":"\u001b[36m\u001b[1m[Codegen]\u001b[0m Generated artifacts: /Users/expo/workingdir/build/ios/build/generated/ios/ReactCodegen\u001b[0m","time":"2026-10-08T12:41:52.355Z","v":0,"logId":"01a11b88-cbe3-70fe-9d75-45989d4f0d6a"}
{"name":"worker","pid":844,"phase":"INSTALL_PODS","buildId":"114e576c-7b66-4c0b-b583-a312a68da540","source":"stdout","level":30,"msg":"\u001b[36m\u001b[1m[Codegen]\u001b[0m Generating Native Code for RNCWebViewSpec - ios\u001b[0m","time":"2026-10-08T12:41:52.355Z","v":0,"logId":"01a11b88-cbe3-70fe-9d75-45999d6fc7cf"}
{"name":"worker","pid":844,"phase":"INSTALL_PODS","buildId":"114e576c-7b66-4c0b-b583-a312a68da540","source":"stdout","level":30,"msg":"\u001b[36m\u001b[1m[Codegen]\u001b[0m Generated artifacts: /Users/expo/workingdir/build/ios/build/generated/ios/ReactCodegen\u001b[0m","time":"2026-10-08T12:41:52.355Z","v":0,"logId":"01a11b88-cbe3-70fe-9d75-459a2053d1ab"}
{"name":"worker","pid":844,"phase":"INSTALL_PODS","buildId":"114e576c-7b66-4c0b-b583-a312a68da540","source":"stdout","level":30,"msg":"\u001b[36m\u001b[1m[Codegen]\u001b[0m Generating RCTThirdPartyComponentsProvider.h\u001b[0m","time":"2026-10-08T12:41:52.355Z","v":0,"logId":"01a11b88-cbe3-70fe-9d75-459bd3b4d5ba"}
{"name":"worker","pid":844,"phase":"INSTALL_PODS","buildId":"114e576c-7b66-4c0b-b583-a312a68da540","source":"stdout","level":30,"msg":"\u001b[36m\u001b[1m[Codegen]\u001b[0m Generated artifact: /Users/expo/workingdir/build/ios/build/generated/ios/ReactCodegen/RCTThirdPartyComponentsProvider.h\u001b[0m","time":"2026-10-08T12:41:52.355Z","v":0,"logId":"01a11b88-cbe3-70fe-9d75-459cf39a5d59"}
{"name":"worker","pid":844,"phase":"INSTALL_PODS","buildId":"114e576c-7b66-4c0b-b583-a312a68da540","source":"stdout","level":30,"msg":"\u001b[36m\u001b[1m[Codegen]\u001b[0m Generating RCTThirdPartyComponentsProvider.mm\u001b[0m","time":"2026-10-08T12:41:52.355Z","v":0,"logId":"01a11b88-cbe3-70fe-9d75-459dd6e8e081"}
{"name":"worker","pid":844,"phase":"INSTALL_PODS","buildId":"114e576c-7b66-4c0b-b583-a312a68da540","source":"stdout","level":30,"msg":"\u001b[36m\u001b[1m[Codegen]\u001b[0m Generated artifact: /Users/expo/workingdir/build/ios/build/generated/ios/ReactCodegen/RCTThirdPartyComponentsProvider.mm\u001b[0m","time":"2026-10-08T12:41:52.355Z","v":0,"logId":"01a11b88-cbe3-70fe-9d75-459ea0904de6"}
{"name":"worker","pid":844,"phase":"INSTALL_PODS","buildId":"114e576c-7b66-4c0b-b583-a312a68da540","source":"stdout","level":30,"msg":"\u001b[36m\u001b[1m[Codegen]\u001b[0m Generating RCTModulesProvider.h\u001b[0m","time":"2026-10-08T12:41:52.355Z","v":0,"logId":"01a11b88-cbe3-70fe-9d75-459fa1f9829f"}
{"name":"worker","pid":844,"phase":"INSTALL_PODS","buildId":"114e576c-7b66-4c0b-b583-a312a68da540","source":"stdout","level":30,"msg":"\u001b[36m\u001b[1m[Codegen]\u001b[0m Generated artifact: /Users/expo/workingdir/build/ios/build/generated/ios/ReactCodegen/RCTModuleProviders.h\u001b[0m","time":"2026-10-08T12:41:52.355Z","v":0,"logId":"01a11b88-cbe3-70fe-9d75-45a024356f61"}
{"name":"worker","pid":844,"phase":"INSTALL_PODS","buildId":"114e576c-7b66-4c0b-b583-a312a68da540","source":"stdout","level":30,"msg":"\u001b[36m\u001b[1m[Codegen]\u001b[0m Generating RCTModuleProviders.mm\u001b[0m","time":"2026-10-08T12:41:52.355Z","v":0,"logId":"01a11b88-cbe3-70fe-9d75-45a133ab8e3b"}
{"name":"worker","pid":844,"phase":"INSTALL_PODS","buildId":"114e576c-7b66-4c0b-b583-a312a68da540","source":"stdout","level":30,"msg":"\u001b[36m\u001b[1m[Codegen]\u001b[0m Generated artifact: /Users/expo/workingdir/build/ios/build/generated/ios/ReactCodegen/RCTModuleProviders.mm\u001b[0m","time":"2026-10-08T12:41:52.355Z","v":0,"logId":"01a11b88-cbe3-70fe-9d75-45a253f1706f"}
{"name":"worker","pid":844,"phase":"INSTALL_PODS","buildId":"114e576c-7b66-4c0b-b583-a312a68da540","source":"stdout","level":30,"msg":"\u001b[36m\u001b[1m[Codegen]\u001b[0m Generating RCTAppDependencyProvider\u001b[0m","time":"2026-10-08T12:41:52.355Z","v":0,"logId":"01a11b88-cbe3-70fe-9d75-45a3050f71a1"}
{"name":"worker","pid":844,"phase":"INSTALL_PODS","buildId":"114e576c-7b66-4c0b-b583-a312a68da540","source":"stdout","level":30,"msg":"\u001b[36m\u001b[1m[Codegen]\u001b[0m Generated artifact: /Users/expo/workingdir/build/ios/build/generated/ios/ReactAppDependencyProvider/RCTAppDependencyProvider.h\u001b[0m","time":"2026-10-08T12:41:52.355Z","v":0,"logId":"01a11b88-cbe3-70fe-9d75-45a40dc443d0"}
{"name":"worker","pid":844,"phase":"INSTALL_PODS","buildId":"114e576c-7b66-4c0b-b583-a312a68da540","source":"stdout","level":30,"msg":"\u001b[36m\u001b[1m[Codegen]\u001b[0m Generated artifact: /Users/expo/workingdir/build/ios/build/generated/ios/ReactAppDependencyProvider/RCTAppDependencyProvider.mm\u001b[0m","time":"2026-10-08T12:41:52.355Z","v":0,"logId":"01a11b88-cbe3-70fe-9d75-45a561af302d"}
{"name":"worker","pid":844,"phase":"INSTALL_PODS","buildId":"114e576c-7b66-4c0b-b583-a312a68da540","source":"stdout","level":30,"msg":"\u001b[36m\u001b[1m[Codegen]\u001b[0m Generated podspec: /Users/expo/workingdir/build/ios/build/generated/ios/ReactAppDependencyProvider/ReactAppDependencyProvider.podspec\u001b[0m","time":"2026-10-08T12:41:52.355Z","v":0,"logId":"01a11b88-cbe3-70fe-9d75-45a6b0be30e5"}
{"name":"worker","pid":844,"phase":"INSTALL_PODS","buildId":"114e576c-7b66-4c0b-b583-a312a68da540","source":"stdout","level":30,"msg":"\u001b[36m\u001b[1m[Codegen]\u001b[0m Generated podspec: /Users/expo/workingdir/build/ios/build/generated/ios/ReactCodegen/ReactCodegen.podspec\u001b[0m","time":"2026-10-08T12:41:52.355Z","v":0,"logId":"01a11b88-cbe3-70fe-9d75-45a785cd16cb"}
{"name":"worker","pid":844,"phase":"INSTALL_PODS","buildId":"114e576c-7b66-4c0b-b583-a312a68da540","source":"stdout","level":30,"msg":"\u001b[36m\u001b[1m[Codegen]\u001b[0m Generating Package.swift\u001b[0m","time":"2026-10-08T12:41:52.355Z","v":0,"logId":"01a11b88-cbe3-70fe-9d75-45a87c75f252"}
{"name":"worker","pid":844,"phase":"INSTALL_PODS","buildId":"114e576c-7b66-4c0b-b583-a312a68da540","source":"stdout","level":30,"msg":"\u001b[36m\u001b[1m[Codegen]\u001b[0m Generated artifact: /Users/expo/workingdir/build/ios/build/generated/ios/Package.swift\u001b[0m","time":"2026-10-08T12:41:52.355Z","v":0,"logId":"01a11b88-cbe3-70fe-9d75-45a9a684ac8d"}
{"name":"worker","pid":844,"phase":"INSTALL_PODS","buildId":"114e576c-7b66-4c0b-b583-a312a68da540","source":"stdout","level":30,"msg":"\u001b[36m\u001b[1m[Codegen]\u001b[0m \u001b[33mDone.\u001b[0m","time":"2026-10-08T12:41:52.355Z","v":0,"logId":"01a11b88-cbe3-70fe-9d75-45aa786cfd33"}
{"name":"worker","pid":844,"phase":"INSTALL_PODS","buildId":"114e576c-7b66-4c0b-b583-a312a68da540","source":"stderr","level":30,"msg":"[!] The version of CocoaPods used to generate the lockfile (1.17.0) is higher than the version of the current executable (1.16.2). Incompatibility issues may arise.","time":"2026-10-08T12:41:52.368Z","v":0,"logId":"01a11b88-cbf0-7688-9656-be2c5417b41d"}
{"name":"worker","pid":844,"phase":"INSTALL_PODS","buildId":"114e576c-7b66-4c0b-b583-a312a68da540","source":"stdout","level":30,"msg":"Preparing","time":"2026-10-08T12:41:52.388Z","v":0,"logId":"01a11b88-cc04-7b8c-8120-a939ac0fcebd"}
{"name":"worker","pid":844,"phase":"INSTALL_PODS","buildId":"114e576c-7b66-4c0b-b583-a312a68da540","source":"stdout","level":30,"msg":"Analyzing dependencies","time":"2026-10-08T12:41:52.389Z","v":0,"logId":"01a11b88-cc05-7ebf-850a-e079da8b16e7"}
{"name":"worker","pid":844,"phase":"INSTALL_PODS","buildId":"114e576c-7b66-4c0b-b583-a312a68da540","source":"stdout","level":30,"msg":"Inspecting targets to integrate","time":"2026-10-08T12:41:52.389Z","v":0,"logId":"01a11b88-cc05-7ebf-850a-e07a9bc07469"}
{"name":"worker","pid":844,"phase":"INSTALL_PODS","buildId":"114e576c-7b66-4c0b-b583-a312a68da540","source":"stdout","level":30,"msg":"  Using `ARCHS` setting to build architectures of target `Pods-HRTRAC`: (``)","time":"2026-10-08T12:41:52.389Z","v":0,"logId":"01a11b88-cc05-7ebf-850a-e07bc188be64"}
{"name":"worker","pid":844,"phase":"INSTALL_PODS","buildId":"114e576c-7b66-4c0b-b583-a312a68da540","source":"stdout","level":30,"msg":"Finding Podfile changes","time":"2026-10-08T12:41:52.389Z","v":0,"logId":"01a11b88-cc05-7ebf-850a-e07c8ab2c3be"}
{"name":"worker","pid":844,"phase":"INSTALL_PODS","buildId":"114e576c-7b66-4c0b-b583-a312a68da540","source":"stdout","level":30,"msg":"  - EXConstants","time":"2026-10-08T12:41:52.389Z","v":0,"logId":"01a11b88-cc05-7ebf-850a-e07dbb726bc5"}
{"name":"worker","pid":844,"phase":"INSTALL_PODS","buildId":"114e576c-7b66-4c0b-b583-a312a68da540","source":"stdout","level":30,"msg":"  - Expo","time":"2026-10-08T12:41:52.389Z","v":0,"logId":"01a11b88-cc05-7ebf-850a-e07e024cf6e6"}
{"name":"worker","pid":844,"phase":"INSTALL_PODS","buildId":"114e576c-7b66-4c0b-b583-a312a68da540","source":"stdout","level":30,"msg":"  - ExpoAsset","time":"2026-10-08T12:41:52.389Z","v":0,"logId":"01a11b88-cc05-7ebf-850a-e07f4817e75f"}
{"name":"worker","pid":844,"phase":"INSTALL_PODS","buildId":"114e576c-7b66-4c0b-b583-a312a68da540","source":"stdout","level":30,"msg":"  - ExpoCamera","time":"2026-10-08T12:41:52.389Z","v":0,"logId":"01a11b88-cc05-7ebf-850a-e0807e8cfd69"}
{"name":"worker","pid":844,"phase":"INSTALL_PODS","buildId":"114e576c-7b66-4c0b-b583-a312a68da540","source":"stdout","level":30,"msg":"  - ExpoCameraBarcodeScanning","time":"2026-10-08T12:41:52.389Z","v":0,"logId":"01a11b88-cc05-7ebf-850a-e081f5b84b6e"}
{"name":"worker","pid":844,"phase":"INSTALL_PODS","buildId":"114e576c-7b66-4c0b-b583-a312a68da540","source":"stdout","level":30,"msg":"  - ExpoDocumentPicker","time":"2026-10-08T12:41:52.389Z","v":0,"logId":"01a11b88-cc05-7ebf-850a-e082e2c129c8"}
{"name":"worker","pid":844,"phase":"INSTALL_PODS","buildId":"114e576c-7b66-4c0b-b583-a312a68da540","source":"stdout","level":30,"msg":"  - ExpoDomWebView","time":"2026-10-08T12:41:52.389Z","v":0,"logId":"01a11b88-cc05-7ebf-850a-e0837401049b"}
{"name":"worker","pid":844,"phase":"INSTALL_PODS","buildId":"114e576c-7b66-4c0b-b583-a312a68da540","source":"stdout","level":30,"msg":"  - ExpoFileSystem","time":"2026-10-08T12:41:52.389Z","v":0,"logId":"01a11b88-cc05-7ebf-850a-e0840edf63b3"}
{"name":"worker","pid":844,"phase":"INSTALL_PODS","buildId":"114e576c-7b66-4c0b-b583-a312a68da540","source":"stdout","level":30,"msg":"  - ExpoFont","time":"2026-10-08T12:41:52.389Z","v":0,"logId":"01a11b88-cc05-7ebf-850a-e085d9385a9d"}
{"name":"worker","pid":844,"phase":"INSTALL_PODS","buildId":"114e576c-7b66-4c0b-b583-a312a68da540","source":"stdout","level":30,"msg":"  - ExpoImagePicker","time":"2026-10-08T12:41:52.389Z","v":0,"logId":"01a11b88-cc05-7ebf-850a-e086c3635501"}
{"name":"worker","pid":844,"phase":"INSTALL_PODS","buildId":"114e576c-7b66-4c0b-b583-a312a68da540","source":"stdout","level":30,"msg":"  - ExpoKeepAwake","time":"2026-10-08T12:41:52.389Z","v":0,"logId":"01a11b88-cc05-7ebf-850a-e087eb1cfb85"}
{"name":"worker","pid":844,"phase":"INSTALL_PODS","buildId":"114e576c-7b66-4c0b-b583-a312a68da540","source":"stdout","level":30,"msg":"  - ExpoLocation","time":"2026-10-08T12:41:52.389Z","v":0,"logId":"01a11b88-cc05-7ebf-850a-e08829241705"}
{"name":"worker","pid":844,"phase":"INSTALL_PODS","buildId":"114e576c-7b66-4c0b-b583-a312a68da540","source":"stdout","level":30,"msg":"  - ExpoLogBox","time":"2026-10-08T12:41:52.389Z","v":0,"logId":"01a11b88-cc05-7ebf-850a-e089ba83906d"}
{"name":"worker","pid":844,"phase":"INSTALL_PODS","buildId":"114e576c-7b66-4c0b-b583-a312a68da540","source":"stdout","level":30,"msg":"  - ExpoModulesCore","time":"2026-10-08T12:41:52.389Z","v":0,"logId":"01a11b88-cc05-7ebf-850a-e08aa5328a3c"}
{"name":"worker","pid":844,"phase":"INSTALL_PODS","buildId":"114e576c-7b66-4c0b-b583-a312a68da540","source":"stdout","level":30,"msg":"  - ExpoModulesJSI","time":"2026-10-08T12:41:52.389Z","v":0,"logId":"01a11b88-cc05-7ebf-850a-e08bc9c32cba"}
{"name":"worker","pid":844,"phase":"INSTALL_PODS","buildId":"114e576c-7b66-4c0b-b583-a312a68da540","source":"stdout","level":30,"msg":"  - ExpoModulesWorklets","time":"2026-10-08T12:41:52.389Z","v":0,"logId":"01a11b88-cc05-7ebf-850a-e08c321dbc24"}
{"name":"worker","pid":844,"phase":"INSTALL_PODS","buildId":"114e576c-7b66-4c0b-b583-a312a68da540","source":"stdout","level":30,"msg":"  - ExpoTaskManager","time":"2026-10-08T12:41:52.389Z","v":0,"logId":"01a11b88-cc05-7ebf-850a-e08d49781f9b"}
{"name":"worker","pid":844,"phase":"INSTALL_PODS","buildId":"114e576c-7b66-4c0b-b583-a312a68da540","source":"stdout","level":30,"msg":"  - FBLazyVector","time":"2026-10-08T12:41:52.389Z","v":0,"logId":"01a11b88-cc05-7ebf-850a-e08e831f8c57"}
{"name":"worker","pid":844,"phase":"INSTALL_PODS","buildId":"114e576c-7b66-4c0b-b583-a312a68da540","source":"stdout","level":30,"msg":"  - RCTDeprecation","time":"2026-10-08T12:41:52.389Z","v":0,"logId":"01a11b88-cc05-7ebf-850a-e08f07981412"}
{"name":"worker","pid":844,"phase":"INSTALL_PODS","buildId":"114e576c-7b66-4c0b-b583-a312a68da540","source":"stdout","level":30,"msg":"  - RCTRequired","time":"2026-10-08T12:41:52.389Z","v":0,"logId":"01a11b88-cc05-7ebf-850a-e09083bc0e4d"}
{"name":"worker","pid":844,"phase":"INSTALL_PODS","buildId":"114e576c-7b66-4c0b-b583-a312a68da540","source":"stdout","level":30,"msg":"  - RCTSwiftUI","time":"2026-10-08T12:41:52.389Z","v":0,"logId":"01a11b88-cc05-7ebf-850a-e091c45f868f"}
{"name":"worker","pid":844,"phase":"INSTALL_PODS","buildId":"114e576c-7b66-4c0b-b583-a312a68da540","source":"stdout","level":30,"msg":"  - RCTSwiftUIWrapper","time":"2026-10-08T12:41:52.389Z","v":0,"logId":"01a11b88-cc05-7ebf-850a-e0929d73b059"}
{"name":"worker","pid":844,"phase":"INSTALL_PODS","buildId":"114e576c-7b66-4c0b-b583-a312a68da540","source":"stdout","level":30,"msg":"  - RCTTypeSafety","time":"2026-10-08T12:41:52.389Z","v":0,"logId":"01a11b88-cc05-7ebf-850a-e093d1c5bdeb"}
{"name":"worker","pid":844,"phase":"INSTALL_PODS","buildId":"114e576c-7b66-4c0b-b583-a312a68da540","source":"stdout","level":30,"msg":"  - RNCAsyncStorage","time":"2026-10-08T12:41:52.389Z","v":0,"logId":"01a11b88-cc05-7ebf-850a-e09433024449"}
{"name":"worker","pid":844,"phase":"INSTALL_PODS","buildId":"114e576c-7b66-4c0b-b583-a312a68da540","source":"stdout","level":30,"msg":"  - RNDateTimePicker","time":"2026-10-08T12:41:52.389Z","v":0,"logId":"01a11b88-cc05-7ebf-850a-e095acc9090c"}
{"name":"worker","pid":844,"phase":"INSTALL_PODS","buildId":"114e576c-7b66-4c0b-b583-a312a68da540","source":"stdout","level":30,"msg":"  - RNSVG","time":"2026-10-08T12:41:52.389Z","v":0,"logId":"01a11b88-cc05-7ebf-850a-e09617b7eeca"}
{"name":"worker","pid":844,"phase":"INSTALL_PODS","buildId":"114e576c-7b66-4c0b-b583-a312a68da540","source":"stdout","level":30,"msg":"  - RNScreens","time":"2026-10-08T12:41:52.389Z","v":0,"logId":"01a11b88-cc05-7ebf-850a-e0970f055f5c"}
{"name":"worker","pid":844,"phase":"INSTALL_PODS","buildId":"114e576c-7b66-4c0b-b583-a312a68da540","source":"stdout","level":30,"msg":"  - React","time":"2026-10-08T12:41:52.389Z","v":0,"logId":"01a11b88-cc05-7ebf-850a-e098682c304f"}
{"name":"worker","pid":844,"phase":"INSTALL_PODS","buildId":"114e576c-7b66-4c0b-b583-a312a68da540","source":"stdout","level":30,"msg":"  - React-Core","time":"2026-10-08T12:41:52.389Z","v":0,"logId":"01a11b88-cc05-7ebf-850a-e099a5703411"}
{"name":"worker","pid":844,"phase":"INSTALL_PODS","buildId":"114e576c-7b66-4c0b-b583-a312a68da540","source":"stdout","level":30,"msg":"  - React-Core-prebuilt","time":"2026-10-08T12:41:52.389Z","v":0,"logId":"01a11b88-cc05-7ebf-850a-e09a5c64a127"}
{"name":"worker","pid":844,"phase":"INSTALL_PODS","buildId":"114e576c-7b66-4c0b-b583-a312a68da540","source":"stdout","level":30,"msg":"  - React-CoreModules","time":"2026-10-08T12:41:52.389Z","v":0,"logId":"01a11b88-cc05-7ebf-850a-e09bbe671ea2"}
{"name":"worker","pid":844,"phase":"INSTALL_PODS","buildId":"114e576c-7b66-4c0b-b583-a312a68da540","source":"stdout","level":30,"msg":"  - React-Fabric","time":"2026-10-08T12:41:52.389Z","v":0,"logId":"01a11b88-cc05-7ebf-850a-e09c2dae7801"}
{"name":"worker","pid":844,"phase":"INSTALL_PODS","buildId":"114e576c-7b66-4c0b-b583-a312a68da540","source":"stdout","level":30,"msg":"  - React-FabricComponents","time":"2026-10-08T12:41:52.389Z","v":0,"logId":"01a11b88-cc05-7ebf-850a-e09d8ef24f40"}
{"name":"worker","pid":844,"phase":"INSTALL_PODS","buildId":"114e576c-7b66-4c0b-b583-a312a68da540","source":"stdout","level":30,"msg":"  - React-FabricImage","time":"2026-10-08T12:41:52.389Z","v":0,"logId":"01a11b88-cc05-7ebf-850a-e09e5f1a1150"}
{"name":"worker","pid":844,"phase":"INSTALL_PODS","buildId":"114e576c-7b66-4c0b-b583-a312a68da540","source":"stdout","level":30,"msg":"  - React-ImageManager","time":"2026-10-08T12:41:52.389Z","v":0,"logId":"01a11b88-cc05-7ebf-850a-e09faa07fe13"}
{"name":"worker","pid":844,"phase":"INSTALL_PODS","buildId":"114e576c-7b66-4c0b-b583-a312a68da540","source":"stdout","level":30,"msg":"  - React-Mapbuffer","time":"2026-10-08T12:41:52.389Z","v":0,"logId":"01a11b88-cc05-7ebf-850a-e0a09af64098"}
{"name":"worker","pid":844,"phase":"INSTALL_PODS","buildId":"114e576c-7b66-4c0b-b583-a312a68da540","source":"stdout","level":30,"msg":"  - React-NativeModulesApple","time":"2026-10-08T12:41:52.389Z","v":0,"logId":"01a11b88-cc05-7ebf-850a-e0a19346c634"}
{"name":"worker","pid":844,"phase":"INSTALL_PODS","buildId":"114e576c-7b66-4c0b-b583-a312a68da540","source":"stdout","level":30,"msg":"  - React-RCTActionSheet","time":"2026-10-08T12:41:52.389Z","v":0,"logId":"01a11b88-cc05-7ebf-850a-e0a2b7b14480"}
{"name":"worker","pid":844,"phase":"INSTALL_PODS","buildId":"114e576c-7b66-4c0b-b583-a312a68da540","source":"stdout","level":30,"msg":"  - React-RCTAnimation","time":"2026-10-08T12:41:52.389Z","v":0,"logId":"01a11b88-cc05-7ebf-850a-e0a3932607b4"}
{"name":"worker","pid":844,"phase":"INSTALL_PODS","buildId":"114e576c-7b66-4c0b-b583-a312a68da540","source":"stdout","level":30,"msg":"  - React-RCTAppDelegate","time":"2026-10-08T12:41:52.389Z","v":0,"logId":"01a11b88-cc05-7ebf-850a-e0a4d1295e05"}
{"name":"worker","pid":844,"phase":"INSTALL_PODS","buildId":"114e576c-7b66-4c0b-b583-a312a68da540","source":"stdout","level":30,"msg":"  - React-RCTBlob","time":"2026-10-08T12:41:52.389Z","v":0,"logId":"01a11b88-cc05-7ebf-850a-e0a5ee8e9c44"}
{"name":"worker","pid":844,"phase":"INSTALL_PODS","buildId":"114e576c-7b66-4c0b-b583-a312a68da540","source":"stdout","level":30,"msg":"  - React-RCTFBReactNativeSpec","time":"2026-10-08T12:41:52.389Z","v":0,"logId":"01a11b88-cc05-7ebf-850a-e0a604abd5f4"}
{"name":"worker","pid":844,"phase":"INSTALL_PODS","buildId":"114e576c-7b66-4c0b-b583-a312a68da540","source":"stdout","level":30,"msg":"  - React-RCTFabric","time":"2026-10-08T12:41:52.389Z","v":0,"logId":"01a11b88-cc05-7ebf-850a-e0a70e78c3a8"}
{"name":"worker","pid":844,"phase":"INSTALL_PODS","buildId":"114e576c-7b66-4c0b-b583-a312a68da540","source":"stdout","level":30,"msg":"  - React-RCTImage","time":"2026-10-08T12:41:52.389Z","v":0,"logId":"01a11b88-cc05-7ebf-850a-e0a86ab65fc1"}
{"name":"worker","pid":844,"phase":"INSTALL_PODS","buildId":"114e576c-7b66-4c0b-b583-a312a68da540","source":"stdout","level":30,"msg":"  - React-RCTLinking","time":"2026-10-08T12:41:52.389Z","v":0,"logId":"01a11b88-cc05-7ebf-850a-e0a98b06ce5b"}
{"name":"worker","pid":844,"phase":"INSTALL_PODS","buildId":"114e576c-7b66-4c0b-b583-a312a68da540","source":"stdout","level":30,"msg":"  - React-RCTNetwork","time":"2026-10-08T12:41:52.389Z","v":0,"logId":"01a11b88-cc05-7ebf-850a-e0aad7afe917"}
{"name":"worker","pid":844,"phase":"INSTALL_PODS","buildId":"114e576c-7b66-4c0b-b583-a312a68da540","source":"stdout","level":30,"msg":"  - React-RCTRuntime","time":"2026-10-08T12:41:52.389Z","v":0,"logId":"01a11b88-cc05-7ebf-850a-e0ab18c57ac8"}
{"name":"worker","pid":844,"phase":"INSTALL_PODS","buildId":"114e576c-7b66-4c0b-b583-a312a68da540","source":"stdout","level":30,"msg":"  - React-RCTSettings","time":"2026-10-08T12:41:52.389Z","v":0,"logId":"01a11b88-cc05-7ebf-850a-e0acff053b25"}
{"name":"worker","pid":844,"phase":"INSTALL_PODS","buildId":"114e576c-7b66-4c0b-b583-a312a68da540","source":"stdout","level":30,"msg":"  - React-RCTText","time":"2026-10-08T12:41:52.389Z","v":0,"logId":"01a11b88-cc05-7ebf-850a-e0ade3744f11"}
{"name":"worker","pid":844,"phase":"INSTALL_PODS","buildId":"114e576c-7b66-4c0b-b583-a312a68da540","source":"stdout","level":30,"msg":"  - React-RCTVibration","time":"2026-10-08T12:41:52.389Z","v":0,"logId":"01a11b88-cc05-7ebf-850a-e0ae6df7e103"}
{"name":"worker","pid":844,"phase":"INSTALL_PODS","buildId":"114e576c-7b66-4c0b-b583-a312a68da540","source":"stdout","level":30,"msg":"  - React-RuntimeApple","time":"2026-10-08T12:41:52.389Z","v":0,"logId":"01a11b88-cc05-7ebf-850a-e0af1a742e54"}
{"name":"worker","pid":844,"phase":"INSTALL_PODS","buildId":"114e576c-7b66-4c0b-b583-a312a68da540","source":"stdout","level":30,"msg":"  - React-RuntimeCore","time":"2026-10-08T12:41:52.389Z","v":0,"logId":"01a11b88-cc05-7ebf-850a-e0b0ff2cdb39"}
{"name":"worker","pid":844,"phase":"INSTALL_PODS","buildId":"114e576c-7b66-4c0b-b583-a312a68da540","source":"stdout","level":30,"msg":"  - React-RuntimeHermes","time":"2026-10-08T12:41:52.389Z","v":0,"logId":"01a11b88-cc05-7ebf-850a-e0b11a5d4fb4"}
{"name":"worker","pid":844,"phase":"INSTALL_PODS","buildId":"114e576c-7b66-4c0b-b583-a312a68da540","source":"stdout","level":30,"msg":"  - React-callinvoker","time":"2026-10-08T12:41:52.389Z","v":0,"logId":"01a11b88-cc05-7ebf-850a-e0b2816da750"}
{"name":"worker","pid":844,"phase":"INSTALL_PODS","buildId":"114e576c-7b66-4c0b-b583-a312a68da540","source":"stdout","level":30,"msg":"  - React-cxxreact","time":"2026-10-08T12:41:52.389Z","v":0,"logId":"01a11b88-cc05-7ebf-850a-e0b327d93dc0"}
{"name":"worker","pid":844,"phase":"INSTALL_PODS","buildId":"114e576c-7b66-4c0b-b583-a312a68da540","source":"stdout","level":30,"msg":"  - React-debug","time":"2026-10-08T12:41:52.389Z","v":0,"logId":"01a11b88-cc05-7ebf-850a-e0b450e9b139"}
{"name":"worker","pid":844,"phase":"INSTALL_PODS","buildId":"114e576c-7b66-4c0b-b583-a312a68da540","source":"stdout","level":30,"msg":"  - React-defaultsnativemodule","time":"2026-10-08T12:41:52.389Z","v":0,"logId":"01a11b88-cc05-7ebf-850a-e0b5f12dfbdd"}
{"name":"worker","pid":844,"phase":"INSTALL_PODS","buildId":"114e576c-7b66-4c0b-b583-a312a68da540","source":"stdout","level":30,"msg":"  - React-domnativemodule","time":"2026-10-08T12:41:52.389Z","v":0,"logId":"01a11b88-cc05-7ebf-850a-e0b64a10871f"}
{"name":"worker","pid":844,"phase":"INSTALL_PODS","buildId":"114e576c-7b66-4c0b-b583-a312a68da540","source":"stdout","level":30,"msg":"  - React-featureflags","time":"2026-10-08T12:41:52.389Z","v":0,"logId":"01a11b88-cc05-7ebf-850a-e0b7d5d39e15"}
{"name":"worker","pid":844,"phase":"INSTALL_PODS","buildId":"114e576c-7b66-4c0b-b583-a312a68da540","source":"stdout","level":30,"msg":"  - React-featureflagsnativemodule","time":"2026-10-08T12:41:52.389Z","v":0,"logId":"01a11b88-cc05-7ebf-850a-e0b8fdc7727d"}
{"name":"worker","pid":844,"phase":"INSTALL_PODS","buildId":"114e576c-7b66-4c0b-b583-a312a68da540","source":"stdout","level":30,"msg":"  - React-graphics","time":"2026-10-08T12:41:52.389Z","v":0,"logId":"01a11b88-cc05-7ebf-850a-e0b99a5ee680"}
{"name":"worker","pid":844,"phase":"INSTALL_PODS","buildId":"114e576c-7b66-4c0b-b583-a312a68da540","source":"stdout","level":30,"msg":"  - React-hermes","time":"2026-10-08T12:41:52.389Z","v":0,"logId":"01a11b88-cc05-7ebf-850a-e0ba1ef67e13"}
{"name":"worker","pid":844,"phase":"INSTALL_PODS","buildId":"114e576c-7b66-4c0b-b583-a312a68da540","source":"stdout","level":30,"msg":"  - React-idlecallbacksnativemodule","time":"2026-10-08T12:41:52.389Z","v":0,"logId":"01a11b88-cc05-7ebf-850a-e0bb99121b23"}
{"name":"worker","pid":844,"phase":"INSTALL_PODS","buildId":"114e576c-7b66-4c0b-b583-a312a68da540","source":"stdout","level":30,"msg":"  - React-intersectionobservernativemodule","time":"2026-10-08T12:41:52.389Z","v":0,"logId":"01a11b88-cc05-7ebf-850a-e0bcdf0b4704"}
{"name":"worker","pid":844,"phase":"INSTALL_PODS","buildId":"114e576c-7b66-4c0b-b583-a312a68da540","source":"stdout","level":30,"msg":"  - React-jserrorhandler","time":"2026-10-08T12:41:52.389Z","v":0,"logId":"01a11b88-cc05-7ebf-850a-e0bda777f74b"}
{"name":"worker","pid":844,"phase":"INSTALL_PODS","buildId":"114e576c-7b66-4c0b-b583-a312a68da540","source":"stdout","level":30,"msg":"  - React-jsi","time":"2026-10-08T12:41:52.389Z","v":0,"logId":"01a11b88-cc05-7ebf-850a-e0be66182bba"}
{"name":"worker","pid":844,"phase":"INSTALL_PODS","buildId":"114e576c-7b66-4c0b-b583-a312a68da540","source":"stdout","level":30,"msg":"  - React-jsiexecutor","time":"2026-10-08T12:41:52.390Z","v":0,"logId":"01a11b88-cc06-737a-a910-fa42a1088467"}
{"name":"worker","pid":844,"phase":"INSTALL_PODS","buildId":"114e576c-7b66-4c0b-b583-a312a68da540","source":"stdout","level":30,"msg":"  - React-jsinspector","time":"2026-10-08T12:41:52.390Z","v":0,"logId":"01a11b88-cc06-737a-a910-fa43a2d935a4"}
{"name":"worker","pid":844,"phase":"INSTALL_PODS","buildId":"114e576c-7b66-4c0b-b583-a312a68da540","source":"stdout","level":30,"msg":"  - React-jsinspectorcdp","time":"2026-10-08T12:41:52.390Z","v":0,"logId":"01a11b88-cc06-737a-a910-fa446f4dc843"}
{"name":"worker","pid":844,"phase":"INSTALL_PODS","buildId":"114e576c-7b66-4c0b-b583-a312a68da540","source":"stdout","level":30,"msg":"  - React-jsinspectornetwork","time":"2026-10-08T12:41:52.390Z","v":0,"logId":"01a11b88-cc06-737a-a910-fa450f0bb076"}
{"name":"worker","pid":844,"phase":"INSTALL_PODS","buildId":"114e576c-7b66-4c0b-b583-a312a68da540","source":"stdout","level":30,"msg":"  - React-jsinspectortracing","time":"2026-10-08T12:41:52.390Z","v":0,"logId":"01a11b88-cc06-737a-a910-fa465d762fe8"}
{"name":"worker","pid":844,"phase":"INSTALL_PODS","buildId":"114e576c-7b66-4c0b-b583-a312a68da540","source":"stdout","level":30,"msg":"  - React-jsitooling","time":"2026-10-08T12:41:52.390Z","v":0,"logId":"01a11b88-cc06-737a-a910-fa47f10ead39"}
{"name":"worker","pid":844,"phase":"INSTALL_PODS","buildId":"114e576c-7b66-4c0b-b583-a312a68da540","source":"stdout","level":30,"msg":"  - React-jsitracing","time":"2026-10-08T12:41:52.390Z","v":0,"logId":"01a11b88-cc06-737a-a910-fa482398f705"}
{"name":"worker","pid":844,"phase":"INSTALL_PODS","buildId":"114e576c-7b66-4c0b-b583-a312a68da540","source":"stdout","level":30,"msg":"  - React-logger","time":"2026-10-08T12:41:52.390Z","v":0,"logId":"01a11b88-cc06-737a-a910-fa49dbdcff1a"}
{"name":"worker","pid":844,"phase":"INSTALL_PODS","buildId":"114e576c-7b66-4c0b-b583-a312a68da540","source":"stdout","level":30,"msg":"  - React-microtasksnativemodule","time":"2026-10-08T12:41:52.390Z","v":0,"logId":"01a11b88-cc06-737a-a910-fa4a2a2c4af9"}
{"name":"worker","pid":844,"phase":"INSTALL_PODS","buildId":"114e576c-7b66-4c0b-b583-a312a68da540","source":"stdout","level":30,"msg":"  - React-mutationobservernativemodule","time":"2026-10-08T12:41:52.390Z","v":0,"logId":"01a11b88-cc06-737a-a910-fa4b9cad3fa5"}
{"name":"worker","pid":844,"phase":"INSTALL_PODS","buildId":"114e576c-7b66-4c0b-b583-a312a68da540","source":"stdout","level":30,"msg":"  - React-networking","time":"2026-10-08T12:41:52.390Z","v":0,"logId":"01a11b88-cc06-737a-a910-fa4ca1da43cc"}
{"name":"worker","pid":844,"phase":"INSTALL_PODS","buildId":"114e576c-7b66-4c0b-b583-a312a68da540","source":"stdout","level":30,"msg":"  - React-oscompat","time":"2026-10-08T12:41:52.390Z","v":0,"logId":"01a11b88-cc06-737a-a910-fa4d91d57272"}
{"name":"worker","pid":844,"phase":"INSTALL_PODS","buildId":"114e576c-7b66-4c0b-b583-a312a68da540","source":"stdout","level":30,"msg":"  - React-perflogger","time":"2026-10-08T12:41:52.390Z","v":0,"logId":"01a11b88-cc06-737a-a910-fa4e82756911"}
{"name":"worker","pid":844,"phase":"INSTALL_PODS","buildId":"114e576c-7b66-4c0b-b583-a312a68da540","source":"stdout","level":30,"msg":"  - React-performancecdpmetrics","time":"2026-10-08T12:41:52.390Z","v":0,"logId":"01a11b88-cc06-737a-a910-fa4f0df95df7"}
{"name":"worker","pid":844,"phase":"INSTALL_PODS","buildId":"114e576c-7b66-4c0b-b583-a312a68da540","source":"stdout","level":30,"msg":"  - React-performancetimeline","time":"2026-10-08T12:41:52.390Z","v":0,"logId":"01a11b88-cc06-737a-a910-fa502cc9042a"}
{"name":"worker","pid":844,"phase":"INSTALL_PODS","buildId":"114e576c-7b66-4c0b-b583-a312a68da540","source":"stdout","level":30,"msg":"  - React-rendererconsistency","time":"2026-10-08T12:41:52.390Z","v":0,"logId":"01a11b88-cc06-737a-a910-fa51ba1132c7"}
{"name":"worker","pid":844,"phase":"INSTALL_PODS","buildId":"114e576c-7b66-4c0b-b583-a312a68da540","source":"stdout","level":30,"msg":"  - React-renderercss","time":"2026-10-08T12:41:52.390Z","v":0,"logId":"01a11b88-cc06-737a-a910-fa52bfa1fc0c"}
{"name":"worker","pid":844,"phase":"INSTALL_PODS","buildId":"114e576c-7b66-4c0b-b583-a312a68da540","source":"stdout","level":30,"msg":"  - React-rendererdebug","time":"2026-10-08T12:41:52.390Z","v":0,"logId":"01a11b88-cc06-737a-a910-fa534c80b390"}
{"name":"worker","pid":844,"phase":"INSTALL_PODS","buildId":"114e576c-7b66-4c0b-b583-a312a68da540","source":"stdout","level":30,"msg":"  - React-runtimeexecutor","time":"2026-10-08T12:41:52.390Z","v":0,"logId":"01a11b88-cc06-737a-a910-fa540ea3e67f"}
{"name":"worker","pid":844,"phase":"INSTALL_PODS","buildId":"114e576c-7b66-4c0b-b583-a312a68da540","source":"stdout","level":30,"msg":"  - React-runtimescheduler","time":"2026-10-08T12:41:52.390Z","v":0,"logId":"01a11b88-cc06-737a-a910-fa55cde3db13"}
{"name":"worker","pid":844,"phase":"INSTALL_PODS","buildId":"114e576c-7b66-4c0b-b583-a312a68da540","source":"stdout","level":30,"msg":"  - React-timing","time":"2026-10-08T12:41:52.390Z","v":0,"logId":"01a11b88-cc06-737a-a910-fa56dbf1603e"}
{"name":"worker","pid":844,"phase":"INSTALL_PODS","buildId":"114e576c-7b66-4c0b-b583-a312a68da540","source":"stdout","level":30,"msg":"  - React-utils","time":"2026-10-08T12:41:52.390Z","v":0,"logId":"01a11b88-cc06-737a-a910-fa5797fe6047"}
{"name":"worker","pid":844,"phase":"INSTALL_PODS","buildId":"114e576c-7b66-4c0b-b583-a312a68da540","source":"stdout","level":30,"msg":"  - React-viewtransitionnativemodule","time":"2026-10-08T12:41:52.390Z","v":0,"logId":"01a11b88-cc06-737a-a910-fa5808ee1c39"}
{"name":"worker","pid":844,"phase":"INSTALL_PODS","buildId":"114e576c-7b66-4c0b-b583-a312a68da540","source":"stdout","level":30,"msg":"  - React-webperformancenativemodule","time":"2026-10-08T12:41:52.390Z","v":0,"logId":"01a11b88-cc06-737a-a910-fa593a9f37d3"}
{"name":"worker","pid":844,"phase":"INSTALL_PODS","buildId":"114e576c-7b66-4c0b-b583-a312a68da540","source":"stdout","level":30,"msg":"  - ReactAppDependencyProvider","time":"2026-10-08T12:41:52.390Z","v":0,"logId":"01a11b88-cc06-737a-a910-fa5a5c134a49"}
{"name":"worker","pid":844,"phase":"INSTALL_PODS","buildId":"114e576c-7b66-4c0b-b583-a312a68da540","source":"stdout","level":30,"msg":"  - ReactCodegen","time":"2026-10-08T12:41:52.390Z","v":0,"logId":"01a11b88-cc06-737a-a910-fa5b902b89b3"}
{"name":"worker","pid":844,"phase":"INSTALL_PODS","buildId":"114e576c-7b66-4c0b-b583-a312a68da540","source":"stdout","level":30,"msg":"  - ReactCommon","time":"2026-10-08T12:41:52.390Z","v":0,"logId":"01a11b88-cc06-737a-a910-fa5c269a4f6d"}
{"name":"worker","pid":844,"phase":"INSTALL_PODS","buildId":"114e576c-7b66-4c0b-b583-a312a68da540","source":"stdout","level":30,"msg":"  - ReactNativeDependencies","time":"2026-10-08T12:41:52.390Z","v":0,"logId":"01a11b88-cc06-737a-a910-fa5dc6c1d4f9"}
{"name":"worker","pid":844,"phase":"INSTALL_PODS","buildId":"114e576c-7b66-4c0b-b583-a312a68da540","source":"stdout","level":30,"msg":"  - UMAppLoader","time":"2026-10-08T12:41:52.390Z","v":0,"logId":"01a11b88-cc06-737a-a910-fa5e953ea4ea"}
{"name":"worker","pid":844,"phase":"INSTALL_PODS","buildId":"114e576c-7b66-4c0b-b583-a312a68da540","source":"stdout","level":30,"msg":"  - Yoga","time":"2026-10-08T12:41:52.390Z","v":0,"logId":"01a11b88-cc06-737a-a910-fa5f44519dbe"}
{"name":"worker","pid":844,"phase":"INSTALL_PODS","buildId":"114e576c-7b66-4c0b-b583-a312a68da540","source":"stdout","level":30,"msg":"  - hermes-engine","time":"2026-10-08T12:41:52.390Z","v":0,"logId":"01a11b88-cc06-737a-a910-fa60f1b5208c"}
{"name":"worker","pid":844,"phase":"INSTALL_PODS","buildId":"114e576c-7b66-4c0b-b583-a312a68da540","source":"stdout","level":30,"msg":"  - react-native-maps","time":"2026-10-08T12:41:52.390Z","v":0,"logId":"01a11b88-cc06-737a-a910-fa61eefbea4e"}
{"name":"worker","pid":844,"phase":"INSTALL_PODS","buildId":"114e576c-7b66-4c0b-b583-a312a68da540","source":"stdout","level":30,"msg":"  - react-native-safe-area-context","time":"2026-10-08T12:41:52.390Z","v":0,"logId":"01a11b88-cc06-737a-a910-fa627d46237a"}
{"name":"worker","pid":844,"phase":"INSTALL_PODS","buildId":"114e576c-7b66-4c0b-b583-a312a68da540","source":"stdout","level":30,"msg":"  - react-native-view-shot","time":"2026-10-08T12:41:52.390Z","v":0,"logId":"01a11b88-cc06-737a-a910-fa63e0db135a"}
{"name":"worker","pid":844,"phase":"INSTALL_PODS","buildId":"114e576c-7b66-4c0b-b583-a312a68da540","source":"stdout","level":30,"msg":"  - react-native-webview","time":"2026-10-08T12:41:52.390Z","v":0,"logId":"01a11b88-cc06-737a-a910-fa64f6785618"}
{"name":"worker","pid":844,"phase":"INSTALL_PODS","buildId":"114e576c-7b66-4c0b-b583-a312a68da540","source":"stdout","level":30,"msg":"Fetching external sources","time":"2026-10-08T12:41:52.390Z","v":0,"logId":"01a11b88-cc06-737a-a910-fa6526d71f5e"}
{"name":"worker","pid":844,"phase":"INSTALL_PODS","buildId":"114e576c-7b66-4c0b-b583-a312a68da540","source":"stdout","level":30,"msg":"-> Fetching podspec for `EXConstants` from `../node_modules/expo/node_modules/expo-constants/ios`","time":"2026-10-08T12:41:52.390Z","v":0,"logId":"01a11b88-cc06-737a-a910-fa66f0d3efcd"}
{"name":"worker","pid":844,"phase":"INSTALL_PODS","buildId":"114e576c-7b66-4c0b-b583-a312a68da540","source":"stdout","level":30,"msg":"[Expo-precompiled] Bundled SPM frameworks: ZXingObjC","time":"2026-10-08T12:41:52.390Z","v":0,"logId":"01a11b88-cc06-737a-a910-fa671b6b59a6"}
{"name":"worker","pid":844,"phase":"INSTALL_PODS","buildId":"114e576c-7b66-4c0b-b583-a312a68da540","source":"stdout","level":30,"msg":"-> Fetching podspec for `Expo` from `../node_modules/expo`","time":"2026-10-08T12:41:52.390Z","v":0,"logId":"01a11b88-cc06-737a-a910-fa687fbddddd"}
{"name":"worker","pid":844,"phase":"INSTALL_PODS","buildId":"114e576c-7b66-4c0b-b583-a312a68da540","source":"stdout","level":30,"msg":"-> Fetching podspec for `ExpoAsset` from `../node_modules/expo/node_modules/expo-asset/ios`","time":"2026-10-08T12:41:52.418Z","v":0,"logId":"01a11b88-cc22-7152-acf7-ba214c997bfd"}
{"name":"worker","pid":844,"phase":"INSTALL_PODS","buildId":"114e576c-7b66-4c0b-b583-a312a68da540","source":"stdout","level":30,"msg":"-> Fetching podspec for `ExpoCamera` from `../node_modules/expo-camera/ios/ExpoCamera.podspec`","time":"2026-10-08T12:41:52.419Z","v":0,"logId":"01a11b88-cc23-748d-99cd-2f5d886ad694"}
{"name":"worker","pid":844,"phase":"INSTALL_PODS","buildId":"114e576c-7b66-4c0b-b583-a312a68da540","source":"stdout","level":30,"msg":"-> Fetching podspec for `ExpoCameraBarcodeScanning` from `../node_modules/expo-camera/ios/ExpoCameraBarcodeScanning.podspec`","time":"2026-10-08T12:41:52.422Z","v":0,"logId":"01a11b88-cc26-7e1a-9c9b-116368940bc7"}
{"name":"worker","pid":844,"phase":"INSTALL_PODS","buildId":"114e576c-7b66-4c0b-b583-a312a68da540","source":"stdout","level":30,"msg":"[Expo-precompiled] Stripping bundled dependency 'ZXingObjC/PDF417' from ExpoCameraBarcodeScanning","time":"2026-10-08T12:41:52.423Z","v":0,"logId":"01a11b88-cc27-780d-af2c-1ac98e2f2cb1"}
{"name":"worker","pid":844,"phase":"INSTALL_PODS","buildId":"114e576c-7b66-4c0b-b583-a312a68da540","source":"stdout","level":30,"msg":"[Expo-precompiled] Stripping bundled dependency 'ZXingObjC/OneD' from ExpoCameraBarcodeScanning","time":"2026-10-08T12:41:52.423Z","v":0,"logId":"01a11b88-cc27-780d-af2c-1aca16e5a6dd"}
{"name":"worker","pid":844,"phase":"INSTALL_PODS","buildId":"114e576c-7b66-4c0b-b583-a312a68da540","source":"stdout","level":30,"msg":"-> Fetching podspec for `ExpoDocumentPicker` from `../node_modules/expo-document-picker/ios`","time":"2026-10-08T12:41:52.423Z","v":0,"logId":"01a11b88-cc27-780d-af2c-1acb01fce879"}
{"name":"worker","pid":844,"phase":"INSTALL_PODS","buildId":"114e576c-7b66-4c0b-b583-a312a68da540","source":"stdout","level":30,"msg":"-> Fetching podspec for `ExpoDomWebView` from `../node_modules/expo/node_modules/@expo/dom-webview/ios`","time":"2026-10-08T12:41:52.423Z","v":0,"logId":"01a11b88-cc27-780d-af2c-1acc27cea191"}
{"name":"worker","pid":844,"phase":"INSTALL_PODS","buildId":"114e576c-7b66-4c0b-b583-a312a68da540","source":"stdout","level":30,"msg":"-> Fetching podspec for `ExpoFileSystem` from `../node_modules/expo/node_modules/expo-file-system/ios/ExpoFileSystem.podspec`","time":"2026-10-08T12:41:52.424Z","v":0,"logId":"01a11b88-cc28-7b13-bb15-59e04e1bc823"}
{"name":"worker","pid":844,"phase":"INSTALL_PODS","buildId":"114e576c-7b66-4c0b-b583-a312a68da540","source":"stdout","level":30,"msg":"-> Fetching podspec for `ExpoFont` from `../node_modules/expo-font/ios/ExpoFont.podspec`","time":"2026-10-08T12:41:52.426Z","v":0,"logId":"01a11b88-cc2a-7544-89c0-49c9e67977a7"}
{"name":"worker","pid":844,"phase":"INSTALL_PODS","buildId":"114e576c-7b66-4c0b-b583-a312a68da540","source":"stdout","level":30,"msg":"-> Fetching podspec for `ExpoImagePicker` from `../node_modules/expo-image-picker/ios`","time":"2026-10-08T12:41:52.427Z","v":0,"logId":"01a11b88-cc2b-76e0-bae7-04f198d22f3b"}
{"name":"worker","pid":844,"phase":"INSTALL_PODS","buildId":"114e576c-7b66-4c0b-b583-a312a68da540","source":"stdout","level":30,"msg":"-> Fetching podspec for `ExpoKeepAwake` from `../node_modules/expo/node_modules/expo-keep-awake/ios`","time":"2026-10-08T12:41:52.428Z","v":0,"logId":"01a11b88-cc2c-75ad-942a-07f52f823f4a"}
{"name":"worker","pid":844,"phase":"INSTALL_PODS","buildId":"114e576c-7b66-4c0b-b583-a312a68da540","source":"stdout","level":30,"msg":"-> Fetching podspec for `ExpoLocation` from `../node_modules/expo-location/ios/ExpoLocation.podspec`","time":"2026-10-08T12:41:52.429Z","v":0,"logId":"01a11b88-cc2d-736e-809e-89adc9bff40f"}
{"name":"worker","pid":844,"phase":"INSTALL_PODS","buildId":"114e576c-7b66-4c0b-b583-a312a68da540","source":"stdout","level":30,"msg":"-> Fetching podspec for `ExpoLogBox` from `../node_modules/expo/node_modules/@expo/log-box`","time":"2026-10-08T12:41:52.430Z","v":0,"logId":"01a11b88-cc2e-7995-bd48-cbde9b15cab3"}
{"name":"worker","pid":844,"phase":"INSTALL_PODS","buildId":"114e576c-7b66-4c0b-b583-a312a68da540","source":"stdout","level":30,"msg":"-> Fetching podspec for `ExpoModulesCore` from `../node_modules/expo/node_modules/expo-modules-core/ExpoModulesCore.podspec`","time":"2026-10-08T12:41:52.431Z","v":0,"logId":"01a11b88-cc2f-706b-a551-171c888083ce"}
{"name":"worker","pid":844,"phase":"INSTALL_PODS","buildId":"114e576c-7b66-4c0b-b583-a312a68da540","source":"stdout","level":30,"msg":"-> Fetching podspec for `ExpoModulesJSI` from `../node_modules/expo-modules-jsi/apple`","time":"2026-10-08T12:41:52.459Z","v":0,"logId":"01a11b88-cc4b-73f7-8c8a-df96c477cef1"}
{"name":"worker","pid":844,"phase":"INSTALL_PODS","buildId":"114e576c-7b66-4c0b-b583-a312a68da540","source":"stdout","level":30,"msg":"-> Fetching podspec for `ExpoModulesWorklets` from `../node_modules/expo/node_modules/expo-modules-core/ExpoModulesWorklets.podspec`","time":"2026-10-08T12:41:52.461Z","v":0,"logId":"01a11b88-cc4d-716c-a602-00b3607a05a9"}
{"name":"worker","pid":844,"phase":"INSTALL_PODS","buildId":"114e576c-7b66-4c0b-b583-a312a68da540","source":"stdout","level":30,"msg":"-> Fetching podspec for `ExpoTaskManager` from `../node_modules/expo-task-manager/ios`","time":"2026-10-08T12:41:52.463Z","v":0,"logId":"01a11b88-cc4f-7005-8c1f-c65c60f58182"}
{"name":"worker","pid":844,"phase":"INSTALL_PODS","buildId":"114e576c-7b66-4c0b-b583-a312a68da540","source":"stdout","level":30,"msg":"-> Fetching podspec for `FBLazyVector` from `../node_modules/react-native/Libraries/FBLazyVector`","time":"2026-10-08T12:41:52.464Z","v":0,"logId":"01a11b88-cc50-74db-8f13-4f22c2ff3454"}
{"name":"worker","pid":844,"phase":"INSTALL_PODS","buildId":"114e576c-7b66-4c0b-b583-a312a68da540","source":"stdout","level":30,"msg":"-> Fetching podspec for `RCTDeprecation` from `../node_modules/react-native/ReactApple/Libraries/RCTFoundation/RCTDeprecation`","time":"2026-10-08T12:41:52.464Z","v":0,"logId":"01a11b88-cc50-74db-8f13-4f23e8ba1d39"}
{"name":"worker","pid":844,"phase":"INSTALL_PODS","buildId":"114e576c-7b66-4c0b-b583-a312a68da540","source":"stdout","level":30,"msg":"-> Fetching podspec for `RCTRequired` from `../node_modules/react-native/Libraries/Required`","time":"2026-10-08T12:41:52.465Z","v":0,"logId":"01a11b88-cc51-7371-8a67-6a42e13a8009"}
{"name":"worker","pid":844,"phase":"INSTALL_PODS","buildId":"114e576c-7b66-4c0b-b583-a312a68da540","source":"stdout","level":30,"msg":"-> Fetching podspec for `RCTSwiftUI` from `../node_modules/react-native/ReactApple/RCTSwiftUI`","time":"2026-10-08T12:41:52.466Z","v":0,"logId":"01a11b88-cc52-7af4-a3ce-dfd2c9266334"}
{"name":"worker","pid":844,"phase":"INSTALL_PODS","buildId":"114e576c-7b66-4c0b-b583-a312a68da540","source":"stdout","level":30,"msg":"-> Fetching podspec for `RCTSwiftUIWrapper` from `../node_modules/react-native/ReactApple/RCTSwiftUIWrapper`","time":"2026-10-08T12:41:52.466Z","v":0,"logId":"01a11b88-cc52-7af4-a3ce-dfd3ac04089a"}
{"name":"worker","pid":844,"phase":"INSTALL_PODS","buildId":"114e576c-7b66-4c0b-b583-a312a68da540","source":"stdout","level":30,"msg":"-> Fetching podspec for `RCTTypeSafety` from `../node_modules/react-native/Libraries/TypeSafety`","time":"2026-10-08T12:41:52.467Z","v":0,"logId":"01a11b88-cc53-77c5-9308-bc7bb9bb6487"}
{"name":"worker","pid":844,"phase":"INSTALL_PODS","buildId":"114e576c-7b66-4c0b-b583-a312a68da540","source":"stdout","level":30,"msg":"-> Fetching podspec for `RNCAsyncStorage` from `../node_modules/@react-native-async-storage/async-storage`","time":"2026-10-08T12:41:52.468Z","v":0,"logId":"01a11b88-cc54-752b-849b-a046505cb0e2"}
{"name":"worker","pid":844,"phase":"INSTALL_PODS","buildId":"114e576c-7b66-4c0b-b583-a312a68da540","source":"stdout","level":30,"msg":"-> Fetching podspec for `RNDateTimePicker` from `../node_modules/@react-native-community/datetimepicker`","time":"2026-10-08T12:41:52.469Z","v":0,"logId":"01a11b88-cc55-7dba-a66e-28427b5090eb"}
{"name":"worker","pid":844,"phase":"INSTALL_PODS","buildId":"114e576c-7b66-4c0b-b583-a312a68da540","source":"stdout","level":30,"msg":"-> Fetching podspec for `RNSVG` from `../node_modules/react-native-svg`","time":"2026-10-08T12:41:52.470Z","v":0,"logId":"01a11b88-cc56-7719-8020-9c428edfa4e1"}
{"name":"worker","pid":844,"phase":"INSTALL_PODS","buildId":"114e576c-7b66-4c0b-b583-a312a68da540","source":"stdout","level":30,"msg":"-> Fetching podspec for `RNScreens` from `../node_modules/react-native-screens`","time":"2026-10-08T12:41:52.502Z","v":0,"logId":"01a11b88-cc76-713c-bcac-78b90df5a597"}
{"name":"worker","pid":844,"phase":"INSTALL_PODS","buildId":"114e576c-7b66-4c0b-b583-a312a68da540","source":"stdout","level":30,"msg":"-> Fetching podspec for `React` from `../node_modules/react-native/`","time":"2026-10-08T12:41:52.503Z","v":0,"logId":"01a11b88-cc77-7f34-ae49-f1f457faabdd"}
{"name":"worker","pid":844,"phase":"INSTALL_PODS","buildId":"114e576c-7b66-4c0b-b583-a312a68da540","source":"stdout","level":30,"msg":"-> Fetching podspec for `React-Core` from `../node_modules/react-native/`","time":"2026-10-08T12:41:52.505Z","v":0,"logId":"01a11b88-cc79-7e55-b748-d625aaa3f1ce"}
{"name":"worker","pid":844,"phase":"INSTALL_PODS","buildId":"114e576c-7b66-4c0b-b583-a312a68da540","source":"stdout","level":30,"msg":"-> Fetching podspec for `React-Core-prebuilt` from `../node_modules/react-native/React-Core-prebuilt.podspec`","time":"2026-10-08T12:41:52.508Z","v":0,"logId":"01a11b88-cc7c-7fa4-8b72-b79c3154716b"}
{"name":"worker","pid":844,"phase":"INSTALL_PODS","buildId":"114e576c-7b66-4c0b-b583-a312a68da540","source":"stdout","level":30,"msg":"[ReactNativeCore] Cache miss: downloading reactnative-core-0.86.3-debug.tar.gz from https://repo1.maven.org/maven2/com/facebook/react/react-native-artifacts/0.86.3/react-native-artifacts-0.86.3-reactnative-core-debug.tar.gz","time":"2026-10-08T12:41:52.514Z","v":0,"logId":"01a11b88-cc82-7b59-9fd1-5ea2f7953e6e"}
{"name":"worker","pid":844,"phase":"INSTALL_PODS","buildId":"114e576c-7b66-4c0b-b583-a312a68da540","source":"stderr","level":30,"msg":"% Total    % Received % Xferd  Average Speed   Time    Time     Time  Current","time":"2026-10-08T12:41:52.527Z","v":0,"logId":"01a11b88-cc8f-7f92-a8bd-77b35f184385"}
{"name":"worker","pid":844,"phase":"INSTALL_PODS","buildId":"114e576c-7b66-4c0b-b583-a312a68da540","source":"stderr","level":30,"msg":"Dload  Upload   Total   Spent    Left  Speed","time":"2026-10-08T12:41:52.527Z","v":0,"logId":"01a11b88-cc8f-7f92-a8bd-77b4c4800d5d"}
{"name":"worker","pid":844,"phase":"INSTALL_PODS","buildId":"114e576c-7b66-4c0b-b583-a312a68da540","source":"stderr","level":30,"msg":"\r  0     0    0     0    0     0      0      0 --:--:-- --:--:-- --:--:--     0","time":"2026-10-08T12:41:52.527Z","v":0,"logId":"01a11b88-cc8f-7f92-a8bd-77b59fcbbcc5"}
{"name":"worker","pid":844,"phase":"INSTALL_PODS","buildId":"114e576c-7b66-4c0b-b583-a312a68da540","source":"stderr","level":30,"msg":"0 94.2M    0 13305    0     0  73862      0  0:22:17 --:--:--  0:22:17 73508","time":"2026-10-08T12:41:52.707Z","v":0,"logId":"01a11b88-cd43-7b54-ae26-594f648022ca"}
{"name":"worker","pid":844,"phase":"INSTALL_PODS","buildId":"114e576c-7b66-4c0b-b583-a312a68da540","source":"stderr","level":30,"msg":"100 94.2M  100 94.2M    0     0   199M      0 --:--:-- --:--:-- --:--:--  199M","time":"2026-10-08T12:41:52.999Z","v":0,"logId":"01a11b88-ce67-79b1-afbc-bf3050d74632"}
{"name":"worker","pid":844,"phase":"INSTALL_PODS","buildId":"114e576c-7b66-4c0b-b583-a312a68da540","source":"stdout","level":30,"msg":"[ReactNativeCore] Verifying checksum for downloaded reactnative-core-0.86.3-debug.tar.gz...","time":"2026-10-08T12:41:53.002Z","v":0,"logId":"01a11b88-ce6a-78a3-9fe6-38f07672de71"}
{"name":"worker","pid":844,"phase":"INSTALL_PODS","buildId":"114e576c-7b66-4c0b-b583-a312a68da540","source":"stdout","level":30,"msg":"[Cache] SHA1 verified for reactnative-core-0.86.3-debug.tar.gz","time":"2026-10-08T12:41:53.064Z","v":0,"logId":"01a11b88-cea8-7eff-af93-71d19aacb92e"}
{"name":"worker","pid":844,"phase":"INSTALL_PODS","buildId":"114e576c-7b66-4c0b-b583-a312a68da540","source":"stdout","level":30,"msg":"[ReactNativeCore] Saved reactnative-core-0.86.3-debug.tar.gz to shared cache (/Users/expo/Library/Caches/ReactNative)","time":"2026-10-08T12:41:53.081Z","v":0,"logId":"01a11b88-ceb9-7de3-94bb-b871b21f6ea7"}
{"name":"worker","pid":844,"phase":"INSTALL_PODS","buildId":"114e576c-7b66-4c0b-b583-a312a68da540","source":"stdout","level":30,"msg":"[ReactNativeCore] Cache miss: downloading reactnative-core-0.86.3-release.tar.gz from https://repo1.maven.org/maven2/com/facebook/react/react-native-artifacts/0.86.3/react-native-artifacts-0.86.3-reactnative-core-release.tar.gz","time":"2026-10-08T12:41:53.086Z","v":0,"logId":"01a11b88-cebe-7d46-a424-d4fdacb3015d"}
{"name":"worker","pid":844,"phase":"INSTALL_PODS","buildId":"114e576c-7b66-4c0b-b583-a312a68da540","source":"stderr","level":30,"msg":"% Total    % Received % Xferd  Average Speed","time":"2026-10-08T12:41:53.099Z","v":0,"logId":"01a11b88-cecb-70e9-b263-d22955cd269d"}
{"name":"worker","pid":844,"phase":"INSTALL_PODS","buildId":"114e576c-7b66-4c0b-b583-a312a68da540","source":"stderr","level":30,"msg":"Time    Time     Time  Current","time":"2026-10-08T12:41:53.099Z","v":0,"logId":"01a11b88-cecb-70e9-b263-d22aea8474d0"}
{"name":"worker","pid":844,"phase":"INSTALL_PODS","buildId":"114e576c-7b66-4c0b-b583-a312a68da540","source":"stderr","level":30,"msg":"                                 Dload  Upload   Total   Spent    Left  Speed","time":"2026-10-08T12:41:53.099Z","v":0,"logId":"01a11b88-cecb-70e9-b263-d22b40f4be23"}
{"name":"worker","pid":844,"phase":"INSTALL_PODS","buildId":"114e576c-7b66-4c0b-b583-a312a68da540","source":"stderr","level":30,"msg":"\r  0     0    0     0    0     0      0      0 --:--:-- --:--:-- --:--:--     0","time":"2026-10-08T12:41:53.099Z","v":0,"logId":"01a11b88-cecb-70e9-b263-d22c354f0150"}
{"name":"worker","pid":844,"phase":"INSTALL_PODS","buildId":"114e576c-7b66-4c0b-b583-a312a68da540","source":"stderr","level":30,"msg":"100 29.5M  100 29.5M    0     0   193M      0 --:--:-- --:--:-- --:--:--  194M","time":"2026-10-08T12:41:53.251Z","v":0,"logId":"01a11b88-cf63-7a88-8d37-a955f2ddac5a"}
{"name":"worker","pid":844,"phase":"INSTALL_PODS","buildId":"114e576c-7b66-4c0b-b583-a312a68da540","source":"stdout","level":30,"msg":"[ReactNativeCore] Verifying checksum for downloaded reactnative-core-0.86.3-release.tar.gz...","time":"2026-10-08T12:41:53.254Z","v":0,"logId":"01a11b88-cf66-7c26-8941-c03d506bbeb3"}
{"name":"worker","pid":844,"phase":"INSTALL_PODS","buildId":"114e576c-7b66-4c0b-b583-a312a68da540","source":"stdout","level":30,"msg":"[Cache] SHA1 verified for reactnative-core-0.86.3-release.tar.gz","time":"2026-10-08T12:41:53.286Z","v":0,"logId":"01a11b88-cf86-78c0-ba22-451ff35a81da"}
{"name":"worker","pid":844,"phase":"INSTALL_PODS","buildId":"114e576c-7b66-4c0b-b583-a312a68da540","source":"stdout","level":30,"msg":"[ReactNativeCore] Saved reactnative-core-0.86.3-release.tar.gz to shared cache (/Users/expo/Library/Caches/ReactNative)","time":"2026-10-08T12:41:53.295Z","v":0,"logId":"01a11b88-cf8f-7307-b9b7-5edab7252a21"}
{"name":"worker","pid":844,"phase":"INSTALL_PODS","buildId":"114e576c-7b66-4c0b-b583-a312a68da540","source":"stdout","level":30,"msg":"[ReactNativeCore] Resolved stable ReactNativeCore-prebuilt version:","time":"2026-10-08T12:41:53.295Z","v":0,"logId":"01a11b88-cf8f-7307-b9b7-5edbe02d5c76"}
{"name":"worker","pid":844,"phase":"INSTALL_PODS","buildId":"114e576c-7b66-4c0b-b583-a312a68da540","source":"stdout","level":30,"msg":"[ReactNativeCore]   ../../ios/Pods/ReactNativeCore-artifacts/reactnative-core-0.86.3-debug.tar.gz","time":"2026-10-08T12:41:53.295Z","v":0,"logId":"01a11b88-cf8f-7307-b9b7-5edcc69a7fd2"}
{"name":"worker","pid":844,"phase":"INSTALL_PODS","buildId":"114e576c-7b66-4c0b-b583-a312a68da540","source":"stdout","level":30,"msg":"[ReactNativeCore]   ../../ios/Pods/ReactNativeCore-artifacts/reactnative-core-0.86.3-release.tar.gz","time":"2026-10-08T12:41:53.295Z","v":0,"logId":"01a11b88-cf8f-7307-b9b7-5edd25fe67db"}
{"name":"worker","pid":844,"phase":"INSTALL_PODS","buildId":"114e576c-7b66-4c0b-b583-a312a68da540","source":"stdout","level":30,"msg":"-> Fetching podspec for `React-CoreModules` from `../node_modules/react-native/React/CoreModules`","time":"2026-10-08T12:41:53.297Z","v":0,"logId":"01a11b88-cf91-7959-b93a-45277676764a"}
{"name":"worker","pid":844,"phase":"INSTALL_PODS","buildId":"114e576c-7b66-4c0b-b583-a312a68da540","source":"stdout","level":30,"msg":"-> Fetching podspec for `React-Fabric` from `../node_modules/react-native/ReactCommon`","time":"2026-10-08T12:41:53.298Z","v":0,"logId":"01a11b88-cf92-75fb-bd2b-ccb82be5940f"}
{"name":"worker","pid":844,"phase":"INSTALL_PODS","buildId":"114e576c-7b66-4c0b-b583-a312a68da540","source":"stdout","level":30,"msg":"-> Fetching podspec for `React-FabricComponents` from `../node_modules/react-native/ReactCommon`","time":"2026-10-08T12:41:53.304Z","v":0,"logId":"01a11b88-cf98-7fd5-831f-34a5c9af2a59"}
{"name":"worker","pid":844,"phase":"INSTALL_PODS","buildId":"114e576c-7b66-4c0b-b583-a312a68da540","source":"stdout","level":30,"msg":"-> Fetching podspec for `React-FabricImage` from `../node_modules/react-native/ReactCommon`","time":"2026-10-08T12:41:53.307Z","v":0,"logId":"01a11b88-cf9b-7470-b89d-f28aa4b2ec77"}
{"name":"worker","pid":844,"phase":"INSTALL_PODS","buildId":"114e576c-7b66-4c0b-b583-a312a68da540","source":"stdout","level":30,"msg":"-> Fetching podspec for `React-ImageManager` from `../node_modules/react-native/ReactCommon/react/renderer/imagemanager/platform/ios`","time":"2026-10-08T12:41:53.308Z","v":0,"logId":"01a11b88-cf9c-7dd9-8dec-3efbde29bc78"}
{"name":"worker","pid":844,"phase":"INSTALL_PODS","buildId":"114e576c-7b66-4c0b-b583-a312a68da540","source":"stdout","level":30,"msg":"-> Fetching podspec for `React-Mapbuffer` from `../node_modules/react-native/ReactCommon`","time":"2026-10-08T12:41:53.309Z","v":0,"logId":"01a11b88-cf9d-7c9f-87ce-9884d1ca4fd0"}
{"name":"worker","pid":844,"phase":"INSTALL_PODS","buildId":"114e576c-7b66-4c0b-b583-a312a68da540","source":"stdout","level":30,"msg":"-> Fetching podspec for `React-NativeModulesApple` from `../node_modules/react-native/ReactCommon/react/nativemodule/core/platform/ios`","time":"2026-10-08T12:41:53.309Z","v":0,"logId":"01a11b88-cf9d-7c9f-87ce-988590edbf20"}
{"name":"worker","pid":844,"phase":"INSTALL_PODS","buildId":"114e576c-7b66-4c0b-b583-a312a68da540","source":"stdout","level":30,"msg":"-> Fetching podspec for `React-RCTActionSheet` from `../node_modules/react-native/Libraries/ActionSheetIOS`","time":"2026-10-08T12:41:53.310Z","v":0,"logId":"01a11b88-cf9e-7a8e-aed6-2bd5ffa8113e"}
{"name":"worker","pid":844,"phase":"INSTALL_PODS","buildId":"114e576c-7b66-4c0b-b583-a312a68da540","source":"stdout","level":30,"msg":"-> Fetching podspec for `React-RCTAnimation` from `../node_modules/react-native/Libraries/NativeAnimation`","time":"2026-10-08T12:41:53.311Z","v":0,"logId":"01a11b88-cf9f-7e29-ab15-c651866fe428"}
{"name":"worker","pid":844,"phase":"INSTALL_PODS","buildId":"114e576c-7b66-4c0b-b583-a312a68da540","source":"stdout","level":30,"msg":"-> Fetching podspec for `React-RCTAppDelegate` from `../node_modules/react-native/Libraries/AppDelegate`","time":"2026-10-08T12:41:53.311Z","v":0,"logId":"01a11b88-cf9f-7e29-ab15-c6526066b0b4"}
{"name":"worker","pid":844,"phase":"INSTALL_PODS","buildId":"114e576c-7b66-4c0b-b583-a312a68da540","source":"stdout","level":30,"msg":"-> Fetching podspec for `React-RCTBlob` from `../node_modules/react-native/Libraries/Blob`","time":"2026-10-08T12:41:53.312Z","v":0,"logId":"01a11b88-cfa0-7773-8baa-7ef495957423"}
{"name":"worker","pid":844,"phase":"INSTALL_PODS","buildId":"114e576c-7b66-4c0b-b583-a312a68da540","source":"stdout","level":30,"msg":"-> Fetching podspec for `React-RCTFBReactNativeSpec` from `../node_modules/react-native/React`","time":"2026-10-08T12:41:53.313Z","v":0,"logId":"01a11b88-cfa1-7a24-9e2d-f6393ece26e8"}
{"name":"worker","pid":844,"phase":"INSTALL_PODS","buildId":"114e576c-7b66-4c0b-b583-a312a68da540","source":"stdout","level":30,"msg":"-> Fetching podspec for `React-RCTFabric` from `../node_modules/react-native/React`","time":"2026-10-08T12:41:53.314Z","v":0,"logId":"01a11b88-cfa2-7850-a545-f36270ad49fa"}
{"name":"worker","pid":844,"phase":"INSTALL_PODS","buildId":"114e576c-7b66-4c0b-b583-a312a68da540","source":"stdout","level":30,"msg":"-> Fetching podspec for `React-RCTImage` from `../node_modules/react-native/Libraries/Image`","time":"2026-10-08T12:41:53.315Z","v":0,"logId":"01a11b88-cfa3-7112-8cad-27520549092b"}
{"name":"worker","pid":844,"phase":"INSTALL_PODS","buildId":"114e576c-7b66-4c0b-b583-a312a68da540","source":"stdout","level":30,"msg":"-> Fetching podspec for `React-RCTLinking` from `../node_modules/react-native/Libraries/LinkingIOS`","time":"2026-10-08T12:41:53.316Z","v":0,"logId":"01a11b88-cfa4-7e84-8568-6052084dcf8b"}
{"name":"worker","pid":844,"phase":"INSTALL_PODS","buildId":"114e576c-7b66-4c0b-b583-a312a68da540","source":"stdout","level":30,"msg":"-> Fetching podspec for `React-RCTNetwork` from `../node_modules/react-native/Libraries/Network`","time":"2026-10-08T12:41:53.317Z","v":0,"logId":"01a11b88-cfa5-7bf9-ab4f-b17e4837c878"}
{"name":"worker","pid":844,"phase":"INSTALL_PODS","buildId":"114e576c-7b66-4c0b-b583-a312a68da540","source":"stdout","level":30,"msg":"-> Fetching podspec for `React-RCTRuntime` from `../node_modules/react-native/React/Runtime`","time":"2026-10-08T12:41:53.317Z","v":0,"logId":"01a11b88-cfa5-7bf9-ab4f-b17f06749bcb"}
{"name":"worker","pid":844,"phase":"INSTALL_PODS","buildId":"114e576c-7b66-4c0b-b583-a312a68da540","source":"stdout","level":30,"msg":"-> Fetching podspec for `React-RCTSettings` from `../node_modules/react-native/Libraries/Settings`","time":"2026-10-08T12:41:53.318Z","v":0,"logId":"01a11b88-cfa6-7287-896e-fff5145db45b"}
{"name":"worker","pid":844,"phase":"INSTALL_PODS","buildId":"114e576c-7b66-4c0b-b583-a312a68da540","source":"stdout","level":30,"msg":"-> Fetching podspec for `React-RCTText` from `../node_modules/react-native/Libraries/Text`","time":"2026-10-08T12:41:53.319Z","v":0,"logId":"01a11b88-cfa7-7e7d-91eb-fd46f8c5ce89"}
{"name":"worker","pid":844,"phase":"INSTALL_PODS","buildId":"114e576c-7b66-4c0b-b583-a312a68da540","source":"stdout","level":30,"msg":"-> Fetching podspec for `React-RCTVibration` from `../node_modules/react-native/Libraries/Vibration`","time":"2026-10-08T12:41:53.319Z","v":0,"logId":"01a11b88-cfa7-7e7d-91eb-fd470368e260"}
{"name":"worker","pid":844,"phase":"INSTALL_PODS","buildId":"114e576c-7b66-4c0b-b583-a312a68da540","source":"stdout","level":30,"msg":"-> Fetching podspec for `React-RuntimeApple` from `../node_modules/react-native/ReactCommon/react/runtime/platform/ios`","time":"2026-10-08T12:41:53.320Z","v":0,"logId":"01a11b88-cfa8-7fd6-a659-38da674efd36"}
{"name":"worker","pid":844,"phase":"INSTALL_PODS","buildId":"114e576c-7b66-4c0b-b583-a312a68da540","source":"stdout","level":30,"msg":"-> Fetching podspec for `React-RuntimeCore` from `../node_modules/react-native/ReactCommon/react/runtime`","time":"2026-10-08T12:41:53.321Z","v":0,"logId":"01a11b88-cfa9-7bde-9f03-3f41d8a1c08b"}
{"name":"worker","pid":844,"phase":"INSTALL_PODS","buildId":"114e576c-7b66-4c0b-b583-a312a68da540","source":"stdout","level":30,"msg":"-> Fetching podspec for `React-RuntimeHermes` from `../node_modules/react-native/ReactCommon/react/runtime`","time":"2026-10-08T12:41:53.322Z","v":0,"logId":"01a11b88-cfaa-7e03-b4a3-99edc4861e57"}
{"name":"worker","pid":844,"phase":"INSTALL_PODS","buildId":"114e576c-7b66-4c0b-b583-a312a68da540","source":"stdout","level":30,"msg":"-> Fetching podspec for `React-callinvoker` from `../node_modules/react-native/ReactCommon/callinvoker`","time":"2026-10-08T12:41:53.322Z","v":0,"logId":"01a11b88-cfaa-7e03-b4a3-99ee81ddd7ab"}
{"name":"worker","pid":844,"phase":"INSTALL_PODS","buildId":"114e576c-7b66-4c0b-b583-a312a68da540","source":"stdout","level":30,"msg":"-> Fetching podspec for `React-cxxreact` from `../node_modules/react-native/ReactCommon/cxxreact`","time":"2026-10-08T12:41:53.323Z","v":0,"logId":"01a11b88-cfab-7e8f-86a0-ae4d3c87b954"}
{"name":"worker","pid":844,"phase":"INSTALL_PODS","buildId":"114e576c-7b66-4c0b-b583-a312a68da540","source":"stdout","level":30,"msg":"-> Fetching podspec for `React-debug` from `../node_modules/react-native/ReactCommon/react/debug`","time":"2026-10-08T12:41:53.324Z","v":0,"logId":"01a11b88-cfac-7cb8-a4ee-4216203f2ad4"}
{"name":"worker","pid":844,"phase":"INSTALL_PODS","buildId":"114e576c-7b66-4c0b-b583-a312a68da540","source":"stdout","level":30,"msg":"-> Fetching podspec for `React-defaultsnativemodule` from `../node_modules/react-native/ReactCommon/react/nativemodule/defaults`","time":"2026-10-08T12:41:53.324Z","v":0,"logId":"01a11b88-cfac-7cb8-a4ee-42175692f9df"}
{"name":"worker","pid":844,"phase":"INSTALL_PODS","buildId":"114e576c-7b66-4c0b-b583-a312a68da540","source":"stdout","level":30,"msg":"-> Fetching podspec for `React-domnativemodule` from `../node_modules/react-native/ReactCommon/react/nativemodule/dom`","time":"2026-10-08T12:41:53.325Z","v":0,"logId":"01a11b88-cfad-7a91-947d-c6afd698915a"}
{"name":"worker","pid":844,"phase":"INSTALL_PODS","buildId":"114e576c-7b66-4c0b-b583-a312a68da540","source":"stdout","level":30,"msg":"-> Fetching podspec for `React-featureflags` from `../node_modules/react-native/ReactCommon/react/featureflags`","time":"2026-10-08T12:41:53.326Z","v":0,"logId":"01a11b88-cfae-7d96-a617-1d5bf8b2ba0a"}
{"name":"worker","pid":844,"phase":"INSTALL_PODS","buildId":"114e576c-7b66-4c0b-b583-a312a68da540","source":"stdout","level":30,"msg":"-> Fetching podspec for `React-featureflagsnativemodule` from `../node_modules/react-native/ReactCommon/react/nativemodule/featureflags`","time":"2026-10-08T12:41:53.326Z","v":0,"logId":"01a11b88-cfae-7d96-a617-1d5ceb7179fd"}
{"name":"worker","pid":844,"phase":"INSTALL_PODS","buildId":"114e576c-7b66-4c0b-b583-a312a68da540","source":"stdout","level":30,"msg":"-> Fetching podspec for `React-graphics` from `../node_modules/react-native/ReactCommon/react/renderer/graphics`","time":"2026-10-08T12:41:53.327Z","v":0,"logId":"01a11b88-cfaf-7337-a730-6dbd454b1f89"}
{"name":"worker","pid":844,"phase":"INSTALL_PODS","buildId":"114e576c-7b66-4c0b-b583-a312a68da540","source":"stdout","level":30,"msg":"-> Fetching podspec for `React-hermes` from `../node_modules/react-native/ReactCommon/hermes`","time":"2026-10-08T12:41:53.328Z","v":0,"logId":"01a11b88-cfb0-7248-810e-398e159a5a96"}
{"name":"worker","pid":844,"phase":"INSTALL_PODS","buildId":"114e576c-7b66-4c0b-b583-a312a68da540","source":"stdout","level":30,"msg":"-> Fetching podspec for `React-idlecallbacksnativemodule` from `../node_modules/react-native/ReactCommon/react/nativemodule/idlecallbacks`","time":"2026-10-08T12:41:53.328Z","v":0,"logId":"01a11b88-cfb0-7248-810e-398f8c003a6d"}
{"name":"worker","pid":844,"phase":"INSTALL_PODS","buildId":"114e576c-7b66-4c0b-b583-a312a68da540","source":"stdout","level":30,"msg":"-> Fetching podspec for `React-intersectionobservernativemodule` from `../node_modules/react-native/ReactCommon/react/nativemodule/intersectionobserver`","time":"2026-10-08T12:41:53.329Z","v":0,"logId":"01a11b88-cfb1-7972-be89-377e78e5dc56"}
{"name":"worker","pid":844,"phase":"INSTALL_PODS","buildId":"114e576c-7b66-4c0b-b583-a312a68da540","source":"stdout","level":30,"msg":"-> Fetching podspec for `React-jserrorhandler` from `../node_modules/react-native/ReactCommon/jserrorhandler`","time":"2026-10-08T12:41:53.330Z","v":0,"logId":"01a11b88-cfb2-7e12-a708-50288cbfad07"}
{"name":"worker","pid":844,"phase":"INSTALL_PODS","buildId":"114e576c-7b66-4c0b-b583-a312a68da540","source":"stdout","level":30,"msg":"-> Fetching podspec for `React-jsi` from `../node_modules/react-native/ReactCommon/jsi`","time":"2026-10-08T12:41:53.330Z","v":0,"logId":"01a11b88-cfb2-7e12-a708-502951eb9672"}
{"name":"worker","pid":844,"phase":"INSTALL_PODS","buildId":"114e576c-7b66-4c0b-b583-a312a68da540","source":"stdout","level":30,"msg":"-> Fetching podspec for `React-jsiexecutor` from `../node_modules/react-native/ReactCommon/jsiexecutor`","time":"2026-10-08T12:41:53.331Z","v":0,"logId":"01a11b88-cfb3-772a-a346-44609d5689f6"}
{"name":"worker","pid":844,"phase":"INSTALL_PODS","buildId":"114e576c-7b66-4c0b-b583-a312a68da540","source":"stdout","level":30,"msg":"-> Fetching podspec for `React-jsinspector` from `../node_modules/react-native/ReactCommon/jsinspector-modern`","time":"2026-10-08T12:41:53.331Z","v":0,"logId":"01a11b88-cfb3-772a-a346-4461d2ade137"}
{"name":"worker","pid":844,"phase":"INSTALL_PODS","buildId":"114e576c-7b66-4c0b-b583-a312a68da540","source":"stdout","level":30,"msg":"-> Fetching podspec for `React-jsinspectorcdp` from `../node_modules/react-native/ReactCommon/jsinspector-modern/cdp`","time":"2026-10-08T12:41:53.332Z","v":0,"logId":"01a11b88-cfb4-7b9d-8f12-219e08240aeb"}
{"name":"worker","pid":844,"phase":"INSTALL_PODS","buildId":"114e576c-7b66-4c0b-b583-a312a68da540","source":"stdout","level":30,"msg":"-> Fetching podspec for `React-jsinspectornetwork` from `../node_modules/react-native/ReactCommon/jsinspector-modern/network`","time":"2026-10-08T12:41:53.333Z","v":0,"logId":"01a11b88-cfb5-7a49-8c14-b8f30a0d8d6b"}
{"name":"worker","pid":844,"phase":"INSTALL_PODS","buildId":"114e576c-7b66-4c0b-b583-a312a68da540","source":"stdout","level":30,"msg":"-> Fetching podspec for `React-jsinspectortracing` from `../node_modules/react-native/ReactCommon/jsinspector-modern/tracing`","time":"2026-10-08T12:41:53.333Z","v":0,"logId":"01a11b88-cfb5-7a49-8c14-b8f483e652ae"}
{"name":"worker","pid":844,"phase":"INSTALL_PODS","buildId":"114e576c-7b66-4c0b-b583-a312a68da540","source":"stdout","level":30,"msg":"-> Fetching podspec for `React-jsitooling` from `../node_modules/react-native/ReactCommon/jsitooling`","time":"2026-10-08T12:41:53.334Z","v":0,"logId":"01a11b88-cfb6-7a1f-a368-74cd26c7d5ad"}
{"name":"worker","pid":844,"phase":"INSTALL_PODS","buildId":"114e576c-7b66-4c0b-b583-a312a68da540","source":"stdout","level":30,"msg":"-> Fetching podspec for `React-jsitracing` from `../node_modules/react-native/ReactCommon/hermes/executor/`","time":"2026-10-08T12:41:53.335Z","v":0,"logId":"01a11b88-cfb7-7612-9aa1-34cea61b631e"}
{"name":"worker","pid":844,"phase":"INSTALL_PODS","buildId":"114e576c-7b66-4c0b-b583-a312a68da540","source":"stdout","level":30,"msg":"-> Fetching podspec for `React-logger` from `../node_modules/react-native/ReactCommon/logger`","time":"2026-10-08T12:41:53.335Z","v":0,"logId":"01a11b88-cfb8-7462-b629-69506af6142d"}
{"name":"worker","pid":844,"phase":"INSTALL_PODS","buildId":"114e576c-7b66-4c0b-b583-a312a68da540","source":"stdout","level":30,"msg":"-> Fetching podspec for `React-microtasksnativemodule` from `../node_modules/react-native/ReactCommon/react/nativemodule/microtasks`","time":"2026-10-08T12:41:53.336Z","v":0,"logId":"01a11b88-cfb8-7462-b629-695134d60ac3"}
{"name":"worker","pid":844,"phase":"INSTALL_PODS","buildId":"114e576c-7b66-4c0b-b583-a312a68da540","source":"stdout","level":30,"msg":"-> Fetching podspec for `React-mutationobservernativemodule` from `../node_modules/react-native/ReactCommon/react/nativemodule/mutationobserver`","time":"2026-10-08T12:41:53.337Z","v":0,"logId":"01a11b88-cfb9-7912-a6fc-7e28688c96a2"}
{"name":"worker","pid":844,"phase":"INSTALL_PODS","buildId":"114e576c-7b66-4c0b-b583-a312a68da540","source":"stdout","level":30,"msg":"-> Fetching podspec for `React-networking` from `../node_modules/react-native/ReactCommon/react/networking`","time":"2026-10-08T12:41:53.338Z","v":0,"logId":"01a11b88-cfba-727b-aa5e-752715a2d036"}
{"name":"worker","pid":844,"phase":"INSTALL_PODS","buildId":"114e576c-7b66-4c0b-b583-a312a68da540","source":"stdout","level":30,"msg":"-> Fetching podspec for `React-oscompat` from `../node_modules/react-native/ReactCommon/oscompat`","time":"2026-10-08T12:41:53.338Z","v":0,"logId":"01a11b88-cfba-727b-aa5e-75289d5aed95"}
{"name":"worker","pid":844,"phase":"INSTALL_PODS","buildId":"114e576c-7b66-4c0b-b583-a312a68da540","source":"stdout","level":30,"msg":"-> Fetching podspec for `React-perflogger` from `../node_modules/react-native/ReactCommon/reactperflogger`","time":"2026-10-08T12:41:53.339Z","v":0,"logId":"01a11b88-cfbb-7843-86a6-f863ec03c703"}
{"name":"worker","pid":844,"phase":"INSTALL_PODS","buildId":"114e576c-7b66-4c0b-b583-a312a68da540","source":"stdout","level":30,"msg":"-> Fetching podspec for `React-performancecdpmetrics` from `../node_modules/react-native/ReactCommon/react/performance/cdpmetrics`","time":"2026-10-08T12:41:53.339Z","v":0,"logId":"01a11b88-cfbb-7843-86a6-f86427bbba6a"}
{"name":"worker","pid":844,"phase":"INSTALL_PODS","buildId":"114e576c-7b66-4c0b-b583-a312a68da540","source":"stdout","level":30,"msg":"-> Fetching podspec for `React-performancetimeline` from `../node_modules/react-native/ReactCommon/react/performance/timeline`","time":"2026-10-08T12:41:53.340Z","v":0,"logId":"01a11b88-cfbc-7349-9c53-626ef6049c38"}
{"name":"worker","pid":844,"phase":"INSTALL_PODS","buildId":"114e576c-7b66-4c0b-b583-a312a68da540","source":"stdout","level":30,"msg":"-> Fetching podspec for `React-rendererconsistency` from `../node_modules/react-native/ReactCommon/react/renderer/consistency`","time":"2026-10-08T12:41:53.340Z","v":0,"logId":"01a11b88-cfbd-76ad-9767-e53af589299e"}
{"name":"worker","pid":844,"phase":"INSTALL_PODS","buildId":"114e576c-7b66-4c0b-b583-a312a68da540","source":"stdout","level":30,"msg":"-> Fetching podspec for `React-renderercss` from `../node_modules/react-native/ReactCommon/react/renderer/css`","time":"2026-10-08T12:41:53.341Z","v":0,"logId":"01a11b88-cfbd-76ad-9767-e53bec5a4fce"}
{"name":"worker","pid":844,"phase":"INSTALL_PODS","buildId":"114e576c-7b66-4c0b-b583-a312a68da540","source":"stdout","level":30,"msg":"-> Fetching podspec for `React-rendererdebug` from `../node_modules/react-native/ReactCommon/react/renderer/debug`","time":"2026-10-08T12:41:53.342Z","v":0,"logId":"01a11b88-cfbe-7bef-a3a4-b0f1262e7666"}
{"name":"worker","pid":844,"phase":"INSTALL_PODS","buildId":"114e576c-7b66-4c0b-b583-a312a68da540","source":"stdout","level":30,"msg":"-> Fetching podspec for `React-runtimeexecutor` from `../node_modules/react-native/ReactCommon/runtimeexecutor`","time":"2026-10-08T12:41:53.342Z","v":0,"logId":"01a11b88-cfbe-7bef-a3a4-b0f26c4aafa8"}
{"name":"worker","pid":844,"phase":"INSTALL_PODS","buildId":"114e576c-7b66-4c0b-b583-a312a68da540","source":"stdout","level":30,"msg":"-> Fetching podspec for `React-runtimescheduler` from `../node_modules/react-native/ReactCommon/react/renderer/runtimescheduler`","time":"2026-10-08T12:41:53.343Z","v":0,"logId":"01a11b88-cfbf-761b-a7ec-dda6d393cbe3"}
{"name":"worker","pid":844,"phase":"INSTALL_PODS","buildId":"114e576c-7b66-4c0b-b583-a312a68da540","source":"stdout","level":30,"msg":"-> Fetching podspec for `React-timing` from `../node_modules/react-native/ReactCommon/react/timing`","time":"2026-10-08T12:41:53.344Z","v":0,"logId":"01a11b88-cfc0-745b-bd20-eef5d01fa0b5"}
{"name":"worker","pid":844,"phase":"INSTALL_PODS","buildId":"114e576c-7b66-4c0b-b583-a312a68da540","source":"stdout","level":30,"msg":"-> Fetching podspec for `React-utils` from `../node_modules/react-native/ReactCommon/react/utils`","time":"2026-10-08T12:41:53.344Z","v":0,"logId":"01a11b88-cfc0-745b-bd20-eef6f855f48f"}
{"name":"worker","pid":844,"phase":"INSTALL_PODS","buildId":"114e576c-7b66-4c0b-b583-a312a68da540","source":"stdout","level":30,"msg":"-> Fetching podspec for `React-viewtransitionnativemodule` from `../node_modules/react-native/ReactCommon/react/nativemodule/viewtransition`","time":"2026-10-08T12:41:53.345Z","v":0,"logId":"01a11b88-cfc1-7649-8f03-d74633e72a50"}
{"name":"worker","pid":844,"phase":"INSTALL_PODS","buildId":"114e576c-7b66-4c0b-b583-a312a68da540","source":"stdout","level":30,"msg":"-> Fetching podspec for `React-webperformancenativemodule` from `../node_modules/react-native/ReactCommon/react/nativemodule/webperformance`","time":"2026-10-08T12:41:53.346Z","v":0,"logId":"01a11b88-cfc2-7f89-a004-c152e20457d9"}
{"name":"worker","pid":844,"phase":"INSTALL_PODS","buildId":"114e576c-7b66-4c0b-b583-a312a68da540","source":"stdout","level":30,"msg":"-> Fetching podspec for `ReactAppDependencyProvider` from `build/generated/ios/ReactAppDependencyProvider`","time":"2026-10-08T12:41:53.346Z","v":0,"logId":"01a11b88-cfc2-7f89-a004-c1537c5711f3"}
{"name":"worker","pid":844,"phase":"INSTALL_PODS","buildId":"114e576c-7b66-4c0b-b583-a312a68da540","source":"stdout","level":30,"msg":"-> Fetching podspec for `ReactCodegen` from `build/generated/ios/ReactCodegen`","time":"2026-10-08T12:41:53.347Z","v":0,"logId":"01a11b88-cfc3-7d4b-b195-869ff0068ed6"}
{"name":"worker","pid":844,"phase":"INSTALL_PODS","buildId":"114e576c-7b66-4c0b-b583-a312a68da540","source":"stdout","level":30,"msg":"-> Fetching podspec for `ReactCommon` from `../node_modules/react-native/ReactCommon`","time":"2026-10-08T12:41:53.348Z","v":0,"logId":"01a11b88-cfc4-7f08-ba18-d80ef03d555c"}
{"name":"worker","pid":844,"phase":"INSTALL_PODS","buildId":"114e576c-7b66-4c0b-b583-a312a68da540","source":"stdout","level":30,"msg":"-> Fetching podspec for `ReactNativeDependencies` from `../node_modules/react-native/third-party-podspecs/ReactNativeDependencies.podspec`","time":"2026-10-08T12:41:53.349Z","v":0,"logId":"01a11b88-cfc5-7c99-b18c-556368527c6b"}
{"name":"worker","pid":844,"phase":"INSTALL_PODS","buildId":"114e576c-7b66-4c0b-b583-a312a68da540","source":"stdout","level":30,"msg":"  $ /Users/expo/.nvm/versions/node/v22.23.1/bin/node -p require.resolve(     \"react-native\",     {paths: [process.argv[1]]},     ) /Users/expo/workingdir/build/node_modules/react-native/third-party-podspecs","time":"2026-10-08T12:41:53.349Z","v":0,"logId":"01a11b88-cfc5-7c99-b18c-5564161b7762"}
{"name":"worker","pid":844,"phase":"INSTALL_PODS","buildId":"114e576c-7b66-4c0b-b583-a312a68da540","source":"stdout","level":30,"msg":"/Users/expo/workingdir/build/node_modules/react-native/index.js","time":"2026-10-08T12:41:53.383Z","v":0,"logId":"01a11b88-cfe7-7380-a805-251f9e7ad875"}
{"name":"worker","pid":844,"phase":"INSTALL_PODS","buildId":"114e576c-7b66-4c0b-b583-a312a68da540","source":"stdout","level":30,"msg":"[ReactNativeDependencies] Using tarball from URL: https://repo1.maven.org/maven2/com/facebook/react/react-native-artifacts/0.86.3/react-native-artifacts-0.86.3-reactnative-dependencies-debug.tar.gz","time":"2026-10-08T12:41:53.383Z","v":0,"logId":"01a11b88-cfe7-7380-a805-252010988873"}
{"name":"worker","pid":844,"phase":"INSTALL_PODS","buildId":"114e576c-7b66-4c0b-b583-a312a68da540","source":"stdout","level":30,"msg":"[ReactNativeDependencies] Tarball reactnative-dependencies-0.86.3-debug.tar.gz already exists in Pods. Skipping download.","time":"2026-10-08T12:41:53.384Z","v":0,"logId":"01a11b88-cfe8-71f6-a75f-ea8e88f0c24b"}
{"name":"worker","pid":844,"phase":"INSTALL_PODS","buildId":"114e576c-7b66-4c0b-b583-a312a68da540","source":"stdout","level":30,"msg":"[ReactNativeDependencies] Tarball reactnative-dependencies-0.86.3-release.tar.gz already exists in Pods. Skipping download.","time":"2026-10-08T12:41:53.384Z","v":0,"logId":"01a11b88-cfe8-71f6-a75f-ea8f3697f203"}
{"name":"worker","pid":844,"phase":"INSTALL_PODS","buildId":"114e576c-7b66-4c0b-b583-a312a68da540","source":"stdout","level":30,"msg":"-> Fetching podspec for `UMAppLoader` from `../node_modules/unimodules-app-loader/ios`","time":"2026-10-08T12:41:53.384Z","v":0,"logId":"01a11b88-cfe8-71f6-a75f-ea90ee435506"}
{"name":"worker","pid":844,"phase":"INSTALL_PODS","buildId":"114e576c-7b66-4c0b-b583-a312a68da540","source":"stdout","level":30,"msg":"-> Fetching podspec for `Yoga` from `../node_modules/react-native/ReactCommon/yoga`","time":"2026-10-08T12:41:53.386Z","v":0,"logId":"01a11b88-cfea-7980-af6e-e5b41117c017"}
{"name":"worker","pid":844,"phase":"INSTALL_PODS","buildId":"114e576c-7b66-4c0b-b583-a312a68da540","source":"stdout","level":30,"msg":"-> Fetching podspec for `hermes-engine` from `../node_modules/react-native/sdks/hermes-engine/hermes-engine.podspec`","time":"2026-10-08T12:41:53.387Z","v":0,"logId":"01a11b88-cfeb-7473-bd36-d4323b764cab"}
{"name":"worker","pid":844,"phase":"INSTALL_PODS","buildId":"114e576c-7b66-4c0b-b583-a312a68da540","source":"stdout","level":30,"msg":"  $ /Users/expo/.nvm/versions/node/v22.23.1/bin/node -p require.resolve(     \"react-native\",     {paths: [process.argv[1]]},     ) /Users/expo/workingdir/build/node_modules/react-native/sdks/hermes-engine","time":"2026-10-08T12:41:53.387Z","v":0,"logId":"01a11b88-cfeb-7473-bd36-d433ba06c1a6"}
{"name":"worker","pid":844,"phase":"INSTALL_PODS","buildId":"114e576c-7b66-4c0b-b583-a312a68da540","source":"stdout","level":30,"msg":"/Users/expo/workingdir/build/node_modules/react-native/index.js","time":"2026-10-08T12:41:53.422Z","v":0,"logId":"01a11b88-d00e-7465-b22b-3c6714ef92ed"}
{"name":"worker","pid":844,"phase":"INSTALL_PODS","buildId":"114e576c-7b66-4c0b-b583-a312a68da540","source":"stdout","level":30,"msg":"[Hermes] Using release tarball from URL: https://repo1.maven.org/maven2/com/facebook/hermes/hermes-ios/250829098.0.17/hermes-ios-250829098.0.17-hermes-ios-debug.tar.gz","time":"2026-10-08T12:41:53.438Z","v":0,"logId":"01a11b88-d01e-75a8-a7bc-61c869251018"}
{"name":"worker","pid":844,"phase":"INSTALL_PODS","buildId":"114e576c-7b66-4c0b-b583-a312a68da540","source":"stdout","level":30,"msg":"[Hermes] Cache miss: downloading hermes-ios-250829098.0.17-debug.tar.gz from https://repo1.maven.org/maven2/com/facebook/hermes/hermes-ios/250829098.0.17/hermes-ios-250829098.0.17-hermes-ios-debug.tar.gz","time":"2026-10-08T12:41:53.442Z","v":0,"logId":"01a11b88-d022-7846-838b-24e472317c9c"}
{"name":"worker","pid":844,"phase":"INSTALL_PODS","buildId":"114e576c-7b66-4c0b-b583-a312a68da540","source":"stderr","level":30,"msg":"% Total    % Received % Xferd  Average Speed   Time","time":"2026-10-08T12:41:53.454Z","v":0,"logId":"01a11b88-d02e-7a50-8758-9aefa0c6474d"}
{"name":"worker","pid":844,"phase":"INSTALL_PODS","buildId":"114e576c-7b66-4c0b-b583-a312a68da540","source":"stderr","level":30,"msg":"Time     Time  Current","time":"2026-10-08T12:41:53.454Z","v":0,"logId":"01a11b88-d02e-7a50-8758-9af0e040cf5d"}
{"name":"worker","pid":844,"phase":"INSTALL_PODS","buildId":"114e576c-7b66-4c0b-b583-a312a68da540","source":"stderr","level":30,"msg":"                                 Dload  Upload   Total   Spent    Left  Speed","time":"2026-10-08T12:41:53.454Z","v":0,"logId":"01a11b88-d02e-7a50-8758-9af1e0ea831e"}
{"name":"worker","pid":844,"phase":"INSTALL_PODS","buildId":"114e576c-7b66-4c0b-b583-a312a68da540","source":"stderr","level":30,"msg":"\r  0     0    0     0    0     0      0      0 --:--:-- --:--:-- --:--:--     0","time":"2026-10-08T12:41:53.454Z","v":0,"logId":"01a11b88-d02e-7a50-8758-9af23881d1fa"}
{"name":"worker","pid":844,"phase":"INSTALL_PODS","buildId":"114e576c-7b66-4c0b-b583-a312a68da540","source":"stderr","level":30,"msg":"100 31.2M  100 31.2M    0     0   212M      0 --:--:-- --:--:-- -","time":"2026-10-08T12:41:53.601Z","v":0,"logId":"01a11b88-d0c1-7e13-a67a-d3935103e8f8"}
{"name":"worker","pid":844,"phase":"INSTALL_PODS","buildId":"114e576c-7b66-4c0b-b583-a312a68da540","source":"stderr","level":30,"msg":"-:--:--  213M","time":"2026-10-08T12:41:53.601Z","v":0,"logId":"01a11b88-d0c2-776a-9c30-c3e1750969c8"}
{"name":"worker","pid":844,"phase":"INSTALL_PODS","buildId":"114e576c-7b66-4c0b-b583-a312a68da540","source":"stdout","level":30,"msg":"[Hermes] Verifying checksum for downloaded hermes-ios-250829098.0.17-debug.tar.gz...","time":"2026-10-08T12:41:53.605Z","v":0,"logId":"01a11b88-d0c5-7db4-8399-27af86704cab"}
{"name":"worker","pid":844,"phase":"INSTALL_PODS","buildId":"114e576c-7b66-4c0b-b583-a312a68da540","source":"stdout","level":30,"msg":"[Hermes] SHA1 verified for hermes-ios-250829098.0.17-debug.tar.gz","time":"2026-10-08T12:41:53.637Z","v":0,"logId":"01a11b88-d0e5-7e2d-a421-1756ef9c3a06"}
{"name":"worker","pid":844,"phase":"INSTALL_PODS","buildId":"114e576c-7b66-4c0b-b583-a312a68da540","source":"stdout","level":30,"msg":"[Hermes] Saved hermes-ios-250829098.0.17-debug.tar.gz to shared cache (/Users/expo/Library/Caches/ReactNative)","time":"2026-10-08T12:41:53.645Z","v":0,"logId":"01a11b88-d0ed-7c14-960e-b106c2b54389"}
{"name":"worker","pid":844,"phase":"INSTALL_PODS","buildId":"114e576c-7b66-4c0b-b583-a312a68da540","source":"stdout","level":30,"msg":"[Hermes] Cache miss: downloading hermes-ios-250829098.0.17-release.tar.gz from https://repo1.maven.org/maven2/com/facebook/hermes/hermes-ios/250829098.0.17/hermes-ios-250829098.0.17-hermes-ios-release.tar.gz","time":"2026-10-08T12:41:53.651Z","v":0,"logId":"01a11b88-d0f3-7b7d-82c6-bbe71be4fefb"}
{"name":"worker","pid":844,"phase":"INSTALL_PODS","buildId":"114e576c-7b66-4c0b-b583-a312a68da540","source":"stderr","level":30,"msg":"% Total    % Received % Xferd  Av","time":"2026-10-08T12:41:53.663Z","v":0,"logId":"01a11b88-d0ff-7cb6-b059-2ab704239a9b"}
{"name":"worker","pid":844,"phase":"INSTALL_PODS","buildId":"114e576c-7b66-4c0b-b583-a312a68da540","source":"stderr","level":30,"msg":"erage Speed   Time    Time     Time  Current","time":"2026-10-08T12:41:53.663Z","v":0,"logId":"01a11b88-d0ff-7cb6-b059-2ab8b8fb5d30"}
{"name":"worker","pid":844,"phase":"INSTALL_PODS","buildId":"114e576c-7b66-4c0b-b583-a312a68da540","source":"stderr","level":30,"msg":"                                 Dload  Upload   Total   Spent    Left  Speed","time":"2026-10-08T12:41:53.663Z","v":0,"logId":"01a11b88-d0ff-7cb6-b059-2ab9e1af9b03"}
{"name":"worker","pid":844,"phase":"INSTALL_PODS","buildId":"114e576c-7b66-4c0b-b583-a312a68da540","source":"stderr","level":30,"msg":"\r  0     0    0     0    0     0      0      0 --:--:-- --:--:-- --:--:--     0","time":"2026-10-08T12:41:53.663Z","v":0,"logId":"01a11b88-d0ff-7cb6-b059-2aba69eba359"}
{"name":"worker","pid":844,"phase":"INSTALL_PODS","buildId":"114e576c-7b66-4c0b-b583-a312a68da540","source":"stderr","level":30,"msg":"100 24.3M  100 24.3M    0     0   158M      0 --:--:-- --:--:-- --:--:--","time":"2026-10-08T12:41:53.817Z","v":0,"logId":"01a11b88-d199-7d0e-884c-1de1a7b666d1"}
{"name":"worker","pid":844,"phase":"INSTALL_PODS","buildId":"114e576c-7b66-4c0b-b583-a312a68da540","source":"stderr","level":30,"msg":"159M","time":"2026-10-08T12:41:53.818Z","v":0,"logId":"01a11b88-d19a-787d-9a99-181474f5c804"}
{"name":"worker","pid":844,"phase":"INSTALL_PODS","buildId":"114e576c-7b66-4c0b-b583-a312a68da540","source":"stdout","level":30,"msg":"[Hermes] Verifying checksum for downloaded hermes-ios-250829098.0.17-release.tar.gz...","time":"2026-10-08T12:41:53.820Z","v":0,"logId":"01a11b88-d19c-70c8-9c2a-2f3c3b52447c"}
{"name":"worker","pid":844,"phase":"INSTALL_PODS","buildId":"114e576c-7b66-4c0b-b583-a312a68da540","source":"stdout","level":30,"msg":"[Hermes] SHA1 verified for hermes-ios-250829098.0.17-release.tar.gz","time":"2026-10-08T12:41:53.853Z","v":0,"logId":"01a11b88-d1bd-7036-b1ed-2aa02e3caa2c"}
{"name":"worker","pid":844,"phase":"INSTALL_PODS","buildId":"114e576c-7b66-4c0b-b583-a312a68da540","source":"stdout","level":30,"msg":"[Hermes] Saved hermes-ios-250829098.0.17-release.tar.gz to shared cache (/Users/expo/Library/Caches/ReactNative)","time":"2026-10-08T12:41:53.862Z","v":0,"logId":"01a11b88-d1c6-7c7e-ac55-d95f284cd657"}
{"name":"worker","pid":844,"phase":"INSTALL_PODS","buildId":"114e576c-7b66-4c0b-b583-a312a68da540","source":"stdout","level":30,"msg":"  $ /Users/expo/.nvm/versions/node/v22.23.1/bin/node -p require.resolve(\"hermes-compiler\", {paths: [\"/Users/expo/workingdir/build/node_modules/react-native\"]}) /Users/expo/workingdir/build/node_modules/react-native/sdks/hermes-engine","time":"2026-10-08T12:41:53.863Z","v":0,"logId":"01a11b88-d1c7-72e9-8b6c-a7274f3a5d18"}
{"name":"worker","pid":844,"phase":"INSTALL_PODS","buildId":"114e576c-7b66-4c0b-b583-a312a68da540","source":"stdout","level":30,"msg":"/Users/expo/workingdir/build/node_modules/hermes-compiler/index.js","time":"2026-10-08T12:41:53.897Z","v":0,"logId":"01a11b88-d1e9-7e0d-9167-635003add96c"}
{"name":"worker","pid":844,"phase":"INSTALL_PODS","buildId":"114e576c-7b66-4c0b-b583-a312a68da540","source":"stdout","level":30,"msg":"-> Fetching podspec for `react-native-maps` from `../node_modules/react-native-maps`","time":"2026-10-08T12:41:53.906Z","v":0,"logId":"01a11b88-d1f2-7c20-a929-10d966ff405d"}
{"name":"worker","pid":844,"phase":"INSTALL_PODS","buildId":"114e576c-7b66-4c0b-b583-a312a68da540","source":"stdout","level":30,"msg":"-> Fetching podspec for `react-native-safe-area-context` from `../node_modules/react-native-safe-area-context`","time":"2026-10-08T12:41:53.913Z","v":0,"logId":"01a11b88-d1f9-72ae-90f0-ab53e8cc10b6"}
{"name":"worker","pid":844,"phase":"INSTALL_PODS","buildId":"114e576c-7b66-4c0b-b583-a312a68da540","source":"stdout","level":30,"msg":"-> Fetching podspec for `react-native-view-shot` from `../node_modules/react-native-view-shot`","time":"2026-10-08T12:41:53.920Z","v":0,"logId":"01a11b88-d200-7530-9201-ac51354cdeab"}
{"name":"worker","pid":844,"phase":"INSTALL_PODS","buildId":"114e576c-7b66-4c0b-b583-a312a68da540","source":"stdout","level":30,"msg":"-> Fetching podspec for `react-native-webview` from `../node_modules/react-native-webview`","time":"2026-10-08T12:41:53.921Z","v":0,"logId":"01a11b88-d201-784f-b951-373434787ed6"}
{"name":"worker","pid":844,"phase":"INSTALL_PODS","buildId":"114e576c-7b66-4c0b-b583-a312a68da540","source":"stdout","level":30,"msg":"Resolving dependencies of `Podfile`","time":"2026-10-08T12:41:54.555Z","v":0,"logId":"01a11b88-d47b-7f71-b98a-ef994de1c83a"}
{"name":"worker","pid":844,"phase":"INSTALL_PODS","buildId":"114e576c-7b66-4c0b-b583-a312a68da540","source":"stdout","level":30,"msg":"Adding spec repo `trunk` with CDN `https://cdn.cocoapods.org/`","time":"2026-10-08T12:41:54.556Z","v":0,"logId":"01a11b88-d47c-7b99-9573-64b529e6e80d"}
{"name":"worker","pid":844,"phase":"INSTALL_PODS","buildId":"114e576c-7b66-4c0b-b583-a312a68da540","source":"stdout","level":30,"msg":"  CDN: trunk Relative path downloaded: CocoaPods-version.yml, save ETag: \"6ac78777-38\"","time":"2026-10-08T12:41:54.556Z","v":0,"logId":"01a11b88-d47c-7b99-9573-64b60f927d5a"}
{"name":"worker","pid":844,"phase":"INSTALL_PODS","buildId":"114e576c-7b66-4c0b-b583-a312a68da540","source":"stdout","level":30,"msg":"  CDN: trunk Relative path: CocoaPods-version.yml exists! Returning local because checking is only performed in repo update","time":"2026-10-08T12:41:54.556Z","v":0,"logId":"01a11b88-d47c-7b99-9573-64b7dc06acec"}
{"name":"worker","pid":844,"phase":"INSTALL_PODS","buildId":"114e576c-7b66-4c0b-b583-a312a68da540","source":"stdout","level":30,"msg":"Comparing resolved specification to the sandbox manifest","time":"2026-10-08T12:41:54.556Z","v":0,"logId":"01a11b88-d47c-7b99-9573-64b8d88db777"}
{"name":"worker","pid":844,"phase":"INSTALL_PODS","buildId":"114e576c-7b66-4c0b-b583-a312a68da540","source":"stdout","level":30,"msg":"  A EXConstants","time":"2026-10-08T12:41:54.556Z","v":0,"logId":"01a11b88-d47c-7b99-9573-64b979bb99f4"}
{"name":"worker","pid":844,"phase":"INSTALL_PODS","buildId":"114e576c-7b66-4c0b-b583-a312a68da540","source":"stdout","level":30,"msg":"  A Expo","time":"2026-10-08T12:41:54.556Z","v":0,"logId":"01a11b88-d47c-7b99-9573-64ba4c2c69d8"}
{"name":"worker","pid":844,"phase":"INSTALL_PODS","buildId":"114e576c-7b66-4c0b-b583-a312a68da540","source":"stdout","level":30,"msg":"  A ExpoAsset","time":"2026-10-08T12:41:54.556Z","v":0,"logId":"01a11b88-d47c-7b99-9573-64bb270abf1a"}
{"name":"worker","pid":844,"phase":"INSTALL_PODS","buildId":"114e576c-7b66-4c0b-b583-a312a68da540","source":"stdout","level":30,"msg":"  A ExpoCamera","time":"2026-10-08T12:41:54.556Z","v":0,"logId":"01a11b88-d47c-7b99-9573-64bcaf222092"}
{"name":"worker","pid":844,"phase":"INSTALL_PODS","buildId":"114e576c-7b66-4c0b-b583-a312a68da540","source":"stdout","level":30,"msg":"  A ExpoCameraBarcodeScanning","time":"2026-10-08T12:41:54.556Z","v":0,"logId":"01a11b88-d47c-7b99-9573-64bd3760d824"}
{"name":"worker","pid":844,"phase":"INSTALL_PODS","buildId":"114e576c-7b66-4c0b-b583-a312a68da540","source":"stdout","level":30,"msg":"  A ExpoDocumentPicker","time":"2026-10-08T12:41:54.556Z","v":0,"logId":"01a11b88-d47c-7b99-9573-64be55831eac"}
{"name":"worker","pid":844,"phase":"INSTALL_PODS","buildId":"114e576c-7b66-4c0b-b583-a312a68da540","source":"stdout","level":30,"msg":"  A ExpoDomWebView","time":"2026-10-08T12:41:54.556Z","v":0,"logId":"01a11b88-d47c-7b99-9573-64bff145d649"}
{"name":"worker","pid":844,"phase":"INSTALL_PODS","buildId":"114e576c-7b66-4c0b-b583-a312a68da540","source":"stdout","level":30,"msg":"  A ExpoFileSystem","time":"2026-10-08T12:41:54.556Z","v":0,"logId":"01a11b88-d47c-7b99-9573-64c094735335"}
{"name":"worker","pid":844,"phase":"INSTALL_PODS","buildId":"114e576c-7b66-4c0b-b583-a312a68da540","source":"stdout","level":30,"msg":"  A ExpoFont","time":"2026-10-08T12:41:54.556Z","v":0,"logId":"01a11b88-d47c-7b99-9573-64c185913dd1"}
{"name":"worker","pid":844,"phase":"INSTALL_PODS","buildId":"114e576c-7b66-4c0b-b583-a312a68da540","source":"stdout","level":30,"msg":"  A ExpoImagePicker","time":"2026-10-08T12:41:54.556Z","v":0,"logId":"01a11b88-d47c-7b99-9573-64c278b14a5f"}
{"name":"worker","pid":844,"phase":"INSTALL_PODS","buildId":"114e576c-7b66-4c0b-b583-a312a68da540","source":"stdout","level":30,"msg":"  A ExpoKeepAwake","time":"2026-10-08T12:41:54.556Z","v":0,"logId":"01a11b88-d47c-7b99-9573-64c38313ba5f"}
{"name":"worker","pid":844,"phase":"INSTALL_PODS","buildId":"114e576c-7b66-4c0b-b583-a312a68da540","source":"stdout","level":30,"msg":"  A ExpoLocation","time":"2026-10-08T12:41:54.556Z","v":0,"logId":"01a11b88-d47c-7b99-9573-64c4f50c0f50"}
{"name":"worker","pid":844,"phase":"INSTALL_PODS","buildId":"114e576c-7b66-4c0b-b583-a312a68da540","source":"stdout","level":30,"msg":"  A ExpoLogBox","time":"2026-10-08T12:41:54.556Z","v":0,"logId":"01a11b88-d47c-7b99-9573-64c50c469a00"}
{"name":"worker","pid":844,"phase":"INSTALL_PODS","buildId":"114e576c-7b66-4c0b-b583-a312a68da540","source":"stdout","level":30,"msg":"  A ExpoModulesCore","time":"2026-10-08T12:41:54.556Z","v":0,"logId":"01a11b88-d47c-7b99-9573-64c6f2306b3d"}
{"name":"worker","pid":844,"phase":"INSTALL_PODS","buildId":"114e576c-7b66-4c0b-b583-a312a68da540","source":"stdout","level":30,"msg":"  A ExpoModulesJSI","time":"2026-10-08T12:41:54.556Z","v":0,"logId":"01a11b88-d47c-7b99-9573-64c7fb59212d"}
{"name":"worker","pid":844,"phase":"INSTALL_PODS","buildId":"114e576c-7b66-4c0b-b583-a312a68da540","source":"stdout","level":30,"msg":"  A ExpoModulesWorklets","time":"2026-10-08T12:41:54.556Z","v":0,"logId":"01a11b88-d47c-7b99-9573-64c812cd1389"}
{"name":"worker","pid":844,"phase":"INSTALL_PODS","buildId":"114e576c-7b66-4c0b-b583-a312a68da540","source":"stdout","level":30,"msg":"  A ExpoTaskManager","time":"2026-10-08T12:41:54.556Z","v":0,"logId":"01a11b88-d47c-7b99-9573-64c9e27b0ebe"}
{"name":"worker","pid":844,"phase":"INSTALL_PODS","buildId":"114e576c-7b66-4c0b-b583-a312a68da540","source":"stdout","level":30,"msg":"  A FBLazyVector","time":"2026-10-08T12:41:54.556Z","v":0,"logId":"01a11b88-d47c-7b99-9573-64cae1ef913a"}
{"name":"worker","pid":844,"phase":"INSTALL_PODS","buildId":"114e576c-7b66-4c0b-b583-a312a68da540","source":"stdout","level":30,"msg":"  A RCTDeprecation","time":"2026-10-08T12:41:54.556Z","v":0,"logId":"01a11b88-d47c-7b99-9573-64cb3d7d599d"}
{"name":"worker","pid":844,"phase":"INSTALL_PODS","buildId":"114e576c-7b66-4c0b-b583-a312a68da540","source":"stdout","level":30,"msg":"  A RCTRequired","time":"2026-10-08T12:41:54.556Z","v":0,"logId":"01a11b88-d47c-7b99-9573-64cc274338e2"}
{"name":"worker","pid":844,"phase":"INSTALL_PODS","buildId":"114e576c-7b66-4c0b-b583-a312a68da540","source":"stdout","level":30,"msg":"  A RCTSwiftUI","time":"2026-10-08T12:41:54.556Z","v":0,"logId":"01a11b88-d47c-7b99-9573-64cd9aa56053"}
{"name":"worker","pid":844,"phase":"INSTALL_PODS","buildId":"114e576c-7b66-4c0b-b583-a312a68da540","source":"stdout","level":30,"msg":"  A RCTSwiftUIWrapper","time":"2026-10-08T12:41:54.556Z","v":0,"logId":"01a11b88-d47c-7b99-9573-64ce425a1a85"}
{"name":"worker","pid":844,"phase":"INSTALL_PODS","buildId":"114e576c-7b66-4c0b-b583-a312a68da540","source":"stdout","level":30,"msg":"  A RCTTypeSafety","time":"2026-10-08T12:41:54.556Z","v":0,"logId":"01a11b88-d47c-7b99-9573-64cfc173e92b"}
{"name":"worker","pid":844,"phase":"INSTALL_PODS","buildId":"114e576c-7b66-4c0b-b583-a312a68da540","source":"stdout","level":30,"msg":"  A RNCAsyncStorage","time":"2026-10-08T12:41:54.556Z","v":0,"logId":"01a11b88-d47c-7b99-9573-64d074bbbafe"}
{"name":"worker","pid":844,"phase":"INSTALL_PODS","buildId":"114e576c-7b66-4c0b-b583-a312a68da540","source":"stdout","level":30,"msg":"  A RNDateTimePicker","time":"2026-10-08T12:41:54.556Z","v":0,"logId":"01a11b88-d47c-7b99-9573-64d1bddf5eaf"}
{"name":"worker","pid":844,"phase":"INSTALL_PODS","buildId":"114e576c-7b66-4c0b-b583-a312a68da540","source":"stdout","level":30,"msg":"  A RNSVG","time":"2026-10-08T12:41:54.556Z","v":0,"logId":"01a11b88-d47c-7b99-9573-64d28136f514"}
{"name":"worker","pid":844,"phase":"INSTALL_PODS","buildId":"114e576c-7b66-4c0b-b583-a312a68da540","source":"stdout","level":30,"msg":"  A RNScreens","time":"2026-10-08T12:41:54.556Z","v":0,"logId":"01a11b88-d47c-7b99-9573-64d3044a4d1e"}
{"name":"worker","pid":844,"phase":"INSTALL_PODS","buildId":"114e576c-7b66-4c0b-b583-a312a68da540","source":"stdout","level":30,"msg":"  A React","time":"2026-10-08T12:41:54.556Z","v":0,"logId":"01a11b88-d47c-7b99-9573-64d4c30383e7"}
{"name":"worker","pid":844,"phase":"INSTALL_PODS","buildId":"114e576c-7b66-4c0b-b583-a312a68da540","source":"stdout","level":30,"msg":"  A React-Core","time":"2026-10-08T12:41:54.556Z","v":0,"logId":"01a11b88-d47c-7b99-9573-64d568d302d4"}
{"name":"worker","pid":844,"phase":"INSTALL_PODS","buildId":"114e576c-7b66-4c0b-b583-a312a68da540","source":"stdout","level":30,"msg":"  A React-Core-prebuilt","time":"2026-10-08T12:41:54.556Z","v":0,"logId":"01a11b88-d47c-7b99-9573-64d6064faa5e"}
{"name":"worker","pid":844,"phase":"INSTALL_PODS","buildId":"114e576c-7b66-4c0b-b583-a312a68da540","source":"stdout","level":30,"msg":"  A React-CoreModules","time":"2026-10-08T12:41:54.556Z","v":0,"logId":"01a11b88-d47c-7b99-9573-64d7d2e73a5f"}
{"name":"worker","pid":844,"phase":"INSTALL_PODS","buildId":"114e576c-7b66-4c0b-b583-a312a68da540","source":"stdout","level":30,"msg":"  A React-Fabric","time":"2026-10-08T12:41:54.556Z","v":0,"logId":"01a11b88-d47c-7b99-9573-64d86b6b2ac5"}
{"name":"worker","pid":844,"phase":"INSTALL_PODS","buildId":"114e576c-7b66-4c0b-b583-a312a68da540","source":"stdout","level":30,"msg":"  A React-FabricComponents","time":"2026-10-08T12:41:54.556Z","v":0,"logId":"01a11b88-d47c-7b99-9573-64d9df2f7dbc"}
{"name":"worker","pid":844,"phase":"INSTALL_PODS","buildId":"114e576c-7b66-4c0b-b583-a312a68da540","source":"stdout","level":30,"msg":"  A React-FabricImage","time":"2026-10-08T12:41:54.556Z","v":0,"logId":"01a11b88-d47c-7b99-9573-64da86fb5560"}
{"name":"worker","pid":844,"phase":"INSTALL_PODS","buildId":"114e576c-7b66-4c0b-b583-a312a68da540","source":"stdout","level":30,"msg":"  A React-ImageManager","time":"2026-10-08T12:41:54.556Z","v":0,"logId":"01a11b88-d47c-7b99-9573-64dbea337244"}
{"name":"worker","pid":844,"phase":"INSTALL_PODS","buildId":"114e576c-7b66-4c0b-b583-a312a68da540","source":"stdout","level":30,"msg":"  A React-Mapbuffer","time":"2026-10-08T12:41:54.556Z","v":0,"logId":"01a11b88-d47c-7b99-9573-64dc65161320"}
{"name":"worker","pid":844,"phase":"INSTALL_PODS","buildId":"114e576c-7b66-4c0b-b583-a312a68da540","source":"stdout","level":30,"msg":"  A React-NativeModulesApple","time":"2026-10-08T12:41:54.556Z","v":0,"logId":"01a11b88-d47c-7b99-9573-64dd3d71a625"}
{"name":"worker","pid":844,"phase":"INSTALL_PODS","buildId":"114e576c-7b66-4c0b-b583-a312a68da540","source":"stdout","level":30,"msg":"  A React-RCTActionSheet","time":"2026-10-08T12:41:54.556Z","v":0,"logId":"01a11b88-d47c-7b99-9573-64deb41cc0cf"}
{"name":"worker","pid":844,"phase":"INSTALL_PODS","buildId":"114e576c-7b66-4c0b-b583-a312a68da540","source":"stdout","level":30,"msg":"  A React-RCTAnimation","time":"2026-10-08T12:41:54.557Z","v":0,"logId":"01a11b88-d47d-75f2-a3b8-2860c77dbb22"}
{"name":"worker","pid":844,"phase":"INSTALL_PODS","buildId":"114e576c-7b66-4c0b-b583-a312a68da540","source":"stdout","level":30,"msg":"  A React-RCTAppDelegate","time":"2026-10-08T12:41:54.557Z","v":0,"logId":"01a11b88-d47d-75f2-a3b8-2861f1071746"}
{"name":"worker","pid":844,"phase":"INSTALL_PODS","buildId":"114e576c-7b66-4c0b-b583-a312a68da540","source":"stdout","level":30,"msg":"  A React-RCTBlob","time":"2026-10-08T12:41:54.557Z","v":0,"logId":"01a11b88-d47d-75f2-a3b8-2862e30496d1"}
{"name":"worker","pid":844,"phase":"INSTALL_PODS","buildId":"114e576c-7b66-4c0b-b583-a312a68da540","source":"stdout","level":30,"msg":"  A React-RCTFBReactNativeSpec","time":"2026-10-08T12:41:54.557Z","v":0,"logId":"01a11b88-d47d-75f2-a3b8-2863b1d27c2b"}
{"name":"worker","pid":844,"phase":"INSTALL_PODS","buildId":"114e576c-7b66-4c0b-b583-a312a68da540","source":"stdout","level":30,"msg":"  A React-RCTFabric","time":"2026-10-08T12:41:54.557Z","v":0,"logId":"01a11b88-d47d-75f2-a3b8-286447129611"}
{"name":"worker","pid":844,"phase":"INSTALL_PODS","buildId":"114e576c-7b66-4c0b-b583-a312a68da540","source":"stdout","level":30,"msg":"  A React-RCTImage","time":"2026-10-08T12:41:54.557Z","v":0,"logId":"01a11b88-d47d-75f2-a3b8-2865b7b88434"}
{"name":"worker","pid":844,"phase":"INSTALL_PODS","buildId":"114e576c-7b66-4c0b-b583-a312a68da540","source":"stdout","level":30,"msg":"  A React-RCTLinking","time":"2026-10-08T12:41:54.557Z","v":0,"logId":"01a11b88-d47d-75f2-a3b8-2866cddbf19d"}
{"name":"worker","pid":844,"phase":"INSTALL_PODS","buildId":"114e576c-7b66-4c0b-b583-a312a68da540","source":"stdout","level":30,"msg":"  A React-RCTNetwork","time":"2026-10-08T12:41:54.557Z","v":0,"logId":"01a11b88-d47d-75f2-a3b8-2867764ae403"}
{"name":"worker","pid":844,"phase":"INSTALL_PODS","buildId":"114e576c-7b66-4c0b-b583-a312a68da540","source":"stdout","level":30,"msg":"  A React-RCTRuntime","time":"2026-10-08T12:41:54.557Z","v":0,"logId":"01a11b88-d47d-75f2-a3b8-28688445b7c5"}
{"name":"worker","pid":844,"phase":"INSTALL_PODS","buildId":"114e576c-7b66-4c0b-b583-a312a68da540","source":"stdout","level":30,"msg":"  A React-RCTSettings","time":"2026-10-08T12:41:54.557Z","v":0,"logId":"01a11b88-d47d-75f2-a3b8-286912ea9ceb"}
{"name":"worker","pid":844,"phase":"INSTALL_PODS","buildId":"114e576c-7b66-4c0b-b583-a312a68da540","source":"stdout","level":30,"msg":"  A React-RCTText","time":"2026-10-08T12:41:54.557Z","v":0,"logId":"01a11b88-d47d-75f2-a3b8-286a11d89878"}
{"name":"worker","pid":844,"phase":"INSTALL_PODS","buildId":"114e576c-7b66-4c0b-b583-a312a68da540","source":"stdout","level":30,"msg":"  A React-RCTVibration","time":"2026-10-08T12:41:54.557Z","v":0,"logId":"01a11b88-d47d-75f2-a3b8-286b3545846b"}
{"name":"worker","pid":844,"phase":"INSTALL_PODS","buildId":"114e576c-7b66-4c0b-b583-a312a68da540","source":"stdout","level":30,"msg":"  A React-RuntimeApple","time":"2026-10-08T12:41:54.557Z","v":0,"logId":"01a11b88-d47d-75f2-a3b8-286c7d150b19"}
{"name":"worker","pid":844,"phase":"INSTALL_PODS","buildId":"114e576c-7b66-4c0b-b583-a312a68da540","source":"stdout","level":30,"msg":"  A React-RuntimeCore","time":"2026-10-08T12:41:54.557Z","v":0,"logId":"01a11b88-d47d-75f2-a3b8-286d49b1e626"}
{"name":"worker","pid":844,"phase":"INSTALL_PODS","buildId":"114e576c-7b66-4c0b-b583-a312a68da540","source":"stdout","level":30,"msg":"  A React-RuntimeHermes","time":"2026-10-08T12:41:54.557Z","v":0,"logId":"01a11b88-d47d-75f2-a3b8-286e906e1b65"}
{"name":"worker","pid":844,"phase":"INSTALL_PODS","buildId":"114e576c-7b66-4c0b-b583-a312a68da540","source":"stdout","level":30,"msg":"  A React-callinvoker","time":"2026-10-08T12:41:54.557Z","v":0,"logId":"01a11b88-d47d-75f2-a3b8-286fd827a15f"}
{"name":"worker","pid":844,"phase":"INSTALL_PODS","buildId":"114e576c-7b66-4c0b-b583-a312a68da540","source":"stdout","level":30,"msg":"  A React-cxxreact","time":"2026-10-08T12:41:54.557Z","v":0,"logId":"01a11b88-d47d-75f2-a3b8-28708500fc06"}
{"name":"worker","pid":844,"phase":"INSTALL_PODS","buildId":"114e576c-7b66-4c0b-b583-a312a68da540","source":"stdout","level":30,"msg":"  A React-debug","time":"2026-10-08T12:41:54.557Z","v":0,"logId":"01a11b88-d47d-75f2-a3b8-2871a76c5828"}
{"name":"worker","pid":844,"phase":"INSTALL_PODS","buildId":"114e576c-7b66-4c0b-b583-a312a68da540","source":"stdout","level":30,"msg":"  A React-defaultsnativemodule","time":"2026-10-08T12:41:54.557Z","v":0,"logId":"01a11b88-d47d-75f2-a3b8-2872d5abe20d"}
{"name":"worker","pid":844,"phase":"INSTALL_PODS","buildId":"114e576c-7b66-4c0b-b583-a312a68da540","source":"stdout","level":30,"msg":"  A React-domnativemodule","time":"2026-10-08T12:41:54.557Z","v":0,"logId":"01a11b88-d47d-75f2-a3b8-287385195360"}
{"name":"worker","pid":844,"phase":"INSTALL_PODS","buildId":"114e576c-7b66-4c0b-b583-a312a68da540","source":"stdout","level":30,"msg":"  A React-featureflags","time":"2026-10-08T12:41:54.557Z","v":0,"logId":"01a11b88-d47d-75f2-a3b8-28747517eb3f"}
{"name":"worker","pid":844,"phase":"INSTALL_PODS","buildId":"114e576c-7b66-4c0b-b583-a312a68da540","source":"stdout","level":30,"msg":"  A React-featureflagsnativemodule","time":"2026-10-08T12:41:54.557Z","v":0,"logId":"01a11b88-d47d-75f2-a3b8-28754894d0c4"}
{"name":"worker","pid":844,"phase":"INSTALL_PODS","buildId":"114e576c-7b66-4c0b-b583-a312a68da540","source":"stdout","level":30,"msg":"  A React-graphics","time":"2026-10-08T12:41:54.557Z","v":0,"logId":"01a11b88-d47d-75f2-a3b8-2876b821dccd"}
{"name":"worker","pid":844,"phase":"INSTALL_PODS","buildId":"114e576c-7b66-4c0b-b583-a312a68da540","source":"stdout","level":30,"msg":"  A React-hermes","time":"2026-10-08T12:41:54.557Z","v":0,"logId":"01a11b88-d47d-75f2-a3b8-28774216250a"}
{"name":"worker","pid":844,"phase":"INSTALL_PODS","buildId":"114e576c-7b66-4c0b-b583-a312a68da540","source":"stdout","level":30,"msg":"  A React-idlecallbacksnativemodule","time":"2026-10-08T12:41:54.557Z","v":0,"logId":"01a11b88-d47d-75f2-a3b8-28786d18c3d6"}
{"name":"worker","pid":844,"phase":"INSTALL_PODS","buildId":"114e576c-7b66-4c0b-b583-a312a68da540","source":"stdout","level":30,"msg":"  A React-intersectionobservernativemodule","time":"2026-10-08T12:41:54.557Z","v":0,"logId":"01a11b88-d47d-75f2-a3b8-28791bcc3a22"}
{"name":"worker","pid":844,"phase":"INSTALL_PODS","buildId":"114e576c-7b66-4c0b-b583-a312a68da540","source":"stdout","level":30,"msg":"  A React-jserrorhandler","time":"2026-10-08T12:41:54.557Z","v":0,"logId":"01a11b88-d47d-75f2-a3b8-287ab084f0de"}
{"name":"worker","pid":844,"phase":"INSTALL_PODS","buildId":"114e576c-7b66-4c0b-b583-a312a68da540","source":"stdout","level":30,"msg":"  A React-jsi","time":"2026-10-08T12:41:54.557Z","v":0,"logId":"01a11b88-d47d-75f2-a3b8-287bdf97b31e"}
{"name":"worker","pid":844,"phase":"INSTALL_PODS","buildId":"114e576c-7b66-4c0b-b583-a312a68da540","source":"stdout","level":30,"msg":"  A React-jsiexecutor","time":"2026-10-08T12:41:54.557Z","v":0,"logId":"01a11b88-d47d-75f2-a3b8-287cb28613fd"}
{"name":"worker","pid":844,"phase":"INSTALL_PODS","buildId":"114e576c-7b66-4c0b-b583-a312a68da540","source":"stdout","level":30,"msg":"  A React-jsinspector","time":"2026-10-08T12:41:54.557Z","v":0,"logId":"01a11b88-d47d-75f2-a3b8-287dd31b2e9c"}
{"name":"worker","pid":844,"phase":"INSTALL_PODS","buildId":"114e576c-7b66-4c0b-b583-a312a68da540","source":"stdout","level":30,"msg":"  A React-jsinspectorcdp","time":"2026-10-08T12:41:54.557Z","v":0,"logId":"01a11b88-d47d-75f2-a3b8-287eba460f3d"}
{"name":"worker","pid":844,"phase":"INSTALL_PODS","buildId":"114e576c-7b66-4c0b-b583-a312a68da540","source":"stdout","level":30,"msg":"  A React-jsinspectornetwork","time":"2026-10-08T12:41:54.557Z","v":0,"logId":"01a11b88-d47d-75f2-a3b8-287fe20aa7b2"}
{"name":"worker","pid":844,"phase":"INSTALL_PODS","buildId":"114e576c-7b66-4c0b-b583-a312a68da540","source":"stdout","level":30,"msg":"  A React-jsinspectortracing","time":"2026-10-08T12:41:54.557Z","v":0,"logId":"01a11b88-d47d-75f2-a3b8-2880108e5001"}
{"name":"worker","pid":844,"phase":"INSTALL_PODS","buildId":"114e576c-7b66-4c0b-b583-a312a68da540","source":"stdout","level":30,"msg":"  A React-jsitooling","time":"2026-10-08T12:41:54.557Z","v":0,"logId":"01a11b88-d47d-75f2-a3b8-28815aafbd69"}
{"name":"worker","pid":844,"phase":"INSTALL_PODS","buildId":"114e576c-7b66-4c0b-b583-a312a68da540","source":"stdout","level":30,"msg":"  A React-jsitracing","time":"2026-10-08T12:41:54.557Z","v":0,"logId":"01a11b88-d47d-75f2-a3b8-288247708f28"}
{"name":"worker","pid":844,"phase":"INSTALL_PODS","buildId":"114e576c-7b66-4c0b-b583-a312a68da540","source":"stdout","level":30,"msg":"  A React-logger","time":"2026-10-08T12:41:54.557Z","v":0,"logId":"01a11b88-d47d-75f2-a3b8-28835c1d4ba5"}
{"name":"worker","pid":844,"phase":"INSTALL_PODS","buildId":"114e576c-7b66-4c0b-b583-a312a68da540","source":"stdout","level":30,"msg":"  A React-microtasksnativemodule","time":"2026-10-08T12:41:54.557Z","v":0,"logId":"01a11b88-d47d-75f2-a3b8-288410299de6"}
{"name":"worker","pid":844,"phase":"INSTALL_PODS","buildId":"114e576c-7b66-4c0b-b583-a312a68da540","source":"stdout","level":30,"msg":"  A React-mutationobservernativemodule","time":"2026-10-08T12:41:54.557Z","v":0,"logId":"01a11b88-d47d-75f2-a3b8-288517ae7efe"}
{"name":"worker","pid":844,"phase":"INSTALL_PODS","buildId":"114e576c-7b66-4c0b-b583-a312a68da540","source":"stdout","level":30,"msg":"  A React-networking","time":"2026-10-08T12:41:54.557Z","v":0,"logId":"01a11b88-d47d-75f2-a3b8-288680759143"}
{"name":"worker","pid":844,"phase":"INSTALL_PODS","buildId":"114e576c-7b66-4c0b-b583-a312a68da540","source":"stdout","level":30,"msg":"  A React-oscompat","time":"2026-10-08T12:41:54.557Z","v":0,"logId":"01a11b88-d47d-75f2-a3b8-288773fece61"}
{"name":"worker","pid":844,"phase":"INSTALL_PODS","buildId":"114e576c-7b66-4c0b-b583-a312a68da540","source":"stdout","level":30,"msg":"  A React-perflogger","time":"2026-10-08T12:41:54.557Z","v":0,"logId":"01a11b88-d47d-75f2-a3b8-2888346218d6"}
{"name":"worker","pid":844,"phase":"INSTALL_PODS","buildId":"114e576c-7b66-4c0b-b583-a312a68da540","source":"stdout","level":30,"msg":"  A React-performancecdpmetrics","time":"2026-10-08T12:41:54.557Z","v":0,"logId":"01a11b88-d47d-75f2-a3b8-2889a4297788"}
{"name":"worker","pid":844,"phase":"INSTALL_PODS","buildId":"114e576c-7b66-4c0b-b583-a312a68da540","source":"stdout","level":30,"msg":"  A React-performancetimeline","time":"2026-10-08T12:41:54.557Z","v":0,"logId":"01a11b88-d47d-75f2-a3b8-288ae87b2260"}
{"name":"worker","pid":844,"phase":"INSTALL_PODS","buildId":"114e576c-7b66-4c0b-b583-a312a68da540","source":"stdout","level":30,"msg":"  A React-rendererconsistency","time":"2026-10-08T12:41:54.557Z","v":0,"logId":"01a11b88-d47d-75f2-a3b8-288bed1bfdb3"}
{"name":"worker","pid":844,"phase":"INSTALL_PODS","buildId":"114e576c-7b66-4c0b-b583-a312a68da540","source":"stdout","level":30,"msg":"  A React-renderercss","time":"2026-10-08T12:41:54.557Z","v":0,"logId":"01a11b88-d47d-75f2-a3b8-288c649f94b9"}
{"name":"worker","pid":844,"phase":"INSTALL_PODS","buildId":"114e576c-7b66-4c0b-b583-a312a68da540","source":"stdout","level":30,"msg":"  A React-rendererdebug","time":"2026-10-08T12:41:54.557Z","v":0,"logId":"01a11b88-d47d-75f2-a3b8-288d13c96f75"}
{"name":"worker","pid":844,"phase":"INSTALL_PODS","buildId":"114e576c-7b66-4c0b-b583-a312a68da540","source":"stdout","level":30,"msg":"  A React-runtimeexecutor","time":"2026-10-08T12:41:54.557Z","v":0,"logId":"01a11b88-d47d-75f2-a3b8-288e53ff0007"}
{"name":"worker","pid":844,"phase":"INSTALL_PODS","buildId":"114e576c-7b66-4c0b-b583-a312a68da540","source":"stdout","level":30,"msg":"  A React-runtimescheduler","time":"2026-10-08T12:41:54.557Z","v":0,"logId":"01a11b88-d47d-75f2-a3b8-288fb2667d2f"}
{"name":"worker","pid":844,"phase":"INSTALL_PODS","buildId":"114e576c-7b66-4c0b-b583-a312a68da540","source":"stdout","level":30,"msg":"  A React-timing","time":"2026-10-08T12:41:54.557Z","v":0,"logId":"01a11b88-d47d-75f2-a3b8-28907ab7735b"}
{"name":"worker","pid":844,"phase":"INSTALL_PODS","buildId":"114e576c-7b66-4c0b-b583-a312a68da540","source":"stdout","level":30,"msg":"  A React-utils","time":"2026-10-08T12:41:54.557Z","v":0,"logId":"01a11b88-d47d-75f2-a3b8-2891a4101eac"}
{"name":"worker","pid":844,"phase":"INSTALL_PODS","buildId":"114e576c-7b66-4c0b-b583-a312a68da540","source":"stdout","level":30,"msg":"  A React-viewtransitionnativemodule","time":"2026-10-08T12:41:54.557Z","v":0,"logId":"01a11b88-d47d-75f2-a3b8-289265ae742e"}
{"name":"worker","pid":844,"phase":"INSTALL_PODS","buildId":"114e576c-7b66-4c0b-b583-a312a68da540","source":"stdout","level":30,"msg":"  A React-webperformancenativemodule","time":"2026-10-08T12:41:54.557Z","v":0,"logId":"01a11b88-d47d-75f2-a3b8-28937cd55be5"}
{"name":"worker","pid":844,"phase":"INSTALL_PODS","buildId":"114e576c-7b66-4c0b-b583-a312a68da540","source":"stdout","level":30,"msg":"  A ReactAppDependencyProvider","time":"2026-10-08T12:41:54.557Z","v":0,"logId":"01a11b88-d47d-75f2-a3b8-2894e1e30ac2"}
{"name":"worker","pid":844,"phase":"INSTALL_PODS","buildId":"114e576c-7b66-4c0b-b583-a312a68da540","source":"stdout","level":30,"msg":"  A ReactCodegen","time":"2026-10-08T12:41:54.557Z","v":0,"logId":"01a11b88-d47d-75f2-a3b8-28950591fd8b"}
{"name":"worker","pid":844,"phase":"INSTALL_PODS","buildId":"114e576c-7b66-4c0b-b583-a312a68da540","source":"stdout","level":30,"msg":"  A ReactCommon","time":"2026-10-08T12:41:54.557Z","v":0,"logId":"01a11b88-d47d-75f2-a3b8-289623f7a05d"}
{"name":"worker","pid":844,"phase":"INSTALL_PODS","buildId":"114e576c-7b66-4c0b-b583-a312a68da540","source":"stdout","level":30,"msg":"  A ReactNativeDependencies","time":"2026-10-08T12:41:54.557Z","v":0,"logId":"01a11b88-d47d-75f2-a3b8-28973820d3bb"}
{"name":"worker","pid":844,"phase":"INSTALL_PODS","buildId":"114e576c-7b66-4c0b-b583-a312a68da540","source":"stdout","level":30,"msg":"  A UMAppLoader","time":"2026-10-08T12:41:54.557Z","v":0,"logId":"01a11b88-d47d-75f2-a3b8-2898e4ab463e"}
{"name":"worker","pid":844,"phase":"INSTALL_PODS","buildId":"114e576c-7b66-4c0b-b583-a312a68da540","source":"stdout","level":30,"msg":"  A Yoga","time":"2026-10-08T12:41:54.557Z","v":0,"logId":"01a11b88-d47d-75f2-a3b8-2899a5ac0315"}
{"name":"worker","pid":844,"phase":"INSTALL_PODS","buildId":"114e576c-7b66-4c0b-b583-a312a68da540","source":"stdout","level":30,"msg":"  A hermes-engine","time":"2026-10-08T12:41:54.557Z","v":0,"logId":"01a11b88-d47d-75f2-a3b8-289aea4bbec0"}
{"name":"worker","pid":844,"phase":"INSTALL_PODS","buildId":"114e576c-7b66-4c0b-b583-a312a68da540","source":"stdout","level":30,"msg":"  A react-native-maps","time":"2026-10-08T12:41:54.557Z","v":0,"logId":"01a11b88-d47d-75f2-a3b8-289ba99dbbbc"}
{"name":"worker","pid":844,"phase":"INSTALL_PODS","buildId":"114e576c-7b66-4c0b-b583-a312a68da540","source":"stdout","level":30,"msg":"  A react-native-safe-area-context","time":"2026-10-08T12:41:54.557Z","v":0,"logId":"01a11b88-d47d-75f2-a3b8-289ceb1321cb"}
{"name":"worker","pid":844,"phase":"INSTALL_PODS","buildId":"114e576c-7b66-4c0b-b583-a312a68da540","source":"stdout","level":30,"msg":"  A react-native-view-shot","time":"2026-10-08T12:41:54.557Z","v":0,"logId":"01a11b88-d47d-75f2-a3b8-289d45054ea7"}
{"name":"worker","pid":844,"phase":"INSTALL_PODS","buildId":"114e576c-7b66-4c0b-b583-a312a68da540","source":"stdout","level":30,"msg":"  A react-native-webview","time":"2026-10-08T12:41:54.557Z","v":0,"logId":"01a11b88-d47d-75f2-a3b8-289ec932ccf2"}
{"name":"worker","pid":844,"phase":"INSTALL_PODS","buildId":"114e576c-7b66-4c0b-b583-a312a68da540","source":"stdout","level":30,"msg":"Downloading dependencies","time":"2026-10-08T12:41:54.557Z","v":0,"logId":"01a11b88-d47d-75f2-a3b8-289fdb4a0071"}
{"name":"worker","pid":844,"phase":"INSTALL_PODS","buildId":"114e576c-7b66-4c0b-b583-a312a68da540","source":"stdout","level":30,"msg":"-> Installing EXConstants (57.0.21)","time":"2026-10-08T12:41:54.557Z","v":0,"logId":"01a11b88-d47d-75f2-a3b8-28a0f0b51f3e"}
{"name":"worker","pid":844,"phase":"INSTALL_PODS","buildId":"114e576c-7b66-4c0b-b583-a312a68da540","source":"stdout","level":30,"msg":"-> Installing Expo (57.0.27)","time":"2026-10-08T12:41:54.557Z","v":0,"logId":"01a11b88-d47d-75f2-a3b8-28a1625ed684"}
{"name":"worker","pid":844,"phase":"INSTALL_PODS","buildId":"114e576c-7b66-4c0b-b583-a312a68da540","source":"stdout","level":30,"msg":"-> Installing ExpoAsset (57.0.19)","time":"2026-10-08T12:41:54.557Z","v":0,"logId":"01a11b88-d47d-75f2-a3b8-28a242b1db37"}
{"name":"worker","pid":844,"phase":"INSTALL_PODS","buildId":"114e576c-7b66-4c0b-b583-a312a68da540","source":"stdout","level":30,"msg":"-> Installing ExpoCamera (57.0.6)","time":"2026-10-08T12:41:54.557Z","v":0,"logId":"01a11b88-d47d-75f2-a3b8-28a3f0a527b5"}
{"name":"worker","pid":844,"phase":"INSTALL_PODS","buildId":"114e576c-7b66-4c0b-b583-a312a68da540","source":"stdout","level":30,"msg":" > Http download","time":"2026-10-08T12:41:54.557Z","v":0,"logId":"01a11b88-d47d-75f2-a3b8-28a4f972e35c"}
{"name":"worker","pid":844,"phase":"INSTALL_PODS","buildId":"114e576c-7b66-4c0b-b583-a312a68da540","source":"stdout","level":30,"msg":"   $ /usr/local/bin/curl -f -L -o /var/folders/5r/jggtw0px53jdd9wfmw74bndr0000gn/T/d20261008-1665-nlod6n/file.tgz file:///Users/expo/workingdir/build/node_modules/expo-camera/prebuilds/output/debug/xcframeworks/ExpoCamera.tar.gz --create-dirs --netrc-optional --retry 2 -A 'CocoaPods/1.16.2 cocoapods-downloader/2.1'","time":"2026-10-08T12:41:54.557Z","v":0,"logId":"01a11b88-d47d-75f2-a3b8-28a5cbb4248d"}
{"name":"worker","pid":844,"phase":"INSTALL_PODS","buildId":"114e576c-7b66-4c0b-b583-a312a68da540","source":"stderr","level":30,"msg":"% Total    % Received % Xferd  Average Speed   Time    Time     Time  Current","time":"2026-10-08T12:41:54.568Z","v":0,"logId":"01a11b88-d488-730d-96a6-413bb0ece6e6"}
{"name":"worker","pid":844,"phase":"INSTALL_PODS","buildId":"114e576c-7b66-4c0b-b583-a312a68da540","source":"stderr","level":30,"msg":"                                    Dload  Upload   Total   Spent    Left  Speed","time":"2026-10-08T12:41:54.569Z","v":0,"logId":"01a11b88-d489-75c3-9988-3d5cb22b02a7"}
{"name":"worker","pid":844,"phase":"INSTALL_PODS","buildId":"114e576c-7b66-4c0b-b583-a312a68da540","source":"stderr","level":30,"msg":"0     0    0     0    0     0      0      0 --:--:-- --:--:-- --:--:--     0\r   100 2960k  100 2960k    0     0  1532M      0 --:--:-- --:--:-- --:--:-- 2890M","time":"2026-10-08T12:41:54.570Z","v":0,"logId":"01a11b88-d48a-726a-9bd2-1f371c462b62"}
{"name":"worker","pid":844,"phase":"INSTALL_PODS","buildId":"114e576c-7b66-4c0b-b583-a312a68da540","source":"stdout","level":30,"msg":"$ /usr/bin/tar xf /var/folders/5r/jggtw0px53jdd9wfmw74bndr0000gn/T/d20261008-1665-nlod6n/file.tgz -C /var/folders/5r/jggtw0px53jdd9wfmw74bndr0000gn/T/d20261008-1665-nlod6n","time":"2026-10-08T12:41:54.583Z","v":0,"logId":"01a11b88-d497-79d5-88dc-738cc6592176"}
{"name":"worker","pid":844,"phase":"INSTALL_PODS","buildId":"114e576c-7b66-4c0b-b583-a312a68da540","source":"stdout","level":30,"msg":"$ /usr/bin/rsync -a --exclude=.git --delete /var/folders/5r/jggtw0px53jdd9wfmw74bndr0000gn/T/d20261008-1665-nlod6n/ /Users/expo/Library/Caches/CocoaPods/Pods/External/ExpoCamera/f0c2e5a4f79d1f81539f8e73258ffd02-33682","time":"2026-10-08T12:41:54.634Z","v":0,"logId":"01a11b88-d4ca-7d74-a111-2b6ddc2d0ba0"}
{"name":"worker","pid":844,"phase":"INSTALL_PODS","buildId":"114e576c-7b66-4c0b-b583-a312a68da540","source":"stdout","level":30,"msg":"> Running prepare command","time":"2026-10-08T12:41:54.727Z","v":0,"logId":"01a11b88-d527-7875-88a2-8f4660b40ada"}
{"name":"worker","pid":844,"phase":"INSTALL_PODS","buildId":"114e576c-7b66-4c0b-b583-a312a68da540","source":"stdout","level":30,"msg":"   $ /bin/bash -c  set -e # Self-healing: extract xcframework from tarball if CocoaPods cache was stale/empty if [ ! -d \"ExpoCamera.xcframework\" ]; then   TARBALL=\"/Users/expo/workingdir/build/node_modules/expo-camera/prebuilds/output/debug/xcframeworks/ExpoCamera.tar.gz\"   if [ -f \"$TARBALL\" ]; then     echo \"[Expo XCFramework] ExpoCamera: Extracting xcframework from build output (cache miss)\"     tar xzf \"$TARBALL\"   fi fi","time":"2026-10-08T12:41:54.727Z","v":0,"logId":"01a11b88-d527-7875-88a2-8f47db74b3b8"}
{"name":"worker","pid":844,"phase":"INSTALL_PODS","buildId":"114e576c-7b66-4c0b-b583-a312a68da540","source":"stdout","level":30,"msg":"> Copying ExpoCamera from `/Users/expo/Library/Caches/CocoaPods/Pods/External/ExpoCamera/f0c2e5a4f79d1f81539f8e73258ffd02-33682` to `Pods/ExpoCamera`","time":"2026-10-08T12:41:54.775Z","v":0,"logId":"01a11b88-d557-7f76-bb6f-6b7fd46721f6"}
{"name":"worker","pid":844,"phase":"INSTALL_PODS","buildId":"114e576c-7b66-4c0b-b583-a312a68da540","source":"stdout","level":30,"msg":"-> Installing ExpoCameraBarcodeScanning (57.0.6)","time":"2026-10-08T12:41:54.775Z","v":0,"logId":"01a11b88-d557-7f76-bb6f-6b805d9dfca6"}
{"name":"worker","pid":844,"phase":"INSTALL_PODS","buildId":"114e576c-7b66-4c0b-b583-a312a68da540","source":"stdout","level":30,"msg":" > Http download","time":"2026-10-08T12:41:54.775Z","v":0,"logId":"01a11b88-d557-7f76-bb6f-6b81bf629680"}
{"name":"worker","pid":844,"phase":"INSTALL_PODS","buildId":"114e576c-7b66-4c0b-b583-a312a68da540","source":"stdout","level":30,"msg":"   $ /usr/local/bin/curl -f -L -o /var/folders/5r/jggtw0px53jdd9wfmw74bndr0000gn/T/d20261008-1665-ysgpxg/file.tgz file:///Users/expo/workingdir/build/node_modules/expo-camera/prebuilds/output/debug/xcframeworks/ExpoCameraBarcodeScanning.tar.gz --create-dirs --netrc-optional --retry 2 -A 'CocoaPods/1.16.2 cocoapods-downloader/2.1'","time":"2026-10-08T12:41:54.775Z","v":0,"logId":"01a11b88-d557-7f76-bb6f-6b82d7276363"}
{"name":"worker","pid":844,"phase":"INSTALL_PODS","buildId":"114e576c-7b66-4c0b-b583-a312a68da540","source":"stderr","level":30,"msg":"% Total    % Received % Xferd  Average Speed   Time    Time     Time  Current","time":"2026-10-08T12:41:54.787Z","v":0,"logId":"01a11b88-d563-7c51-8158-d642d49b2955"}
{"name":"worker","pid":844,"phase":"INSTALL_PODS","buildId":"114e576c-7b66-4c0b-b583-a312a68da540","source":"stderr","level":30,"msg":"                                    Dload  Upload   Total   Spent    Left  Speed","time":"2026-10-08T12:41:54.787Z","v":0,"logId":"01a11b88-d563-7c51-8158-d643277decda"}
{"name":"worker","pid":844,"phase":"INSTALL_PODS","buildId":"114e576c-7b66-4c0b-b583-a312a68da540","source":"stderr","level":30,"msg":"0     0    0     0    0     0      0      0 --:--:-- --:--:-- --:--:--     0\r   100  569k  100  569k    0     0   919M      0 --:--:-- --:--:-- --:--:--  556M","time":"2026-10-08T12:41:54.787Z","v":0,"logId":"01a11b88-d563-7c51-8158-d644939d884d"}
{"name":"worker","pid":844,"phase":"INSTALL_PODS","buildId":"114e576c-7b66-4c0b-b583-a312a68da540","source":"stdout","level":30,"msg":"$ /usr/bin/tar xf /var/folders/5r/jggtw0px53jdd9wfmw74bndr0000gn/T/d20261008-1665-ysgpxg/file.tgz -C /var/folders/5r/jggtw0px53jdd9wfmw74bndr0000gn/T/d20261008-1665-ysgpxg","time":"2026-10-08T12:41:54.799Z","v":0,"logId":"01a11b88-d56f-775e-a59e-afeeb790ce92"}
{"name":"worker","pid":844,"phase":"INSTALL_PODS","buildId":"114e576c-7b66-4c0b-b583-a312a68da540","source":"stdout","level":30,"msg":"$ /usr/bin/rsync -a --exclude=.git --delete /var/folders/5r/jggtw0px53jdd9wfmw74bndr0000gn/T/d20261008-1665-ysgpxg/ /Users/expo/Library/Caches/CocoaPods/Pods/External/ExpoCameraBarcodeScanning/0ea5ca08c1165364dfd55b8e081bf4d7-6f613","time":"2026-10-08T12:41:54.839Z","v":0,"logId":"01a11b88-d597-7872-817b-92e23b5c27a0"}
{"name":"worker","pid":844,"phase":"INSTALL_PODS","buildId":"114e576c-7b66-4c0b-b583-a312a68da540","source":"stdout","level":30,"msg":"> Running prepare command","time":"2026-10-08T12:41:54.883Z","v":0,"logId":"01a11b88-d5c3-7582-a92a-1e646e29f396"}
{"name":"worker","pid":844,"phase":"INSTALL_PODS","buildId":"114e576c-7b66-4c0b-b583-a312a68da540","source":"stdout","level":30,"msg":"   $ /bin/bash -c  set -e # Self-healing: extract xcframework from tarball if CocoaPods cache was stale/empty if [ ! -d \"ExpoCameraBarcodeScanning.xcframework\" ]; then   TARBALL=\"/Users/expo/workingdir/build/node_modules/expo-camera/prebuilds/output/debug/xcframeworks/ExpoCameraBarcodeScanning.tar.gz\"   if [ -f \"$TARBALL\" ]; then     echo \"[Expo XCFramework] ExpoCameraBarcodeScanning: Extracting xcframework from build output (cache miss)\"     tar xzf \"$TARBALL\"   fi fi","time":"2026-10-08T12:41:54.883Z","v":0,"logId":"01a11b88-d5c3-7582-a92a-1e654f004879"}
{"name":"worker","pid":844,"phase":"INSTALL_PODS","buildId":"114e576c-7b66-4c0b-b583-a312a68da540","source":"stdout","level":30,"msg":"> Copying ExpoCameraBarcodeScanning from `/Users/expo/Library/Caches/CocoaPods/Pods/External/ExpoCameraBarcodeScanning/0ea5ca08c1165364dfd55b8e081bf4d7-6f613` to `Pods/ExpoCameraBarcodeScanning`","time":"2026-10-08T12:41:54.918Z","v":0,"logId":"01a11b88-d5e6-74f5-bcd0-91a72525d52d"}
{"name":"worker","pid":844,"phase":"INSTALL_PODS","buildId":"114e576c-7b66-4c0b-b583-a312a68da540","source":"stdout","level":30,"msg":"-> Installing ExpoDocumentPicker (57.0.3)","time":"2026-10-08T12:41:54.918Z","v":0,"logId":"01a11b88-d5e6-74f5-bcd0-91a8b1a7c132"}
{"name":"worker","pid":844,"phase":"INSTALL_PODS","buildId":"114e576c-7b66-4c0b-b583-a312a68da540","source":"stdout","level":30,"msg":"-> Installing ExpoDomWebView (57.0.1)","time":"2026-10-08T12:41:54.918Z","v":0,"logId":"01a11b88-d5e6-74f5-bcd0-91a91dfa8b95"}
{"name":"worker","pid":844,"phase":"INSTALL_PODS","buildId":"114e576c-7b66-4c0b-b583-a312a68da540","source":"stdout","level":30,"msg":"-> Installing ExpoFileSystem (57.0.7)","time":"2026-10-08T12:41:54.918Z","v":0,"logId":"01a11b88-d5e6-74f5-bcd0-91aa891a8378"}
{"name":"worker","pid":844,"phase":"INSTALL_PODS","buildId":"114e576c-7b66-4c0b-b583-a312a68da540","source":"stdout","level":30,"msg":" > Http download","time":"2026-10-08T12:41:54.918Z","v":0,"logId":"01a11b88-d5e6-74f5-bcd0-91ab7c2297b0"}
{"name":"worker","pid":844,"phase":"INSTALL_PODS","buildId":"114e576c-7b66-4c0b-b583-a312a68da540","source":"stdout","level":30,"msg":"   $ /usr/local/bin/curl -f -L -o /var/folders/5r/jggtw0px53jdd9wfmw74bndr0000gn/T/d20261008-1665-6u1773/file.tgz file:///Users/expo/workingdir/build/node_modules/expo/node_modules/expo-file-system/prebuilds/output/debug/xcframeworks/ExpoFileSystem.tar.gz --create-dirs --netrc-optional --retry 2 -A 'CocoaPods/1.16.2 cocoapods-downloader/2.1'","time":"2026-10-08T12:41:54.918Z","v":0,"logId":"01a11b88-d5e6-74f5-bcd0-91ac4206da97"}
{"name":"worker","pid":844,"phase":"INSTALL_PODS","buildId":"114e576c-7b66-4c0b-b583-a312a68da540","source":"stderr","level":30,"msg":"% Total    % Received % Xferd  Average Speed   Time    Time     Time  Current","time":"2026-10-08T12:41:54.930Z","v":0,"logId":"01a11b88-d5f2-7402-a562-166669168e1f"}
{"name":"worker","pid":844,"phase":"INSTALL_PODS","buildId":"114e576c-7b66-4c0b-b583-a312a68da540","source":"stderr","level":30,"msg":"                                    Dload  Upload   Total   Spent    Left  Speed","time":"2026-10-08T12:41:54.930Z","v":0,"logId":"01a11b88-d5f2-7402-a562-1667150aaf26"}
{"name":"worker","pid":844,"phase":"INSTALL_PODS","buildId":"114e576c-7b66-4c0b-b583-a312a68da540","source":"stderr","level":30,"msg":"0     0    0     0    0     0      0      0 --:--:-- --:--:-- --:--:--     0\r   100 3678k  100 3678k    0     0  1750M      0 --:--:-- --:--:-- --:--:-- 1795M","time":"2026-10-08T12:41:54.931Z","v":0,"logId":"01a11b88-d5f4-7a5a-b593-0d5795ecf93b"}
{"name":"worker","pid":844,"phase":"INSTALL_PODS","buildId":"114e576c-7b66-4c0b-b583-a312a68da540","source":"stdout","level":30,"msg":"$ /usr/bin/tar xf /var/folders/5r/jggtw0px53jdd9wfmw74bndr0000gn/T/d20261008-1665-6u1773/file.tgz -C /var/folders/5r/jggtw0px53jdd9wfmw74bndr0000gn/T/d20261008-1665-6u1773","time":"2026-10-08T12:41:54.945Z","v":0,"logId":"01a11b88-d601-7ecb-9904-d5a6e2b93446"}
{"name":"worker","pid":844,"phase":"INSTALL_PODS","buildId":"114e576c-7b66-4c0b-b583-a312a68da540","source":"stdout","level":30,"msg":"$ /usr/bin/rsync -a --exclude=.git --delete /var/folders/5r/jggtw0px53jdd9wfmw74bndr0000gn/T/d20261008-1665-6u1773/ /Users/expo/Library/Caches/CocoaPods/Pods/External/ExpoFileSystem/e69bd9537f387218ab995799369d7497-980be","time":"2026-10-08T12:41:55.011Z","v":0,"logId":"01a11b88-d643-7ada-b167-183303060c83"}
{"name":"worker","pid":844,"phase":"INSTALL_PODS","buildId":"114e576c-7b66-4c0b-b583-a312a68da540","source":"stdout","level":30,"msg":"> Running prepare command","time":"2026-10-08T12:41:55.131Z","v":0,"logId":"01a11b88-d6bb-71ae-8a2d-347bfd5a0e29"}
{"name":"worker","pid":844,"phase":"INSTALL_PODS","buildId":"114e576c-7b66-4c0b-b583-a312a68da540","source":"stdout","level":30,"msg":"   $ /bin/bash -c  set -e # Self-healing: extract xcframework from tarball if CocoaPods cache was stale/empty if [ ! -d \"ExpoFileSystem.xcframework\" ]; then   TARBALL=\"/Users/expo/workingdir/build/node_modules/expo/node_modules/expo-file-system/prebuilds/output/debug/xcframeworks/ExpoFileSystem.tar.gz\"   if [ -f \"$TARBALL\" ]; then     echo \"[Expo XCFramework] ExpoFileSystem: Extracting xcframework from build output (cache miss)\"     tar xzf \"$TARBALL\"   fi fi","time":"2026-10-08T12:41:55.131Z","v":0,"logId":"01a11b88-d6bb-71ae-8a2d-347c790116de"}
{"name":"worker","pid":844,"phase":"INSTALL_PODS","buildId":"114e576c-7b66-4c0b-b583-a312a68da540","source":"stdout","level":30,"msg":"> Copying ExpoFileSystem from `/Users/expo/Library/Caches/CocoaPods/Pods/External/ExpoFileSystem/e69bd9537f387218ab995799369d7497-980be` to `Pods/ExpoFileSystem`","time":"2026-10-08T12:41:55.221Z","v":0,"logId":"01a11b88-d715-737b-b561-969597f58d85"}
{"name":"worker","pid":844,"phase":"INSTALL_PODS","buildId":"114e576c-7b66-4c0b-b583-a312a68da540","source":"stdout","level":30,"msg":"-> Installing ExpoFont (57.0.4)","time":"2026-10-08T12:41:55.221Z","v":0,"logId":"01a11b88-d715-737b-b561-96969a2306fd"}
{"name":"worker","pid":844,"phase":"INSTALL_PODS","buildId":"114e576c-7b66-4c0b-b583-a312a68da540","source":"stdout","level":30,"msg":" > Http download","time":"2026-10-08T12:41:55.221Z","v":0,"logId":"01a11b88-d715-737b-b561-9697c0234dbe"}
{"name":"worker","pid":844,"phase":"INSTALL_PODS","buildId":"114e576c-7b66-4c0b-b583-a312a68da540","source":"stdout","level":30,"msg":"   $ /usr/local/bin/curl -f -L -o /var/folders/5r/jggtw0px53jdd9wfmw74bndr0000gn/T/d20261008-1665-zfmo1p/file.tgz file:///Users/expo/workingdir/build/node_modules/expo-font/prebuilds/output/debug/xcframeworks/ExpoFont.tar.gz --create-dirs --netrc-optional --retry 2 -A 'CocoaPods/1.16.2 cocoapods-downloader/2.1'","time":"2026-10-08T12:41:55.221Z","v":0,"logId":"01a11b88-d715-737b-b561-9698b07c6c16"}
{"name":"worker","pid":844,"phase":"INSTALL_PODS","buildId":"114e576c-7b66-4c0b-b583-a312a68da540","source":"stderr","level":30,"msg":"% Total    % Received % Xferd  Average Speed   Time    Time     Time  Current","time":"2026-10-08T12:41:55.234Z","v":0,"logId":"01a11b88-d722-7162-bce8-f0d14928831f"}
{"name":"worker","pid":844,"phase":"INSTALL_PODS","buildId":"114e576c-7b66-4c0b-b583-a312a68da540","source":"stderr","level":30,"msg":"                                    Dload  Upload   Total   Spent    Left  Speed","time":"2026-10-08T12:41:55.234Z","v":0,"logId":"01a11b88-d722-7162-bce8-f0d2ae0ff15a"}
{"name":"worker","pid":844,"phase":"INSTALL_PODS","buildId":"114e576c-7b66-4c0b-b583-a312a68da540","source":"stderr","level":30,"msg":"0     0    0     0    0     0      0      0 --:--:-- --:--:-- --:--:--     0\r   100  851k  100  851k    0     0  1011M      0 --:--:-- --:--:-- --:--:--  831M","time":"2026-10-08T12:41:55.235Z","v":0,"logId":"01a11b88-d723-71da-a549-ec270bc5622e"}
{"name":"worker","pid":844,"phase":"INSTALL_PODS","buildId":"114e576c-7b66-4c0b-b583-a312a68da540","source":"stdout","level":30,"msg":"$ /usr/bin/tar xf /var/folders/5r/jggtw0px53jdd9wfmw74bndr0000gn/T/d20261008-1665-zfmo1p/file.tgz -C /var/folders/5r/jggtw0px53jdd9wfmw74bndr0000gn/T/d20261008-1665-zfmo1p","time":"2026-10-08T12:41:55.249Z","v":0,"logId":"01a11b88-d731-77ee-a9c9-54a709d581ad"}
{"name":"worker","pid":844,"phase":"INSTALL_PODS","buildId":"114e576c-7b66-4c0b-b583-a312a68da540","source":"stdout","level":30,"msg":"$ /usr/bin/rsync -a --exclude=.git --delete /var/folders/5r/jggtw0px53jdd9wfmw74bndr0000gn/T/d20261008-1665-zfmo1p/ /Users/expo/Library/Caches/CocoaPods/Pods/External/ExpoFont/3554fe49ed807477f922bc055527ce49-baf9e","time":"2026-10-08T12:41:55.290Z","v":0,"logId":"01a11b88-d75a-7955-bb11-8f53fbb2bb47"}
{"name":"worker","pid":844,"phase":"INSTALL_PODS","buildId":"114e576c-7b66-4c0b-b583-a312a68da540","source":"stdout","level":30,"msg":"> Running prepare command","time":"2026-10-08T12:41:55.337Z","v":0,"logId":"01a11b88-d789-7047-a8e8-ea85bc0ea227"}
{"name":"worker","pid":844,"phase":"INSTALL_PODS","buildId":"114e576c-7b66-4c0b-b583-a312a68da540","source":"stdout","level":30,"msg":"   $ /bin/bash -c  set -e # Self-healing: extract xcframework from tarball if CocoaPods cache was stale/empty if [ ! -d \"ExpoFont.xcframework\" ]; then   TARBALL=\"/Users/expo/workingdir/build/node_modules/expo-font/prebuilds/output/debug/xcframeworks/ExpoFont.tar.gz\"   if [ -f \"$TARBALL\" ]; then     echo \"[Expo XCFramework] ExpoFont: Extracting xcframework from build output (cache miss)\"     tar xzf \"$TARBALL\"   fi fi","time":"2026-10-08T12:41:55.337Z","v":0,"logId":"01a11b88-d789-7047-a8e8-ea86d46cabf6"}
{"name":"worker","pid":844,"phase":"INSTALL_PODS","buildId":"114e576c-7b66-4c0b-b583-a312a68da540","source":"stdout","level":30,"msg":"> Copying ExpoFont from `/Users/expo/Library/Caches/CocoaPods/Pods/External/ExpoFont/3554fe49ed807477f922bc055527ce49-baf9e` to `Pods/ExpoFont`","time":"2026-10-08T12:41:55.375Z","v":0,"logId":"01a11b88-d7af-73ce-8057-f2cfd8e1338e"}
{"name":"worker","pid":844,"phase":"INSTALL_PODS","buildId":"114e576c-7b66-4c0b-b583-a312a68da540","source":"stdout","level":30,"msg":"-> Installing ExpoImagePicker (57.0.20)","time":"2026-10-08T12:41:55.375Z","v":0,"logId":"01a11b88-d7af-73ce-8057-f2d02fadb8e7"}
{"name":"worker","pid":844,"phase":"INSTALL_PODS","buildId":"114e576c-7b66-4c0b-b583-a312a68da540","source":"stdout","level":30,"msg":"-> Installing ExpoKeepAwake (57.0.2)","time":"2026-10-08T12:41:55.375Z","v":0,"logId":"01a11b88-d7af-73ce-8057-f2d1558da935"}
{"name":"worker","pid":844,"phase":"INSTALL_PODS","buildId":"114e576c-7b66-4c0b-b583-a312a68da540","source":"stdout","level":30,"msg":"-> Installing ExpoLocation (57.0.20)","time":"2026-10-08T12:41:55.375Z","v":0,"logId":"01a11b88-d7af-73ce-8057-f2d27c5d58ae"}
{"name":"worker","pid":844,"phase":"INSTALL_PODS","buildId":"114e576c-7b66-4c0b-b583-a312a68da540","source":"stdout","level":30,"msg":" > Http download","time":"2026-10-08T12:41:55.375Z","v":0,"logId":"01a11b88-d7af-73ce-8057-f2d382b96cab"}
{"name":"worker","pid":844,"phase":"INSTALL_PODS","buildId":"114e576c-7b66-4c0b-b583-a312a68da540","source":"stdout","level":30,"msg":"   $ /usr/local/bin/curl -f -L -o /var/folders/5r/jggtw0px53jdd9wfmw74bndr0000gn/T/d20261008-1665-7vu9w6/file.tgz file:///Users/expo/workingdir/build/node_modules/expo-location/prebuilds/output/debug/xcframeworks/ExpoLocation.tar.gz --create-dirs --netrc-optional --retry 2 -A 'CocoaPods/1.16.2 cocoapods-downloader/2.1'","time":"2026-10-08T12:41:55.375Z","v":0,"logId":"01a11b88-d7af-73ce-8057-f2d459ac77f0"}
{"name":"worker","pid":844,"phase":"INSTALL_PODS","buildId":"114e576c-7b66-4c0b-b583-a312a68da540","source":"stderr","level":30,"msg":"% Total    % Received % Xferd  Average Speed   Time    Time     Time  Current","time":"2026-10-08T12:41:55.386Z","v":0,"logId":"01a11b88-d7ba-7bee-af68-1fcfd15b6be4"}
{"name":"worker","pid":844,"phase":"INSTALL_PODS","buildId":"114e576c-7b66-4c0b-b583-a312a68da540","source":"stderr","level":30,"msg":"                                    Dload  Upload   Total   Spent    Left  Speed","time":"2026-10-08T12:41:55.386Z","v":0,"logId":"01a11b88-d7ba-7bee-af68-1fd07adb0810"}
{"name":"worker","pid":844,"phase":"INSTALL_PODS","buildId":"114e576c-7b66-4c0b-b583-a312a68da540","source":"stderr","level":30,"msg":"0     0    0     0    0     0      0      0 --:--:-- --:--:-- --:--:--     0\r   100 1425k  100 1425k    0     0  1402M      0 --:--:-- --:--:-- --:--:-- 1391M","time":"2026-10-08T12:41:55.387Z","v":0,"logId":"01a11b88-d7bb-7269-a1f3-5f281070e664"}
{"name":"worker","pid":844,"phase":"INSTALL_PODS","buildId":"114e576c-7b66-4c0b-b583-a312a68da540","source":"stdout","level":30,"msg":"$ /usr/bin/tar xf /var/folders/5r/jggtw0px53jdd9wfmw74bndr0000gn/T/d20261008-1665-7vu9w6/file.tgz -C /var/folders/5r/jggtw0px53jdd9wfmw74bndr0000gn/T/d20261008-1665-7vu9w6","time":"2026-10-08T12:41:55.398Z","v":0,"logId":"01a11b88-d7c6-7b90-9aa6-cab683762663"}
{"name":"worker","pid":844,"phase":"INSTALL_PODS","buildId":"114e576c-7b66-4c0b-b583-a312a68da540","source":"stdout","level":30,"msg":"$ /usr/bin/rsync -a --exclude=.git --delete /var/folders/5r/jggtw0px53jdd9wfmw74bndr0000gn/T/d20261008-1665-7vu9w6/ /Users/expo/Library/Caches/CocoaPods/Pods/External/ExpoLocation/f36de4e1c0762b9a312dc2be1435f4e3-0320e","time":"2026-10-08T12:41:55.446Z","v":0,"logId":"01a11b88-d7f6-75c9-92fd-d0c831642607"}
{"name":"worker","pid":844,"phase":"INSTALL_PODS","buildId":"114e576c-7b66-4c0b-b583-a312a68da540","source":"stdout","level":30,"msg":"> Running prepare command","time":"2026-10-08T12:41:55.506Z","v":0,"logId":"01a11b88-d832-76b5-bc67-8560024cbca4"}
{"name":"worker","pid":844,"phase":"INSTALL_PODS","buildId":"114e576c-7b66-4c0b-b583-a312a68da540","source":"stdout","level":30,"msg":"   $ /bin/bash -c  set -e # Self-healing: extract xcframework from tarball if CocoaPods cache was stale/empty if [ ! -d \"ExpoLocation.xcframework\" ]; then   TARBALL=\"/Users/expo/workingdir/build/node_modules/expo-location/prebuilds/output/debug/xcframeworks/ExpoLocation.tar.gz\"   if [ -f \"$TARBALL\" ]; then     echo \"[Expo XCFramework] ExpoLocation: Extracting xcframework from build output (cache miss)\"     tar xzf \"$TARBALL\"   fi fi","time":"2026-10-08T12:41:55.507Z","v":0,"logId":"01a11b88-d833-76c7-9a3d-b7b81538aa58"}
{"name":"worker","pid":844,"phase":"INSTALL_PODS","buildId":"114e576c-7b66-4c0b-b583-a312a68da540","source":"stdout","level":30,"msg":"> Copying ExpoLocation from `/Users/expo/Library/Caches/CocoaPods/Pods/External/ExpoLocation/f36de4e1c0762b9a312dc2be1435f4e3-0320e` to `Pods/ExpoLocation`","time":"2026-10-08T12:41:55.549Z","v":0,"logId":"01a11b88-d85d-76a9-ac76-538ddae3376d"}
{"name":"worker","pid":844,"phase":"INSTALL_PODS","buildId":"114e576c-7b66-4c0b-b583-a312a68da540","source":"stdout","level":30,"msg":"-> Installing ExpoLogBox (57.0.4)","time":"2026-10-08T12:41:55.549Z","v":0,"logId":"01a11b88-d85d-76a9-ac76-538ec4175bd6"}
{"name":"worker","pid":844,"phase":"INSTALL_PODS","buildId":"114e576c-7b66-4c0b-b583-a312a68da540","source":"stdout","level":30,"msg":"-> Installing ExpoModulesCore (57.0.21)","time":"2026-10-08T12:41:55.549Z","v":0,"logId":"01a11b88-d85d-76a9-ac76-538f100b1d55"}
{"name":"worker","pid":844,"phase":"INSTALL_PODS","buildId":"114e576c-7b66-4c0b-b583-a312a68da540","source":"stdout","level":30,"msg":" > Http download","time":"2026-10-08T12:41:55.549Z","v":0,"logId":"01a11b88-d85d-76a9-ac76-53902dd2cc7f"}
{"name":"worker","pid":844,"phase":"INSTALL_PODS","buildId":"114e576c-7b66-4c0b-b583-a312a68da540","source":"stdout","level":30,"msg":"   $ /usr/local/bin/curl -f -L -o /var/folders/5r/jggtw0px53jdd9wfmw74bndr0000gn/T/d20261008-1665-80aqhe/file.tgz file:///Users/expo/workingdir/build/node_modules/expo/node_modules/expo-modules-core/prebuilds/output/debug/xcframeworks/ExpoModulesCore.tar.gz --create-dirs --netrc-optional --retry 2 -A 'CocoaPods/1.16.2 cocoapods-downloader/2.1'","time":"2026-10-08T12:41:55.549Z","v":0,"logId":"01a11b88-d85d-76a9-ac76-5391481bd40c"}
{"name":"worker","pid":844,"phase":"INSTALL_PODS","buildId":"114e576c-7b66-4c0b-b583-a312a68da540","source":"stderr","level":30,"msg":"% Total    % Received % Xferd  Average Speed   Time    Time     Time  Current","time":"2026-10-08T12:41:55.560Z","v":0,"logId":"01a11b88-d868-73d9-a227-57718e6cf424"}
{"name":"worker","pid":844,"phase":"INSTALL_PODS","buildId":"114e576c-7b66-4c0b-b583-a312a68da540","source":"stderr","level":30,"msg":"                                    Dload  Upload   Total   Spent    Left  Speed","time":"2026-10-08T12:41:55.560Z","v":0,"logId":"01a11b88-d869-7c1f-97dd-a232f6ef08dc"}
{"name":"worker","pid":844,"phase":"INSTALL_PODS","buildId":"114e576c-7b66-4c0b-b583-a312a68da540","source":"stderr","level":30,"msg":"0     0    0     0    0     0      0      0 --:--:-- --:--:-- --:--:--     0\r   100 14.6M  100 14.6M    0     0  2072M      0 --:--:-- --:--:-- --:--:-- 2096M","time":"2026-10-08T12:41:55.567Z","v":0,"logId":"01a11b88-d86f-79be-807c-7a1cfc24eeb8"}
{"name":"worker","pid":844,"phase":"INSTALL_PODS","buildId":"114e576c-7b66-4c0b-b583-a312a68da540","source":"stdout","level":30,"msg":"$ /usr/bin/tar xf /var/folders/5r/jggtw0px53jdd9wfmw74bndr0000gn/T/d20261008-1665-80aqhe/file.tgz -C /var/folders/5r/jggtw0px53jdd9wfmw74bndr0000gn/T/d20261008-1665-80aqhe","time":"2026-10-08T12:41:55.581Z","v":0,"logId":"01a11b88-d87d-7ea7-a195-7e37318631d7"}
{"name":"worker","pid":844,"phase":"INSTALL_PODS","buildId":"114e576c-7b66-4c0b-b583-a312a68da540","source":"stdout","level":30,"msg":"$ /usr/bin/rsync -a --exclude=.git --delete /var/folders/5r/jggtw0px53jdd9wfmw74bndr0000gn/T/d20261008-1665-80aqhe/ /Users/expo/Library/Caches/CocoaPods/Pods/External/ExpoModulesCore/5fdbfd2e9bdb8f421611d8f48b342173-83220","time":"2026-10-08T12:41:55.731Z","v":0,"logId":"01a11b88-d913-79ac-ba0e-16601f922114"}
{"name":"worker","pid":844,"phase":"INSTALL_PODS","buildId":"114e576c-7b66-4c0b-b583-a312a68da540","source":"stdout","level":30,"msg":"> Running prepare command","time":"2026-10-08T12:41:56.121Z","v":0,"logId":"01a11b88-da99-7e0a-97fa-11c162d65c81"}
{"name":"worker","pid":844,"phase":"INSTALL_PODS","buildId":"114e576c-7b66-4c0b-b583-a312a68da540","source":"stdout","level":30,"msg":"   $ /bin/bash -c  set -e # Self-healing: extract xcframework from tarball if CocoaPods cache was stale/empty if [ ! -d \"ExpoModulesCore.xcframework\" ]; then   TARBALL=\"/Users/expo/workingdir/build/node_modules/expo/node_modules/expo-modules-core/prebuilds/output/debug/xcframeworks/ExpoModulesCore.tar.gz\"   if [ -f \"$TARBALL\" ]; then     echo \"[Expo XCFramework] ExpoModulesCore: Extracting xcframework from build output (cache miss)\"     tar xzf \"$TARBALL\"   fi fi","time":"2026-10-08T12:41:56.122Z","v":0,"logId":"01a11b88-da9a-73d7-a2e7-62c10e557261"}
{"name":"worker","pid":844,"phase":"INSTALL_PODS","buildId":"114e576c-7b66-4c0b-b583-a312a68da540","source":"stdout","level":30,"msg":"> Copying ExpoModulesCore from `/Users/expo/Library/Caches/CocoaPods/Pods/External/ExpoModulesCore/5fdbfd2e9bdb8f421611d8f48b342173-83220` to `Pods/ExpoModulesCore`","time":"2026-10-08T12:41:56.267Z","v":0,"logId":"01a11b88-db2b-7049-8405-5bb692f5a1b9"}
{"name":"worker","pid":844,"phase":"INSTALL_PODS","buildId":"114e576c-7b66-4c0b-b583-a312a68da540","source":"stdout","level":30,"msg":"-> Installing ExpoModulesJSI (57.1.1)","time":"2026-10-08T12:41:56.268Z","v":0,"logId":"01a11b88-db2c-72cf-b217-0e86e004955d"}
{"name":"worker","pid":844,"phase":"INSTALL_PODS","buildId":"114e576c-7b66-4c0b-b583-a312a68da540","source":"stdout","level":30,"msg":" > Running prepare command","time":"2026-10-08T12:41:56.268Z","v":0,"logId":"01a11b88-db2c-72cf-b217-0e8744e341b4"}
{"name":"worker","pid":844,"phase":"INSTALL_PODS","buildId":"114e576c-7b66-4c0b-b583-a312a68da540","source":"stdout","level":30,"msg":"   $ /bin/bash -c  set -e ./scripts/create-stub-xcframework.sh","time":"2026-10-08T12:41:56.268Z","v":0,"logId":"01a11b88-db2c-72cf-b217-0e88918ff725"}
{"name":"worker","pid":844,"phase":"INSTALL_PODS","buildId":"114e576c-7b66-4c0b-b583-a312a68da540","source":"stdout","level":30,"msg":"[Expo] Ensuring required slices in ExpoModulesJSI.xcframework","time":"2026-10-08T12:41:57.668Z","v":0,"logId":"01a11b88-e0a4-7a67-98e3-eac64826ddf4"}
{"name":"worker","pid":844,"phase":"INSTALL_PODS","buildId":"114e576c-7b66-4c0b-b583-a312a68da540","source":"stdout","level":30,"msg":"-> Installing ExpoModulesWorklets (57.0.21)","time":"2026-10-08T12:41:57.669Z","v":0,"logId":"01a11b88-e0a5-7588-9ca2-bce3de4a089e"}
{"name":"worker","pid":844,"phase":"INSTALL_PODS","buildId":"114e576c-7b66-4c0b-b583-a312a68da540","source":"stdout","level":30,"msg":" > Http download","time":"2026-10-08T12:41:57.669Z","v":0,"logId":"01a11b88-e0a5-7588-9ca2-bce485095818"}
{"name":"worker","pid":844,"phase":"INSTALL_PODS","buildId":"114e576c-7b66-4c0b-b583-a312a68da540","source":"stdout","level":30,"msg":"   $ /usr/local/bin/curl -f -L -o /var/folders/5r/jggtw0px53jdd9wfmw74bndr0000gn/T/d20261008-1665-m46mec/file.tgz file:///Users/expo/workingdir/build/node_modules/expo/node_modules/expo-modules-core/prebuilds/output/debug/xcframeworks/ExpoModulesWorklets.tar.gz --create-dirs --netrc-optional --retry 2 -A 'CocoaPods/1.16.2 cocoapods-downloader/2.1'","time":"2026-10-08T12:41:57.669Z","v":0,"logId":"01a11b88-e0a5-7588-9ca2-bce5af475c37"}
{"name":"worker","pid":844,"phase":"INSTALL_PODS","buildId":"114e576c-7b66-4c0b-b583-a312a68da540","source":"stderr","level":30,"msg":"% Total    % Received % Xferd  Average Speed   Time    Time     Time  Current","time":"2026-10-08T12:41:57.679Z","v":0,"logId":"01a11b88-e0af-796c-9d4e-b6a525e24ebf"}
{"name":"worker","pid":844,"phase":"INSTALL_PODS","buildId":"114e576c-7b66-4c0b-b583-a312a68da540","source":"stderr","level":30,"msg":"                                    Dload  Upload   Total   Spent    Left  Speed","time":"2026-10-08T12:41:57.679Z","v":0,"logId":"01a11b88-e0af-796c-9d4e-b6a60d26a692"}
{"name":"worker","pid":844,"phase":"INSTALL_PODS","buildId":"114e576c-7b66-4c0b-b583-a312a68da540","source":"stderr","level":30,"msg":"0     0    0     0    0     0      0      0 --:--:-- --:--:-- --:--:--     0\r   100  771k  100  771k    0     0  1138M      0 --:--:-- --:--:-- --:--:--  753M","time":"2026-10-08T12:41:57.680Z","v":0,"logId":"01a11b88-e0b0-7246-b9a3-c07a3dc441ae"}
{"name":"worker","pid":844,"phase":"INSTALL_PODS","buildId":"114e576c-7b66-4c0b-b583-a312a68da540","source":"stdout","level":30,"msg":"$ /usr/bin/tar xf /var/folders/5r/jggtw0px53jdd9wfmw74bndr0000gn/T/d20261008-1665-m46mec/file.tgz -C /var/folders/5r/jggtw0px53jdd9wfmw74bndr0000gn/T/d20261008-1665-m46mec","time":"2026-10-08T12:41:57.691Z","v":0,"logId":"01a11b88-e0bb-793d-b116-784584601b8a"}
{"name":"worker","pid":844,"phase":"INSTALL_PODS","buildId":"114e576c-7b66-4c0b-b583-a312a68da540","source":"stdout","level":30,"msg":"$ /usr/bin/rsync -a --exclude=.git --delete /var/folders/5r/jggtw0px53jdd9wfmw74bndr0000gn/T/d20261008-1665-m46mec/ /Users/expo/Library/Caches/CocoaPods/Pods/External/ExpoModulesWorklets/47e64454e9c621bfa6175a7166721b3e-e2164","time":"2026-10-08T12:41:57.732Z","v":0,"logId":"01a11b88-e0e4-7589-a183-508042d4d3fa"}
{"name":"worker","pid":844,"phase":"INSTALL_PODS","buildId":"114e576c-7b66-4c0b-b583-a312a68da540","source":"stdout","level":30,"msg":"> Running prepare command","time":"2026-10-08T12:41:57.781Z","v":0,"logId":"01a11b88-e115-7bdf-827e-9b08f9933761"}
{"name":"worker","pid":844,"phase":"INSTALL_PODS","buildId":"114e576c-7b66-4c0b-b583-a312a68da540","source":"stdout","level":30,"msg":"   $ /bin/bash -c  set -e # Self-healing: extract xcframework from tarball if CocoaPods cache was stale/empty if [ ! -d \"ExpoModulesWorklets.xcframework\" ]; then   TARBALL=\"/Users/expo/workingdir/build/node_modules/expo/node_modules/expo-modules-core/prebuilds/output/debug/xcframeworks/ExpoModulesWorklets.tar.gz\"   if [ -f \"$TARBALL\" ]; then     echo \"[Expo XCFramework] ExpoModulesWorklets: Extracting xcframework from build output (cache miss)\"     tar xzf \"$TARBALL\"   fi fi","time":"2026-10-08T12:41:57.781Z","v":0,"logId":"01a11b88-e115-7bdf-827e-9b0970f262df"}
{"name":"worker","pid":844,"phase":"INSTALL_PODS","buildId":"114e576c-7b66-4c0b-b583-a312a68da540","source":"stdout","level":30,"msg":"> Copying ExpoModulesWorklets from `/Users/expo/Library/Caches/CocoaPods/Pods/External/ExpoModulesWorklets/47e64454e9c621bfa6175a7166721b3e-e2164` to `Pods/ExpoModulesWorklets`","time":"2026-10-08T12:41:57.825Z","v":0,"logId":"01a11b88-e141-71e4-a372-85adbed3538b"}
{"name":"worker","pid":844,"phase":"INSTALL_PODS","buildId":"114e576c-7b66-4c0b-b583-a312a68da540","source":"stdout","level":30,"msg":"-> Installing ExpoTaskManager (57.0.21)","time":"2026-10-08T12:41:57.825Z","v":0,"logId":"01a11b88-e141-71e4-a372-85ae2112f8a9"}
{"name":"worker","pid":844,"phase":"INSTALL_PODS","buildId":"114e576c-7b66-4c0b-b583-a312a68da540","source":"stdout","level":30,"msg":"-> Installing FBLazyVector (0.86.3)","time":"2026-10-08T12:41:57.825Z","v":0,"logId":"01a11b88-e141-71e4-a372-85af39db3ddd"}
{"name":"worker","pid":844,"phase":"INSTALL_PODS","buildId":"114e576c-7b66-4c0b-b583-a312a68da540","source":"stdout","level":30,"msg":"-> Installing RCTDeprecation (0.86.3)","time":"2026-10-08T12:41:57.825Z","v":0,"logId":"01a11b88-e141-71e4-a372-85b03ce6f9b0"}
{"name":"worker","pid":844,"phase":"INSTALL_PODS","buildId":"114e576c-7b66-4c0b-b583-a312a68da540","source":"stdout","level":30,"msg":"-> Installing RCTRequired (0.86.3)","time":"2026-10-08T12:41:57.825Z","v":0,"logId":"01a11b88-e141-71e4-a372-85b1c3cd0da5"}
{"name":"worker","pid":844,"phase":"INSTALL_PODS","buildId":"114e576c-7b66-4c0b-b583-a312a68da540","source":"stdout","level":30,"msg":"-> Installing RCTSwiftUI (0.86.3)","time":"2026-10-08T12:41:57.825Z","v":0,"logId":"01a11b88-e141-71e4-a372-85b25dcdcde9"}
{"name":"worker","pid":844,"phase":"INSTALL_PODS","buildId":"114e576c-7b66-4c0b-b583-a312a68da540","source":"stdout","level":30,"msg":"-> Installing RCTSwiftUIWrapper (0.86.3)","time":"2026-10-08T12:41:57.825Z","v":0,"logId":"01a11b88-e141-71e4-a372-85b37fb9cfff"}
{"name":"worker","pid":844,"phase":"INSTALL_PODS","buildId":"114e576c-7b66-4c0b-b583-a312a68da540","source":"stdout","level":30,"msg":"-> Installing RCTTypeSafety (0.86.3)","time":"2026-10-08T12:41:57.825Z","v":0,"logId":"01a11b88-e141-71e4-a372-85b4c6574e45"}
{"name":"worker","pid":844,"phase":"INSTALL_PODS","buildId":"114e576c-7b66-4c0b-b583-a312a68da540","source":"stdout","level":30,"msg":"-> Installing RNCAsyncStorage (2.2.0)","time":"2026-10-08T12:41:57.825Z","v":0,"logId":"01a11b88-e141-71e4-a372-85b581000356"}
{"name":"worker","pid":844,"phase":"INSTALL_PODS","buildId":"114e576c-7b66-4c0b-b583-a312a68da540","source":"stdout","level":30,"msg":"-> Installing RNDateTimePicker (9.1.0)","time":"2026-10-08T12:41:57.825Z","v":0,"logId":"01a11b88-e141-71e4-a372-85b60ca7ae63"}
{"name":"worker","pid":844,"phase":"INSTALL_PODS","buildId":"114e576c-7b66-4c0b-b583-a312a68da540","source":"stdout","level":30,"msg":"-> Installing RNSVG (15.15.4)","time":"2026-10-08T12:41:57.825Z","v":0,"logId":"01a11b88-e141-71e4-a372-85b74c15d73b"}
{"name":"worker","pid":844,"phase":"INSTALL_PODS","buildId":"114e576c-7b66-4c0b-b583-a312a68da540","source":"stdout","level":30,"msg":"-> Installing RNScreens (4.26.2)","time":"2026-10-08T12:41:57.825Z","v":0,"logId":"01a11b88-e141-71e4-a372-85b8cbcc2c28"}
{"name":"worker","pid":844,"phase":"INSTALL_PODS","buildId":"114e576c-7b66-4c0b-b583-a312a68da540","source":"stdout","level":30,"msg":"-> Installing React (0.86.3)","time":"2026-10-08T12:41:57.825Z","v":0,"logId":"01a11b88-e141-71e4-a372-85b946073480"}
{"name":"worker","pid":844,"phase":"INSTALL_PODS","buildId":"114e576c-7b66-4c0b-b583-a312a68da540","source":"stdout","level":30,"msg":"-> Installing React-Core (0.86.3)","time":"2026-10-08T12:41:57.825Z","v":0,"logId":"01a11b88-e141-71e4-a372-85ba320f5ba5"}
{"name":"worker","pid":844,"phase":"INSTALL_PODS","buildId":"114e576c-7b66-4c0b-b583-a312a68da540","source":"stdout","level":30,"msg":"-> Installing React-Core-prebuilt (0.86.3)","time":"2026-10-08T12:41:57.825Z","v":0,"logId":"01a11b88-e141-71e4-a372-85bb93ec9c23"}
{"name":"worker","pid":844,"phase":"INSTALL_PODS","buildId":"114e576c-7b66-4c0b-b583-a312a68da540","source":"stdout","level":30,"msg":" > Http download","time":"2026-10-08T12:41:57.825Z","v":0,"logId":"01a11b88-e141-71e4-a372-85bce6bde021"}
{"name":"worker","pid":844,"phase":"INSTALL_PODS","buildId":"114e576c-7b66-4c0b-b583-a312a68da540","source":"stdout","level":30,"msg":"   $ /usr/local/bin/curl -f -L -o /var/folders/5r/jggtw0px53jdd9wfmw74bndr0000gn/T/d20261008-1665-su388m/file.tgz http://cocoapods.caches.eas-build.internal/repo1.maven.org/maven2/com/facebook/react/react-native-artifacts/0.86.3/react-native-artifacts-0.86.3-reactnative-core-debug.tar.gz --create-dirs --netrc-optional --retry 2 -A 'CocoaPods/1.16.2 cocoapods-downloader/2.1'","time":"2026-10-08T12:41:57.825Z","v":0,"logId":"01a11b88-e141-71e4-a372-85bd12b0b2f2"}
{"name":"worker","pid":844,"phase":"INSTALL_PODS","buildId":"114e576c-7b66-4c0b-b583-a312a68da540","source":"stderr","level":30,"msg":"% Total    % Received % Xferd  Average Speed   Time    Time     Time  Current","time":"2026-10-08T12:41:57.839Z","v":0,"logId":"01a11b88-e14f-7576-abca-49fca196a8ba"}
{"name":"worker","pid":844,"phase":"INSTALL_PODS","buildId":"114e576c-7b66-4c0b-b583-a312a68da540","source":"stderr","level":30,"msg":"                                    Dload  Upload   Total   Spent    Left  Speed","time":"2026-10-08T12:41:57.839Z","v":0,"logId":"01a11b88-e150-7f7e-abdd-d9d17575d0ef"}
{"name":"worker","pid":844,"phase":"INSTALL_PODS","buildId":"114e576c-7b66-4c0b-b583-a312a68da540","source":"stderr","level":30,"msg":"0     0    0     0    0     0      0      0 --:--:-- --:--:-- --:--:--     0\r   100 94.2M  100 94.2M    0     0   121M      0 --:--:-- --:--:-- --:--:--  121M","time":"2026-10-08T12:41:58.616Z","v":0,"logId":"01a11b88-e458-7651-8cb5-e5f35982a218"}
{"name":"worker","pid":844,"phase":"INSTALL_PODS","buildId":"114e576c-7b66-4c0b-b583-a312a68da540","source":"stdout","level":30,"msg":"$ /usr/bin/tar xf /var/folders/5r/jggtw0px53jdd9wfmw74bndr0000gn/T/d20261008-1665-su388m/file.tgz -C /var/folders/5r/jggtw0px53jdd9wfmw74bndr0000gn/T/d20261008-1665-su388m","time":"2026-10-08T12:41:58.627Z","v":0,"logId":"01a11b88-e464-75ab-a23d-635c384a86fb"}
{"name":"worker","pid":844,"phase":"INSTALL_PODS","buildId":"114e576c-7b66-4c0b-b583-a312a68da540","source":"stdout","level":30,"msg":"$ /usr/bin/rsync -a --exclude=.git --delete /var/folders/5r/jggtw0px53jdd9wfmw74bndr0000gn/T/d20261008-1665-su388m/ /Users/expo/Library/Caches/CocoaPods/Pods/External/React-Core-prebuilt/c5b682cf49028b2c328d65c6d411f7b2-125b0","time":"2026-10-08T12:41:59.609Z","v":0,"logId":"01a11b88-e839-7a85-9e32-cda1844f2b34"}
{"name":"worker","pid":844,"phase":"INSTALL_PODS","buildId":"114e576c-7b66-4c0b-b583-a312a68da540","source":"stdout","level":30,"msg":"> Running prepare command","time":"2026-10-08T12:42:03.329Z","v":0,"logId":"01a11b88-f6c1-76dd-8d4e-2cd72b180be7"}
{"name":"worker","pid":844,"phase":"INSTALL_PODS","buildId":"114e576c-7b66-4c0b-b583-a312a68da540","source":"stdout","level":30,"msg":"   $ /bin/bash -c  set -e CURRENT_PATH=$(pwd) XCFRAMEWORK_PATH=\"${CURRENT_PATH}/React.xcframework\"  # Check if XCFRAMEWORK_PATH is empty if [ -z \"$XCFRAMEWORK_PATH\" ]; then   echo \"ERROR: XCFRAMEWORK_PATH is empty.\"   exit 0 fi  mkdir -p \"${XCFRAMEWORK_PATH}\" find \"$CURRENT_PATH\" -mindepth 1 -maxdepth 1 ! -name \"$(basename \"$XCFRAMEWORK_PATH\")\" -exec mv {} \"$XCFRAMEWORK_PATH\" \\;","time":"2026-10-08T12:42:03.329Z","v":0,"logId":"01a11b88-f6c1-76dd-8d4e-2cd810674058"}
{"name":"worker","pid":844,"phase":"INSTALL_PODS","buildId":"114e576c-7b66-4c0b-b583-a312a68da540","source":"stdout","level":30,"msg":"> Copying React-Core-prebuilt from `/Users/expo/Library/Caches/CocoaPods/Pods/External/React-Core-prebuilt/c5b682cf49028b2c328d65c6d411f7b2-125b0` to `Pods/React-Core-prebuilt`","time":"2026-10-08T12:42:05.304Z","v":0,"logId":"01a11b88-fe78-7138-a713-ecf641067e15"}
{"name":"worker","pid":844,"phase":"INSTALL_PODS","buildId":"114e576c-7b66-4c0b-b583-a312a68da540","source":"stdout","level":30,"msg":"-> Installing React-CoreModules (0.86.3)","time":"2026-10-08T12:42:05.304Z","v":0,"logId":"01a11b88-fe78-7138-a713-ecf7842e4a97"}
{"name":"worker","pid":844,"phase":"INSTALL_PODS","buildId":"114e576c-7b66-4c0b-b583-a312a68da540","source":"stdout","level":30,"msg":"-> Installing React-Fabric (0.86.3)","time":"2026-10-08T12:42:05.304Z","v":0,"logId":"01a11b88-fe78-7138-a713-ecf8770c5186"}
{"name":"worker","pid":844,"phase":"INSTALL_PODS","buildId":"114e576c-7b66-4c0b-b583-a312a68da540","source":"stdout","level":30,"msg":"-> Installing React-FabricComponents (0.86.3)","time":"2026-10-08T12:42:05.304Z","v":0,"logId":"01a11b88-fe78-7138-a713-ecf9ce382423"}
{"name":"worker","pid":844,"phase":"INSTALL_PODS","buildId":"114e576c-7b66-4c0b-b583-a312a68da540","source":"stdout","level":30,"msg":"-> Installing React-FabricImage (0.86.3)","time":"2026-10-08T12:42:05.304Z","v":0,"logId":"01a11b88-fe78-7138-a713-ecfa405df4ea"}
{"name":"worker","pid":844,"phase":"INSTALL_PODS","buildId":"114e576c-7b66-4c0b-b583-a312a68da540","source":"stdout","level":30,"msg":"-> Installing React-ImageManager (0.86.3)","time":"2026-10-08T12:42:05.304Z","v":0,"logId":"01a11b88-fe78-7138-a713-ecfbf3f9e582"}
{"name":"worker","pid":844,"phase":"INSTALL_PODS","buildId":"114e576c-7b66-4c0b-b583-a312a68da540","source":"stdout","level":30,"msg":"-> Installing React-Mapbuffer (0.86.3)","time":"2026-10-08T12:42:05.304Z","v":0,"logId":"01a11b88-fe78-7138-a713-ecfceb57e513"}
{"name":"worker","pid":844,"phase":"INSTALL_PODS","buildId":"114e576c-7b66-4c0b-b583-a312a68da540","source":"stdout","level":30,"msg":"-> Installing React-NativeModulesApple (0.86.3)","time":"2026-10-08T12:42:05.304Z","v":0,"logId":"01a11b88-fe78-7138-a713-ecfd7398d193"}
{"name":"worker","pid":844,"phase":"INSTALL_PODS","buildId":"114e576c-7b66-4c0b-b583-a312a68da540","source":"stdout","level":30,"msg":"-> Installing React-RCTActionSheet (0.86.3)","time":"2026-10-08T12:42:05.304Z","v":0,"logId":"01a11b88-fe78-7138-a713-ecfe8b0100e1"}
{"name":"worker","pid":844,"phase":"INSTALL_PODS","buildId":"114e576c-7b66-4c0b-b583-a312a68da540","source":"stdout","level":30,"msg":"-> Installing React-RCTAnimation (0.86.3)","time":"2026-10-08T12:42:05.304Z","v":0,"logId":"01a11b88-fe78-7138-a713-ecff8e12f04f"}
{"name":"worker","pid":844,"phase":"INSTALL_PODS","buildId":"114e576c-7b66-4c0b-b583-a312a68da540","source":"stdout","level":30,"msg":"-> Installing React-RCTAppDelegate (0.86.3)","time":"2026-10-08T12:42:05.304Z","v":0,"logId":"01a11b88-fe78-7138-a713-ed00d1aa8c18"}
{"name":"worker","pid":844,"phase":"INSTALL_PODS","buildId":"114e576c-7b66-4c0b-b583-a312a68da540","source":"stdout","level":30,"msg":"-> Installing React-RCTBlob (0.86.3)","time":"2026-10-08T12:42:05.304Z","v":0,"logId":"01a11b88-fe78-7138-a713-ed0178af98eb"}
{"name":"worker","pid":844,"phase":"INSTALL_PODS","buildId":"114e576c-7b66-4c0b-b583-a312a68da540","source":"stdout","level":30,"msg":"-> Installing React-RCTFBReactNativeSpec (0.86.3)","time":"2026-10-08T12:42:05.304Z","v":0,"logId":"01a11b88-fe78-7138-a713-ed02561c7664"}
{"name":"worker","pid":844,"phase":"INSTALL_PODS","buildId":"114e576c-7b66-4c0b-b583-a312a68da540","source":"stdout","level":30,"msg":"-> Installing React-RCTFabric (0.86.3)","time":"2026-10-08T12:42:05.304Z","v":0,"logId":"01a11b88-fe78-7138-a713-ed03d6f6c2da"}
{"name":"worker","pid":844,"phase":"INSTALL_PODS","buildId":"114e576c-7b66-4c0b-b583-a312a68da540","source":"stdout","level":30,"msg":"-> Installing React-RCTImage (0.86.3)","time":"2026-10-08T12:42:05.304Z","v":0,"logId":"01a11b88-fe78-7138-a713-ed047f40367b"}
{"name":"worker","pid":844,"phase":"INSTALL_PODS","buildId":"114e576c-7b66-4c0b-b583-a312a68da540","source":"stdout","level":30,"msg":"-> Installing React-RCTLinking (0.86.3)","time":"2026-10-08T12:42:05.304Z","v":0,"logId":"01a11b88-fe78-7138-a713-ed050fed73fc"}
{"name":"worker","pid":844,"phase":"INSTALL_PODS","buildId":"114e576c-7b66-4c0b-b583-a312a68da540","source":"stdout","level":30,"msg":"-> Installing React-RCTNetwork (0.86.3)","time":"2026-10-08T12:42:05.304Z","v":0,"logId":"01a11b88-fe78-7138-a713-ed0694e25965"}
{"name":"worker","pid":844,"phase":"INSTALL_PODS","buildId":"114e576c-7b66-4c0b-b583-a312a68da540","source":"stdout","level":30,"msg":"-> Installing React-RCTRuntime (0.86.3)","time":"2026-10-08T12:42:05.304Z","v":0,"logId":"01a11b88-fe78-7138-a713-ed0739a8eff9"}
{"name":"worker","pid":844,"phase":"INSTALL_PODS","buildId":"114e576c-7b66-4c0b-b583-a312a68da540","source":"stdout","level":30,"msg":"-> Installing React-RCTSettings (0.86.3)","time":"2026-10-08T12:42:05.304Z","v":0,"logId":"01a11b88-fe78-7138-a713-ed08511f3f6e"}
{"name":"worker","pid":844,"phase":"INSTALL_PODS","buildId":"114e576c-7b66-4c0b-b583-a312a68da540","source":"stdout","level":30,"msg":"-> Installing React-RCTText (0.86.3)","time":"2026-10-08T12:42:05.305Z","v":0,"logId":"01a11b88-fe79-7c97-9f68-311635fb15cb"}
{"name":"worker","pid":844,"phase":"INSTALL_PODS","buildId":"114e576c-7b66-4c0b-b583-a312a68da540","source":"stdout","level":30,"msg":"-> Installing React-RCTVibration (0.86.3)","time":"2026-10-08T12:42:05.305Z","v":0,"logId":"01a11b88-fe79-7c97-9f68-311766dbf9d5"}
{"name":"worker","pid":844,"phase":"INSTALL_PODS","buildId":"114e576c-7b66-4c0b-b583-a312a68da540","source":"stdout","level":30,"msg":"-> Installing React-RuntimeApple (0.86.3)","time":"2026-10-08T12:42:05.305Z","v":0,"logId":"01a11b88-fe79-7c97-9f68-31189b5216a4"}
{"name":"worker","pid":844,"phase":"INSTALL_PODS","buildId":"114e576c-7b66-4c0b-b583-a312a68da540","source":"stdout","level":30,"msg":"-> Installing React-RuntimeCore (0.86.3)","time":"2026-10-08T12:42:05.305Z","v":0,"logId":"01a11b88-fe79-7c97-9f68-31192182236f"}
{"name":"worker","pid":844,"phase":"INSTALL_PODS","buildId":"114e576c-7b66-4c0b-b583-a312a68da540","source":"stdout","level":30,"msg":"-> Installing React-RuntimeHermes (0.86.3)","time":"2026-10-08T12:42:05.305Z","v":0,"logId":"01a11b88-fe79-7c97-9f68-311aa32b6972"}
{"name":"worker","pid":844,"phase":"INSTALL_PODS","buildId":"114e576c-7b66-4c0b-b583-a312a68da540","source":"stdout","level":30,"msg":"-> Installing React-callinvoker (0.86.3)","time":"2026-10-08T12:42:05.305Z","v":0,"logId":"01a11b88-fe79-7c97-9f68-311bde073a02"}
{"name":"worker","pid":844,"phase":"INSTALL_PODS","buildId":"114e576c-7b66-4c0b-b583-a312a68da540","source":"stdout","level":30,"msg":"-> Installing React-cxxreact (0.86.3)","time":"2026-10-08T12:42:05.305Z","v":0,"logId":"01a11b88-fe79-7c97-9f68-311c781f0201"}
{"name":"worker","pid":844,"phase":"INSTALL_PODS","buildId":"114e576c-7b66-4c0b-b583-a312a68da540","source":"stdout","level":30,"msg":"-> Installing React-debug (0.86.3)","time":"2026-10-08T12:42:05.305Z","v":0,"logId":"01a11b88-fe79-7c97-9f68-311dae19d155"}
{"name":"worker","pid":844,"phase":"INSTALL_PODS","buildId":"114e576c-7b66-4c0b-b583-a312a68da540","source":"stdout","level":30,"msg":"-> Installing React-defaultsnativemodule (0.86.3)","time":"2026-10-08T12:42:05.305Z","v":0,"logId":"01a11b88-fe79-7c97-9f68-311e0fac865b"}
{"name":"worker","pid":844,"phase":"INSTALL_PODS","buildId":"114e576c-7b66-4c0b-b583-a312a68da540","source":"stdout","level":30,"msg":"-> Installing React-domnativemodule (0.86.3)","time":"2026-10-08T12:42:05.305Z","v":0,"logId":"01a11b88-fe79-7c97-9f68-311f4b784b56"}
{"name":"worker","pid":844,"phase":"INSTALL_PODS","buildId":"114e576c-7b66-4c0b-b583-a312a68da540","source":"stdout","level":30,"msg":"-> Installing React-featureflags (0.86.3)","time":"2026-10-08T12:42:05.305Z","v":0,"logId":"01a11b88-fe79-7c97-9f68-31205e47f4b9"}
{"name":"worker","pid":844,"phase":"INSTALL_PODS","buildId":"114e576c-7b66-4c0b-b583-a312a68da540","source":"stdout","level":30,"msg":"-> Installing React-featureflagsnativemodule (0.86.3)","time":"2026-10-08T12:42:05.305Z","v":0,"logId":"01a11b88-fe79-7c97-9f68-31213128b0df"}
{"name":"worker","pid":844,"phase":"INSTALL_PODS","buildId":"114e576c-7b66-4c0b-b583-a312a68da540","source":"stdout","level":30,"msg":"-> Installing React-graphics (0.86.3)","time":"2026-10-08T12:42:05.305Z","v":0,"logId":"01a11b88-fe79-7c97-9f68-31223ce2c927"}
{"name":"worker","pid":844,"phase":"INSTALL_PODS","buildId":"114e576c-7b66-4c0b-b583-a312a68da540","source":"stdout","level":30,"msg":"-> Installing React-hermes (0.86.3)","time":"2026-10-08T12:42:05.305Z","v":0,"logId":"01a11b88-fe79-7c97-9f68-31230f2c6d7e"}
{"name":"worker","pid":844,"phase":"INSTALL_PODS","buildId":"114e576c-7b66-4c0b-b583-a312a68da540","source":"stdout","level":30,"msg":"-> Installing React-idlecallbacksnativemodule (0.86.3)","time":"2026-10-08T12:42:05.305Z","v":0,"logId":"01a11b88-fe79-7c97-9f68-312411d1755a"}
{"name":"worker","pid":844,"phase":"INSTALL_PODS","buildId":"114e576c-7b66-4c0b-b583-a312a68da540","source":"stdout","level":30,"msg":"-> Installing React-intersectionobservernativemodule (0.86.3)","time":"2026-10-08T12:42:05.305Z","v":0,"logId":"01a11b88-fe79-7c97-9f68-312523f20f6a"}
{"name":"worker","pid":844,"phase":"INSTALL_PODS","buildId":"114e576c-7b66-4c0b-b583-a312a68da540","source":"stdout","level":30,"msg":"-> Installing React-jserrorhandler (0.86.3)","time":"2026-10-08T12:42:05.305Z","v":0,"logId":"01a11b88-fe79-7c97-9f68-31268f25d3ff"}
{"name":"worker","pid":844,"phase":"INSTALL_PODS","buildId":"114e576c-7b66-4c0b-b583-a312a68da540","source":"stdout","level":30,"msg":"-> Installing React-jsi (0.86.3)","time":"2026-10-08T12:42:05.305Z","v":0,"logId":"01a11b88-fe79-7c97-9f68-3127ccf522c8"}
{"name":"worker","pid":844,"phase":"INSTALL_PODS","buildId":"114e576c-7b66-4c0b-b583-a312a68da540","source":"stdout","level":30,"msg":"-> Installing React-jsiexecutor (0.86.3)","time":"2026-10-08T12:42:05.305Z","v":0,"logId":"01a11b88-fe79-7c97-9f68-3128eb9984d6"}
{"name":"worker","pid":844,"phase":"INSTALL_PODS","buildId":"114e576c-7b66-4c0b-b583-a312a68da540","source":"stdout","level":30,"msg":"-> Installing React-jsinspector (0.86.3)","time":"2026-10-08T12:42:05.305Z","v":0,"logId":"01a11b88-fe79-7c97-9f68-3129a6ead4e6"}
{"name":"worker","pid":844,"phase":"INSTALL_PODS","buildId":"114e576c-7b66-4c0b-b583-a312a68da540","source":"stdout","level":30,"msg":"-> Installing React-jsinspectorcdp (0.86.3)","time":"2026-10-08T12:42:05.305Z","v":0,"logId":"01a11b88-fe79-7c97-9f68-312ab07e9c3f"}
{"name":"worker","pid":844,"phase":"INSTALL_PODS","buildId":"114e576c-7b66-4c0b-b583-a312a68da540","source":"stdout","level":30,"msg":"-> Installing React-jsinspectornetwork (0.86.3)","time":"2026-10-08T12:42:05.305Z","v":0,"logId":"01a11b88-fe79-7c97-9f68-312b8f032894"}
{"name":"worker","pid":844,"phase":"INSTALL_PODS","buildId":"114e576c-7b66-4c0b-b583-a312a68da540","source":"stdout","level":30,"msg":"-> Installing React-jsinspectortracing (0.86.3)","time":"2026-10-08T12:42:05.305Z","v":0,"logId":"01a11b88-fe79-7c97-9f68-312ca6e8db37"}
{"name":"worker","pid":844,"phase":"INSTALL_PODS","buildId":"114e576c-7b66-4c0b-b583-a312a68da540","source":"stdout","level":30,"msg":"-> Installing React-jsitooling (0.86.3)","time":"2026-10-08T12:42:05.305Z","v":0,"logId":"01a11b88-fe79-7c97-9f68-312d85a3e42e"}
{"name":"worker","pid":844,"phase":"INSTALL_PODS","buildId":"114e576c-7b66-4c0b-b583-a312a68da540","source":"stdout","level":30,"msg":"-> Installing React-jsitracing (0.86.3)","time":"2026-10-08T12:42:05.305Z","v":0,"logId":"01a11b88-fe79-7c97-9f68-312e5ab30ff9"}
{"name":"worker","pid":844,"phase":"INSTALL_PODS","buildId":"114e576c-7b66-4c0b-b583-a312a68da540","source":"stdout","level":30,"msg":"-> Installing React-logger (0.86.3)","time":"2026-10-08T12:42:05.305Z","v":0,"logId":"01a11b88-fe79-7c97-9f68-312fe453fdb5"}
{"name":"worker","pid":844,"phase":"INSTALL_PODS","buildId":"114e576c-7b66-4c0b-b583-a312a68da540","source":"stdout","level":30,"msg":"-> Installing React-microtasksnativemodule (0.86.3)","time":"2026-10-08T12:42:05.305Z","v":0,"logId":"01a11b88-fe79-7c97-9f68-31307b9f40a3"}
{"name":"worker","pid":844,"phase":"INSTALL_PODS","buildId":"114e576c-7b66-4c0b-b583-a312a68da540","source":"stdout","level":30,"msg":"-> Installing React-mutationobservernativemodule (0.86.3)","time":"2026-10-08T12:42:05.305Z","v":0,"logId":"01a11b88-fe79-7c97-9f68-3131eeceeba7"}
{"name":"worker","pid":844,"phase":"INSTALL_PODS","buildId":"114e576c-7b66-4c0b-b583-a312a68da540","source":"stdout","level":30,"msg":"-> Installing React-networking (0.86.3)","time":"2026-10-08T12:42:05.305Z","v":0,"logId":"01a11b88-fe79-7c97-9f68-31326b9cf332"}
{"name":"worker","pid":844,"phase":"INSTALL_PODS","buildId":"114e576c-7b66-4c0b-b583-a312a68da540","source":"stdout","level":30,"msg":"-> Installing React-oscompat (0.86.3)","time":"2026-10-08T12:42:05.305Z","v":0,"logId":"01a11b88-fe79-7c97-9f68-313327d64623"}
{"name":"worker","pid":844,"phase":"INSTALL_PODS","buildId":"114e576c-7b66-4c0b-b583-a312a68da540","source":"stdout","level":30,"msg":"-> Installing React-perflogger (0.86.3)","time":"2026-10-08T12:42:05.305Z","v":0,"logId":"01a11b88-fe79-7c97-9f68-3134497b4134"}
{"name":"worker","pid":844,"phase":"INSTALL_PODS","buildId":"114e576c-7b66-4c0b-b583-a312a68da540","source":"stdout","level":30,"msg":"-> Installing React-performancecdpmetrics (0.86.3)","time":"2026-10-08T12:42:05.305Z","v":0,"logId":"01a11b88-fe79-7c97-9f68-3135c1181d22"}
{"name":"worker","pid":844,"phase":"INSTALL_PODS","buildId":"114e576c-7b66-4c0b-b583-a312a68da540","source":"stdout","level":30,"msg":"-> Installing React-performancetimeline (0.86.3)","time":"2026-10-08T12:42:05.305Z","v":0,"logId":"01a11b88-fe79-7c97-9f68-31366dc1ba22"}
{"name":"worker","pid":844,"phase":"INSTALL_PODS","buildId":"114e576c-7b66-4c0b-b583-a312a68da540","source":"stdout","level":30,"msg":"-> Installing React-rendererconsistency (0.86.3)","time":"2026-10-08T12:42:05.305Z","v":0,"logId":"01a11b88-fe79-7c97-9f68-3137a54f9ddb"}
{"name":"worker","pid":844,"phase":"INSTALL_PODS","buildId":"114e576c-7b66-4c0b-b583-a312a68da540","source":"stdout","level":30,"msg":"-> Installing React-renderercss (0.86.3)","time":"2026-10-08T12:42:05.305Z","v":0,"logId":"01a11b88-fe79-7c97-9f68-31380af9eb3e"}
{"name":"worker","pid":844,"phase":"INSTALL_PODS","buildId":"114e576c-7b66-4c0b-b583-a312a68da540","source":"stdout","level":30,"msg":"-> Installing React-rendererdebug (0.86.3)","time":"2026-10-08T12:42:05.305Z","v":0,"logId":"01a11b88-fe79-7c97-9f68-31399c4f0739"}
{"name":"worker","pid":844,"phase":"INSTALL_PODS","buildId":"114e576c-7b66-4c0b-b583-a312a68da540","source":"stdout","level":30,"msg":"-> Installing React-runtimeexecutor (0.86.3)","time":"2026-10-08T12:42:05.305Z","v":0,"logId":"01a11b88-fe79-7c97-9f68-313a5f05cbf3"}
{"name":"worker","pid":844,"phase":"INSTALL_PODS","buildId":"114e576c-7b66-4c0b-b583-a312a68da540","source":"stdout","level":30,"msg":"-> Installing React-runtimescheduler (0.86.3)","time":"2026-10-08T12:42:05.305Z","v":0,"logId":"01a11b88-fe79-7c97-9f68-313bbed794d4"}
{"name":"worker","pid":844,"phase":"INSTALL_PODS","buildId":"114e576c-7b66-4c0b-b583-a312a68da540","source":"stdout","level":30,"msg":"-> Installing React-timing (0.86.3)","time":"2026-10-08T12:42:05.305Z","v":0,"logId":"01a11b88-fe79-7c97-9f68-313cc0302574"}
{"name":"worker","pid":844,"phase":"INSTALL_PODS","buildId":"114e576c-7b66-4c0b-b583-a312a68da540","source":"stdout","level":30,"msg":"-> Installing React-utils (0.86.3)","time":"2026-10-08T12:42:05.305Z","v":0,"logId":"01a11b88-fe79-7c97-9f68-313dbb1b5c6c"}
{"name":"worker","pid":844,"phase":"INSTALL_PODS","buildId":"114e576c-7b66-4c0b-b583-a312a68da540","source":"stdout","level":30,"msg":"-> Installing React-viewtransitionnativemodule (0.86.3)","time":"2026-10-08T12:42:05.305Z","v":0,"logId":"01a11b88-fe79-7c97-9f68-313e39256720"}
{"name":"worker","pid":844,"phase":"INSTALL_PODS","buildId":"114e576c-7b66-4c0b-b583-a312a68da540","source":"stdout","level":30,"msg":"-> Installing React-webperformancenativemodule (0.86.3)","time":"2026-10-08T12:42:05.305Z","v":0,"logId":"01a11b88-fe79-7c97-9f68-313f30814233"}
{"name":"worker","pid":844,"phase":"INSTALL_PODS","buildId":"114e576c-7b66-4c0b-b583-a312a68da540","source":"stdout","level":30,"msg":"-> Installing ReactAppDependencyProvider (0.86.3)","time":"2026-10-08T12:42:05.305Z","v":0,"logId":"01a11b88-fe79-7c97-9f68-3140e2a4639b"}
{"name":"worker","pid":844,"phase":"INSTALL_PODS","buildId":"114e576c-7b66-4c0b-b583-a312a68da540","source":"stdout","level":30,"msg":"-> Installing ReactCodegen (0.86.3)","time":"2026-10-08T12:42:05.305Z","v":0,"logId":"01a11b88-fe79-7c97-9f68-314173461e84"}
{"name":"worker","pid":844,"phase":"INSTALL_PODS","buildId":"114e576c-7b66-4c0b-b583-a312a68da540","source":"stdout","level":30,"msg":"-> Installing ReactCommon (0.86.3)","time":"2026-10-08T12:42:05.305Z","v":0,"logId":"01a11b88-fe79-7c97-9f68-3142baf52702"}
{"name":"worker","pid":844,"phase":"INSTALL_PODS","buildId":"114e576c-7b66-4c0b-b583-a312a68da540","source":"stdout","level":30,"msg":"-> Installing ReactNativeDependencies (0.86.3)","time":"2026-10-08T12:42:05.305Z","v":0,"logId":"01a11b88-fe79-7c97-9f68-31438ee6eda2"}
{"name":"worker","pid":844,"phase":"INSTALL_PODS","buildId":"114e576c-7b66-4c0b-b583-a312a68da540","source":"stdout","level":30,"msg":" > Http download","time":"2026-10-08T12:42:05.305Z","v":0,"logId":"01a11b88-fe79-7c97-9f68-3144452e2b8f"}
{"name":"worker","pid":844,"phase":"INSTALL_PODS","buildId":"114e576c-7b66-4c0b-b583-a312a68da540","source":"stdout","level":30,"msg":"   $ /usr/local/bin/curl -f -L -o /var/folders/5r/jggtw0px53jdd9wfmw74bndr0000gn/T/d20261008-1665-7hmxoh/file.tgz http://cocoapods.caches.eas-build.internal/repo1.maven.org/maven2/com/facebook/react/react-native-artifacts/0.86.3/react-native-artifacts-0.86.3-reactnative-dependencies-debug.tar.gz --create-dirs --netrc-optional --retry 2 -A 'CocoaPods/1.16.2 cocoapods-downloader/2.1'","time":"2026-10-08T12:42:05.305Z","v":0,"logId":"01a11b88-fe79-7c97-9f68-314533aba276"}
{"name":"worker","pid":844,"phase":"INSTALL_PODS","buildId":"114e576c-7b66-4c0b-b583-a312a68da540","source":"stderr","level":30,"msg":"% Total    % Received % Xferd  Average Speed   Time    Time     Time  Current","time":"2026-10-08T12:42:05.318Z","v":0,"logId":"01a11b88-fe86-7dd6-a88f-b1ae17972e6a"}
{"name":"worker","pid":844,"phase":"INSTALL_PODS","buildId":"114e576c-7b66-4c0b-b583-a312a68da540","source":"stderr","level":30,"msg":"                                    Dload  Upload   Total   Spent    Left  Speed","time":"2026-10-08T12:42:05.318Z","v":0,"logId":"01a11b88-fe86-7dd6-a88f-b1afec0f9634"}
{"name":"worker","pid":844,"phase":"INSTALL_PODS","buildId":"114e576c-7b66-4c0b-b583-a312a68da540","source":"stderr","level":30,"msg":"0     0    0     0    0     0      0      0 --:--:-- --:--:-- --:--:--     0\r   100 17.8M  100 17.8M    0     0   118M      0 --:--:-- --:--:-- --:--:--  119M","time":"2026-10-08T12:42:05.468Z","v":0,"logId":"01a11b88-ff1c-7055-985e-55979850135f"}
{"name":"worker","pid":844,"phase":"INSTALL_PODS","buildId":"114e576c-7b66-4c0b-b583-a312a68da540","source":"stdout","level":30,"msg":"$ /usr/bin/tar xf /var/folders/5r/jggtw0px53jdd9wfmw74bndr0000gn/T/d20261008-1665-7hmxoh/file.tgz -C /var/folders/5r/jggtw0px53jdd9wfmw74bndr0000gn/T/d20261008-1665-7hmxoh","time":"2026-10-08T12:42:05.481Z","v":0,"logId":"01a11b88-ff29-7ffc-b58b-4506805fba9b"}
{"name":"worker","pid":844,"phase":"INSTALL_PODS","buildId":"114e576c-7b66-4c0b-b583-a312a68da540","source":"stdout","level":30,"msg":"$ /usr/bin/rsync -a --exclude=.git --delete /var/folders/5r/jggtw0px53jdd9wfmw74bndr0000gn/T/d20261008-1665-7hmxoh/ /Users/expo/Library/Caches/CocoaPods/Pods/External/ReactNativeDependencies/e2a4bec8ef6506e6bcf3767f8aa75438-6738e","time":"2026-10-08T12:42:05.776Z","v":0,"logId":"01a11b89-0050-7aec-94f8-d4b3a3dad83b"}
{"name":"worker","pid":844,"phase":"INSTALL_PODS","buildId":"114e576c-7b66-4c0b-b583-a312a68da540","source":"stdout","level":30,"msg":"> Running prepare command","time":"2026-10-08T12:42:06.607Z","v":0,"logId":"01a11b89-038f-7b58-ba17-127d237c9e5e"}
{"name":"worker","pid":844,"phase":"INSTALL_PODS","buildId":"114e576c-7b66-4c0b-b583-a312a68da540","source":"stdout","level":30,"msg":"   $ /bin/bash -c  set -e CURRENT_PATH=$(pwd) mkdir -p Headers XCFRAMEWORK_PATH=$(find \"$CURRENT_PATH\" -type d -name \"ReactNativeDependencies.xcframework\") HEADERS_PATH=$(find \"$XCFRAMEWORK_PATH\" -type d -name \"Headers\" | head -n 1)  # Check if XCFRAMEWORK_PATH is empty if [ -z \"$XCFRAMEWORK_PATH\" ]; then   echo \"ERROR: XCFRAMEWORK_PATH is empty.\"   exit 0 fi  # Check if HEADERS_PATH is empty if [ -z \"$HEADERS_PATH\" ]; then   echo \"ERROR: HEADERS_PATH is empty.\"   exit 0 fi  cp -R \"$HEADERS_PATH/.\" Headers mkdir -p framework/packages/react-native cp -R \"$XCFRAMEWORK_PATH/../.\" framework/packages/react-native/ find \"$XCFRAMEWORK_PATH/..\" -type f -exec rm {} + find \"$CURRENT_PATH\" -type d -empty -delete","time":"2026-10-08T12:42:06.607Z","v":0,"logId":"01a11b89-038f-7b58-ba17-127e015c5572"}
{"name":"worker","pid":844,"phase":"INSTALL_PODS","buildId":"114e576c-7b66-4c0b-b583-a312a68da540","source":"stdout","level":30,"msg":"> Copying ReactNativeDependencies from `/Users/expo/Library/Caches/CocoaPods/Pods/External/ReactNativeDependencies/e2a4bec8ef6506e6bcf3767f8aa75438-6738e` to `Pods/ReactNativeDependencies`","time":"2026-10-08T12:42:09.226Z","v":0,"logId":"01a11b89-0dca-7a8c-bb47-078d476cdf60"}
{"name":"worker","pid":844,"phase":"INSTALL_PODS","buildId":"114e576c-7b66-4c0b-b583-a312a68da540","source":"stdout","level":30,"msg":"-> Installing UMAppLoader (57.0.2)","time":"2026-10-08T12:42:09.226Z","v":0,"logId":"01a11b89-0dca-7a8c-bb47-078e3b306f96"}
{"name":"worker","pid":844,"phase":"INSTALL_PODS","buildId":"114e576c-7b66-4c0b-b583-a312a68da540","source":"stdout","level":30,"msg":"-> Installing Yoga (0.0.0)","time":"2026-10-08T12:42:09.226Z","v":0,"logId":"01a11b89-0dca-7a8c-bb47-078fd3849ab2"}
{"name":"worker","pid":844,"phase":"INSTALL_PODS","buildId":"114e576c-7b66-4c0b-b583-a312a68da540","source":"stdout","level":30,"msg":"-> Installing hermes-engine (250829098.0.17)","time":"2026-10-08T12:42:09.226Z","v":0,"logId":"01a11b89-0dca-7a8c-bb47-0790fc390d1a"}
{"name":"worker","pid":844,"phase":"INSTALL_PODS","buildId":"114e576c-7b66-4c0b-b583-a312a68da540","source":"stdout","level":30,"msg":" > Http download","time":"2026-10-08T12:42:09.226Z","v":0,"logId":"01a11b89-0dca-7a8c-bb47-0791f6adc85f"}
{"name":"worker","pid":844,"phase":"INSTALL_PODS","buildId":"114e576c-7b66-4c0b-b583-a312a68da540","source":"stdout","level":30,"msg":"   $ /usr/local/bin/curl -f -L -o /var/folders/5r/jggtw0px53jdd9wfmw74bndr0000gn/T/d20261008-1665-g3gv6m/file.tgz http://cocoapods.caches.eas-build.internal/repo1.maven.org/maven2/com/facebook/hermes/hermes-ios/250829098.0.17/hermes-ios-250829098.0.17-hermes-ios-debug.tar.gz --create-dirs --netrc-optional --retry 2 -A 'CocoaPods/1.16.2 cocoapods-downloader/2.1'","time":"2026-10-08T12:42:09.226Z","v":0,"logId":"01a11b89-0dca-7a8c-bb47-0792eb4ebff0"}
{"name":"worker","pid":844,"phase":"INSTALL_PODS","buildId":"114e576c-7b66-4c0b-b583-a312a68da540","source":"stderr","level":30,"msg":"% Total    % Received % Xferd  Average Speed   Time    Time     Time  Current","time":"2026-10-08T12:42:09.237Z","v":0,"logId":"01a11b89-0dd5-7d91-b3d1-a1b2d6b8a09b"}
{"name":"worker","pid":844,"phase":"INSTALL_PODS","buildId":"114e576c-7b66-4c0b-b583-a312a68da540","source":"stderr","level":30,"msg":"                                    Dload  Upload   Total   Spent    Left  Speed","time":"2026-10-08T12:42:09.238Z","v":0,"logId":"01a11b89-0dd6-7b10-bd85-424875a0facb"}
{"name":"worker","pid":844,"phase":"INSTALL_PODS","buildId":"114e576c-7b66-4c0b-b583-a312a68da540","source":"stderr","level":30,"msg":"0     0    0     0    0     0      0      0 --:--:-- --:--:-- --:--:--     0\r   100 31.2M  100 31.2M    0     0   158M      0 --:--:-- --:--:-- --:--:--  159M","time":"2026-10-08T12:42:09.434Z","v":0,"logId":"01a11b89-0e9a-700c-9618-81b1b62fe673"}
{"name":"worker","pid":844,"phase":"INSTALL_PODS","buildId":"114e576c-7b66-4c0b-b583-a312a68da540","source":"stdout","level":30,"msg":"$ /usr/bin/tar xf /var/folders/5r/jggtw0px53jdd9wfmw74bndr0000gn/T/d20261008-1665-g3gv6m/file.tgz -C /var/folders/5r/jggtw0px53jdd9wfmw74bndr0000gn/T/d20261008-1665-g3gv6m","time":"2026-10-08T12:42:09.447Z","v":0,"logId":"01a11b89-0ea7-7491-a214-8130be28547f"}
{"name":"worker","pid":844,"phase":"INSTALL_PODS","buildId":"114e576c-7b66-4c0b-b583-a312a68da540","source":"stdout","level":30,"msg":"$ /usr/bin/rsync -a --exclude=.git --delete /var/folders/5r/jggtw0px53jdd9wfmw74bndr0000gn/T/d20261008-1665-g3gv6m/ /Users/expo/Library/Caches/CocoaPods/Pods/External/hermes-engine/b22263cf1a76325e7c2b2ea49d56e968-63c5d","time":"2026-10-08T12:42:09.596Z","v":0,"logId":"01a11b89-0f3c-70a9-bf0e-77fc059dd6ff"}
{"name":"worker","pid":844,"phase":"INSTALL_PODS","buildId":"114e576c-7b66-4c0b-b583-a312a68da540","source":"stdout","level":30,"msg":"> Copying hermes-engine from `/Users/expo/Library/Caches/CocoaPods/Pods/External/hermes-engine/b22263cf1a76325e7c2b2ea49d56e968-63c5d` to `Pods/hermes-engine`","time":"2026-10-08T12:42:10.190Z","v":0,"logId":"01a11b89-118e-75c1-b2b6-1fcaa5543180"}
{"name":"worker","pid":844,"phase":"INSTALL_PODS","buildId":"114e576c-7b66-4c0b-b583-a312a68da540","source":"stdout","level":30,"msg":"-> Installing react-native-maps (1.27.2)","time":"2026-10-08T12:42:10.191Z","v":0,"logId":"01a11b89-118f-7f67-a8e9-280354680a85"}
{"name":"worker","pid":844,"phase":"INSTALL_PODS","buildId":"114e576c-7b66-4c0b-b583-a312a68da540","source":"stdout","level":30,"msg":"-> Installing react-native-safe-area-context (5.7.0)","time":"2026-10-08T12:42:10.191Z","v":0,"logId":"01a11b89-118f-7f67-a8e9-28040a51653c"}
{"name":"worker","pid":844,"phase":"INSTALL_PODS","buildId":"114e576c-7b66-4c0b-b583-a312a68da540","source":"stdout","level":30,"msg":"-> Installing react-native-view-shot (5.1.0)","time":"2026-10-08T12:42:10.191Z","v":0,"logId":"01a11b89-118f-7f67-a8e9-28052eb5de81"}
{"name":"worker","pid":844,"phase":"INSTALL_PODS","buildId":"114e576c-7b66-4c0b-b583-a312a68da540","source":"stdout","level":30,"msg":"-> Installing react-native-webview (13.16.1)","time":"2026-10-08T12:42:10.191Z","v":0,"logId":"01a11b89-118f-7f67-a8e9-28062c347788"}
{"name":"worker","pid":844,"phase":"INSTALL_PODS","buildId":"114e576c-7b66-4c0b-b583-a312a68da540","source":"stdout","level":30,"msg":"  - Running pre install hooks","time":"2026-10-08T12:42:10.191Z","v":0,"logId":"01a11b89-118f-7f67-a8e9-28070453aa36"}
{"name":"worker","pid":844,"phase":"INSTALL_PODS","buildId":"114e576c-7b66-4c0b-b583-a312a68da540","source":"stdout","level":30,"msg":"[Expo] Ensuring required slices in ExpoModulesJSI.xcframework","time":"2026-10-08T12:42:10.197Z","v":0,"logId":"01a11b89-1195-7b92-b385-57805f8ff00a"}
{"name":"worker","pid":844,"phase":"INSTALL_PODS","buildId":"114e576c-7b66-4c0b-b583-a312a68da540","source":"stdout","level":30,"msg":"[Expo] Staged 1/1 shared SPM xcframework(s) (debug)","time":"2026-10-08T12:42:13.485Z","v":0,"logId":"01a11b89-1e6d-760c-b9c5-1bc251eac034"}
{"name":"worker","pid":844,"phase":"INSTALL_PODS","buildId":"114e576c-7b66-4c0b-b583-a312a68da540","source":"stdout","level":30,"msg":"  - Running pre integrate hooks","time":"2026-10-08T12:42:13.486Z","v":0,"logId":"01a11b89-1e6e-7187-8f83-e4da2e69181c"}
{"name":"worker","pid":844,"phase":"INSTALL_PODS","buildId":"114e576c-7b66-4c0b-b583-a312a68da540","source":"stdout","level":30,"msg":"Generating Pods project","time":"2026-10-08T12:42:13.486Z","v":0,"logId":"01a11b89-1e6e-7187-8f83-e4db62ce3203"}
{"name":"worker","pid":844,"phase":"INSTALL_PODS","buildId":"114e576c-7b66-4c0b-b583-a312a68da540","source":"stdout","level":30,"msg":"  - Creating Pods project","time":"2026-10-08T12:42:13.486Z","v":0,"logId":"01a11b89-1e6e-7187-8f83-e4dc39eab194"}
{"name":"worker","pid":844,"phase":"INSTALL_PODS","buildId":"114e576c-7b66-4c0b-b583-a312a68da540","source":"stdout","level":30,"msg":"  - Installing files into Pods project","time":"2026-10-08T12:42:13.486Z","v":0,"logId":"01a11b89-1e6e-7187-8f83-e4dde4961e3b"}
{"name":"worker","pid":844,"phase":"INSTALL_PODS","buildId":"114e576c-7b66-4c0b-b583-a312a68da540","source":"stdout","level":30,"msg":"    - Adding source files","time":"2026-10-08T12:42:13.486Z","v":0,"logId":"01a11b89-1e6e-7187-8f83-e4de16e3d809"}
{"name":"worker","pid":844,"phase":"INSTALL_PODS","buildId":"114e576c-7b66-4c0b-b583-a312a68da540","source":"stdout","level":30,"msg":"    - Adding frameworks","time":"2026-10-08T12:42:13.486Z","v":0,"logId":"01a11b89-1e6e-7187-8f83-e4dfb9b051b4"}
{"name":"worker","pid":844,"phase":"INSTALL_PODS","buildId":"114e576c-7b66-4c0b-b583-a312a68da540","source":"stdout","level":30,"msg":"    - Adding libraries","time":"2026-10-08T12:42:13.486Z","v":0,"logId":"01a11b89-1e6e-7187-8f83-e4e0154e908d"}
{"name":"worker","pid":844,"phase":"INSTALL_PODS","buildId":"114e576c-7b66-4c0b-b583-a312a68da540","source":"stdout","level":30,"msg":"    - Adding resources","time":"2026-10-08T12:42:13.486Z","v":0,"logId":"01a11b89-1e6e-7187-8f83-e4e14a9ca19d"}
{"name":"worker","pid":844,"phase":"INSTALL_PODS","buildId":"114e576c-7b66-4c0b-b583-a312a68da540","source":"stdout","level":30,"msg":"    - Adding development pod helper files","time":"2026-10-08T12:42:13.486Z","v":0,"logId":"01a11b89-1e6e-7187-8f83-e4e26dde6614"}
{"name":"worker","pid":844,"phase":"INSTALL_PODS","buildId":"114e576c-7b66-4c0b-b583-a312a68da540","source":"stdout","level":30,"msg":"    - Linking headers","time":"2026-10-08T12:42:13.486Z","v":0,"logId":"01a11b89-1e6e-7187-8f83-e4e3ac217923"}
{"name":"worker","pid":844,"phase":"INSTALL_PODS","buildId":"114e576c-7b66-4c0b-b583-a312a68da540","source":"stdout","level":30,"msg":"  - Installing Pod Targets","time":"2026-10-08T12:42:13.486Z","v":0,"logId":"01a11b89-1e6e-7187-8f83-e4e43166bef5"}
{"name":"worker","pid":844,"phase":"INSTALL_PODS","buildId":"114e576c-7b66-4c0b-b583-a312a68da540","source":"stdout","level":30,"msg":"    - Installing target `EXConstants` iOS 16.4","time":"2026-10-08T12:42:13.486Z","v":0,"logId":"01a11b89-1e6e-7187-8f83-e4e51cb9fcbd"}
{"name":"worker","pid":844,"phase":"INSTALL_PODS","buildId":"114e576c-7b66-4c0b-b583-a312a68da540","source":"stdout","level":30,"msg":"      - Generating Info.plist file at `Pods/Target Support Files/EXConstants/ResourceBundle-EXConstants-EXConstants-Info.plist`","time":"2026-10-08T12:42:13.486Z","v":0,"logId":"01a11b89-1e6e-7187-8f83-e4e617b46ab5"}
{"name":"worker","pid":844,"phase":"INSTALL_PODS","buildId":"114e576c-7b66-4c0b-b583-a312a68da540","source":"stdout","level":30,"msg":"      - Generating Info.plist file at `Pods/Target Support Files/EXConstants/ResourceBundle-ExpoConstants_privacy-EXConstants-Info.plist`","time":"2026-10-08T12:42:13.486Z","v":0,"logId":"01a11b89-1e6e-7187-8f83-e4e7a8e6a730"}
{"name":"worker","pid":844,"phase":"INSTALL_PODS","buildId":"114e576c-7b66-4c0b-b583-a312a68da540","source":"stdout","level":30,"msg":"      - Generating module map file at `Pods/Target Support Files/EXConstants/EXConstants.modulemap`","time":"2026-10-08T12:42:13.486Z","v":0,"logId":"01a11b89-1e6e-7187-8f83-e4e8babab844"}
{"name":"worker","pid":844,"phase":"INSTALL_PODS","buildId":"114e576c-7b66-4c0b-b583-a312a68da540","source":"stdout","level":30,"msg":"      - Generating umbrella header at `Pods/Target Support Files/EXConstants/EXConstants-umbrella.h`","time":"2026-10-08T12:42:13.486Z","v":0,"logId":"01a11b89-1e6e-7187-8f83-e4e972c5c708"}
{"name":"worker","pid":844,"phase":"INSTALL_PODS","buildId":"114e576c-7b66-4c0b-b583-a312a68da540","source":"stdout","level":30,"msg":"      - Generating dummy source at `Pods/Target Support Files/EXConstants/EXConstants-dummy.m`","time":"2026-10-08T12:42:13.486Z","v":0,"logId":"01a11b89-1e6e-7187-8f83-e4ea6fc389c7"}
{"name":"worker","pid":844,"phase":"INSTALL_PODS","buildId":"114e576c-7b66-4c0b-b583-a312a68da540","source":"stdout","level":30,"msg":"    - Installing target `Expo` iOS 16.4","time":"2026-10-08T12:42:13.486Z","v":0,"logId":"01a11b89-1e6e-7187-8f83-e4eb9c3f0216"}
{"name":"worker","pid":844,"phase":"INSTALL_PODS","buildId":"114e576c-7b66-4c0b-b583-a312a68da540","source":"stdout","level":30,"msg":"      - Generating module map file at `Pods/Target Support Files/Expo/Expo.modulemap`","time":"2026-10-08T12:42:13.486Z","v":0,"logId":"01a11b89-1e6e-7187-8f83-e4ec1cae87c1"}
{"name":"worker","pid":844,"phase":"INSTALL_PODS","buildId":"114e576c-7b66-4c0b-b583-a312a68da540","source":"stdout","level":30,"msg":"      - Generating umbrella header at `Pods/Target Support Files/Expo/Expo-umbrella.h`","time":"2026-10-08T12:42:13.486Z","v":0,"logId":"01a11b89-1e6e-7187-8f83-e4edccec3edb"}
{"name":"worker","pid":844,"phase":"INSTALL_PODS","buildId":"114e576c-7b66-4c0b-b583-a312a68da540","source":"stdout","level":30,"msg":"      - Generating dummy source at `Pods/Target Support Files/Expo/Expo-dummy.m`","time":"2026-10-08T12:42:13.486Z","v":0,"logId":"01a11b89-1e6e-7187-8f83-e4ee448fa3b1"}
{"name":"worker","pid":844,"phase":"INSTALL_PODS","buildId":"114e576c-7b66-4c0b-b583-a312a68da540","source":"stdout","level":30,"msg":"    - Installing target `ExpoAsset` iOS 16.4","time":"2026-10-08T12:42:13.486Z","v":0,"logId":"01a11b89-1e6e-7187-8f83-e4ef7f8bb682"}
{"name":"worker","pid":844,"phase":"INSTALL_PODS","buildId":"114e576c-7b66-4c0b-b583-a312a68da540","source":"stdout","level":30,"msg":"      - Generating module map file at `Pods/Target Support Files/ExpoAsset/ExpoAsset.modulemap`","time":"2026-10-08T12:42:13.486Z","v":0,"logId":"01a11b89-1e6e-7187-8f83-e4f0f16cb73a"}
{"name":"worker","pid":844,"phase":"INSTALL_PODS","buildId":"114e576c-7b66-4c0b-b583-a312a68da540","source":"stdout","level":30,"msg":"      - Generating umbrella header at `Pods/Target Support Files/ExpoAsset/ExpoAsset-umbrella.h`","time":"2026-10-08T12:42:13.486Z","v":0,"logId":"01a11b89-1e6e-7187-8f83-e4f19733e126"}
{"name":"worker","pid":844,"phase":"INSTALL_PODS","buildId":"114e576c-7b66-4c0b-b583-a312a68da540","source":"stdout","level":30,"msg":"      - Generating dummy source at `Pods/Target Support Files/ExpoAsset/ExpoAsset-dummy.m`","time":"2026-10-08T12:42:13.486Z","v":0,"logId":"01a11b89-1e6e-7187-8f83-e4f2d6e91eaa"}
{"name":"worker","pid":844,"phase":"INSTALL_PODS","buildId":"114e576c-7b66-4c0b-b583-a312a68da540","source":"stdout","level":30,"msg":"    - Installing target `ExpoCamera` iOS 16.4","time":"2026-10-08T12:42:13.486Z","v":0,"logId":"01a11b89-1e6e-7187-8f83-e4f38176e315"}
{"name":"worker","pid":844,"phase":"INSTALL_PODS","buildId":"114e576c-7b66-4c0b-b583-a312a68da540","source":"stdout","level":30,"msg":"    - Installing target `ExpoCameraBarcodeScanning` iOS 16.4","time":"2026-10-08T12:42:13.486Z","v":0,"logId":"01a11b89-1e6e-7187-8f83-e4f460203a16"}
{"name":"worker","pid":844,"phase":"INSTALL_PODS","buildId":"114e576c-7b66-4c0b-b583-a312a68da540","source":"stdout","level":30,"msg":"    - Installing target `ExpoDocumentPicker` iOS 16.4","time":"2026-10-08T12:42:13.486Z","v":0,"logId":"01a11b89-1e6e-7187-8f83-e4f541830fac"}
{"name":"worker","pid":844,"phase":"INSTALL_PODS","buildId":"114e576c-7b66-4c0b-b583-a312a68da540","source":"stdout","level":30,"msg":"      - Generating module map file at `Pods/Target Support Files/ExpoDocumentPicker/ExpoDocumentPicker.modulemap`","time":"2026-10-08T12:42:13.486Z","v":0,"logId":"01a11b89-1e6e-7187-8f83-e4f69c116225"}
{"name":"worker","pid":844,"phase":"INSTALL_PODS","buildId":"114e576c-7b66-4c0b-b583-a312a68da540","source":"stdout","level":30,"msg":"      - Generating umbrella header at `Pods/Target Support Files/ExpoDocumentPicker/ExpoDocumentPicker-umbrella.h`","time":"2026-10-08T12:42:13.486Z","v":0,"logId":"01a11b89-1e6e-7187-8f83-e4f7a31ae00e"}
{"name":"worker","pid":844,"phase":"INSTALL_PODS","buildId":"114e576c-7b66-4c0b-b583-a312a68da540","source":"stdout","level":30,"msg":"      - Generating dummy source at `Pods/Target Support Files/ExpoDocumentPicker/ExpoDocumentPicker-dummy.m`","time":"2026-10-08T12:42:13.486Z","v":0,"logId":"01a11b89-1e6e-7187-8f83-e4f846e1d621"}
{"name":"worker","pid":844,"phase":"INSTALL_PODS","buildId":"114e576c-7b66-4c0b-b583-a312a68da540","source":"stdout","level":30,"msg":"    - Installing target `ExpoDomWebView` iOS 16.4","time":"2026-10-08T12:42:13.486Z","v":0,"logId":"01a11b89-1e6e-7187-8f83-e4f9a19b09e9"}
{"name":"worker","pid":844,"phase":"INSTALL_PODS","buildId":"114e576c-7b66-4c0b-b583-a312a68da540","source":"stdout","level":30,"msg":"      - Generating module map file at `Pods/Target Support Files/ExpoDomWebView/ExpoDomWebView.modulemap`","time":"2026-10-08T12:42:13.486Z","v":0,"logId":"01a11b89-1e6e-7187-8f83-e4faaa002777"}
{"name":"worker","pid":844,"phase":"INSTALL_PODS","buildId":"114e576c-7b66-4c0b-b583-a312a68da540","source":"stdout","level":30,"msg":"      - Generating umbrella header at `Pods/Target Support Files/ExpoDomWebView/ExpoDomWebView-umbrella.h`","time":"2026-10-08T12:42:13.486Z","v":0,"logId":"01a11b89-1e6e-7187-8f83-e4fb8ac98bb9"}
{"name":"worker","pid":844,"phase":"INSTALL_PODS","buildId":"114e576c-7b66-4c0b-b583-a312a68da540","source":"stdout","level":30,"msg":"      - Generating dummy source at `Pods/Target Support Files/ExpoDomWebView/ExpoDomWebView-dummy.m`","time":"2026-10-08T12:42:13.486Z","v":0,"logId":"01a11b89-1e6e-7187-8f83-e4fcaf498351"}
{"name":"worker","pid":844,"phase":"INSTALL_PODS","buildId":"114e576c-7b66-4c0b-b583-a312a68da540","source":"stdout","level":30,"msg":"    - Installing target `ExpoFileSystem` iOS 16.4","time":"2026-10-08T12:42:13.486Z","v":0,"logId":"01a11b89-1e6e-7187-8f83-e4fd1d3b8b54"}
{"name":"worker","pid":844,"phase":"INSTALL_PODS","buildId":"114e576c-7b66-4c0b-b583-a312a68da540","source":"stdout","level":30,"msg":"      - Generating Info.plist file at `Pods/Target Support Files/ExpoFileSystem/ResourceBundle-ExpoFileSystem_privacy-ExpoFileSystem-Info.plist`","time":"2026-10-08T12:42:13.486Z","v":0,"logId":"01a11b89-1e6e-7187-8f83-e4fef9c14597"}
{"name":"worker","pid":844,"phase":"INSTALL_PODS","buildId":"114e576c-7b66-4c0b-b583-a312a68da540","source":"stdout","level":30,"msg":"    - Installing target `ExpoFont` iOS 16.4","time":"2026-10-08T12:42:13.486Z","v":0,"logId":"01a11b89-1e6e-7187-8f83-e4ffd452497d"}
{"name":"worker","pid":844,"phase":"INSTALL_PODS","buildId":"114e576c-7b66-4c0b-b583-a312a68da540","source":"stdout","level":30,"msg":"    - Installing target `ExpoImagePicker` iOS 16.4","time":"2026-10-08T12:42:13.486Z","v":0,"logId":"01a11b89-1e6e-7187-8f83-e500f6c84874"}
{"name":"worker","pid":844,"phase":"INSTALL_PODS","buildId":"114e576c-7b66-4c0b-b583-a312a68da540","source":"stdout","level":30,"msg":"      - Generating module map file at `Pods/Target Support Files/ExpoImagePicker/ExpoImagePicker.modulemap`","time":"2026-10-08T12:42:13.486Z","v":0,"logId":"01a11b89-1e6e-7187-8f83-e5018f9c24eb"}
{"name":"worker","pid":844,"phase":"INSTALL_PODS","buildId":"114e576c-7b66-4c0b-b583-a312a68da540","source":"stdout","level":30,"msg":"      - Generating umbrella header at `Pods/Target Support Files/ExpoImagePicker/ExpoImagePicker-umbrella.h`","time":"2026-10-08T12:42:13.486Z","v":0,"logId":"01a11b89-1e6e-7187-8f83-e502a6514bc0"}
{"name":"worker","pid":844,"phase":"INSTALL_PODS","buildId":"114e576c-7b66-4c0b-b583-a312a68da540","source":"stdout","level":30,"msg":"      - Generating dummy source at `Pods/Target Support Files/ExpoImagePicker/ExpoImagePicker-dummy.m`","time":"2026-10-08T12:42:13.486Z","v":0,"logId":"01a11b89-1e6e-7187-8f83-e503ed9f3ab0"}
{"name":"worker","pid":844,"phase":"INSTALL_PODS","buildId":"114e576c-7b66-4c0b-b583-a312a68da540","source":"stdout","level":30,"msg":"    - Installing target `ExpoKeepAwake` iOS 16.4","time":"2026-10-08T12:42:13.486Z","v":0,"logId":"01a11b89-1e6e-7187-8f83-e504cb2f495c"}
{"name":"worker","pid":844,"phase":"INSTALL_PODS","buildId":"114e576c-7b66-4c0b-b583-a312a68da540","source":"stdout","level":30,"msg":"      - Generating module map file at `Pods/Target Support Files/ExpoKeepAwake/ExpoKeepAwake.modulemap`","time":"2026-10-08T12:42:13.486Z","v":0,"logId":"01a11b89-1e6e-7187-8f83-e5053f6e49ca"}
{"name":"worker","pid":844,"phase":"INSTALL_PODS","buildId":"114e576c-7b66-4c0b-b583-a312a68da540","source":"stdout","level":30,"msg":"      - Generating umbrella header at `Pods/Target Support Files/ExpoKeepAwake/ExpoKeepAwake-umbrella.h`","time":"2026-10-08T12:42:13.486Z","v":0,"logId":"01a11b89-1e6e-7187-8f83-e5062973136f"}
{"name":"worker","pid":844,"phase":"INSTALL_PODS","buildId":"114e576c-7b66-4c0b-b583-a312a68da540","source":"stdout","level":30,"msg":"      - Generating dummy source at `Pods/Target Support Files/ExpoKeepAwake/ExpoKeepAwake-dummy.m`","time":"2026-10-08T12:42:13.486Z","v":0,"logId":"01a11b89-1e6e-7187-8f83-e507f5ed9cfa"}
{"name":"worker","pid":844,"phase":"INSTALL_PODS","buildId":"114e576c-7b66-4c0b-b583-a312a68da540","source":"stdout","level":30,"msg":"    - Installing target `ExpoLocation` iOS 16.4","time":"2026-10-08T12:42:13.486Z","v":0,"logId":"01a11b89-1e6e-7187-8f83-e508bc622b78"}
{"name":"worker","pid":844,"phase":"INSTALL_PODS","buildId":"114e576c-7b66-4c0b-b583-a312a68da540","source":"stdout","level":30,"msg":"    - Installing target `ExpoLogBox` iOS 16.4","time":"2026-10-08T12:42:13.486Z","v":0,"logId":"01a11b89-1e6e-7187-8f83-e509c8c9311c"}
{"name":"worker","pid":844,"phase":"INSTALL_PODS","buildId":"114e576c-7b66-4c0b-b583-a312a68da540","source":"stdout","level":30,"msg":"      - Generating module map file at `Pods/Target Support Files/ExpoLogBox/ExpoLogBox.modulemap`","time":"2026-10-08T12:42:13.486Z","v":0,"logId":"01a11b89-1e6e-7187-8f83-e50ac613e329"}
{"name":"worker","pid":844,"phase":"INSTALL_PODS","buildId":"114e576c-7b66-4c0b-b583-a312a68da540","source":"stdout","level":30,"msg":"      - Generating umbrella header at `Pods/Target Support Files/ExpoLogBox/ExpoLogBox-umbrella.h`","time":"2026-10-08T12:42:13.486Z","v":0,"logId":"01a11b89-1e6e-7187-8f83-e50bfb745e1c"}
{"name":"worker","pid":844,"phase":"INSTALL_PODS","buildId":"114e576c-7b66-4c0b-b583-a312a68da540","source":"stdout","level":30,"msg":"      - Generating dummy source at `Pods/Target Support Files/ExpoLogBox/ExpoLogBox-dummy.m`","time":"2026-10-08T12:42:13.486Z","v":0,"logId":"01a11b89-1e6e-7187-8f83-e50c7b0eecd3"}
{"name":"worker","pid":844,"phase":"INSTALL_PODS","buildId":"114e576c-7b66-4c0b-b583-a312a68da540","source":"stdout","level":30,"msg":"    - Installing target `ExpoModulesCore` iOS 16.4","time":"2026-10-08T12:42:13.486Z","v":0,"logId":"01a11b89-1e6e-7187-8f83-e50d3ed773a3"}
{"name":"worker","pid":844,"phase":"INSTALL_PODS","buildId":"114e576c-7b66-4c0b-b583-a312a68da540","source":"stdout","level":30,"msg":"    - Installing target `ExpoModulesJSI` iOS 16.4","time":"2026-10-08T12:42:13.486Z","v":0,"logId":"01a11b89-1e6e-7187-8f83-e50e21d8c361"}
{"name":"worker","pid":844,"phase":"INSTALL_PODS","buildId":"114e576c-7b66-4c0b-b583-a312a68da540","source":"stdout","level":30,"msg":"    - Installing target `ExpoModulesWorklets` iOS 16.4","time":"2026-10-08T12:42:13.486Z","v":0,"logId":"01a11b89-1e6e-7187-8f83-e50fd39af708"}
{"name":"worker","pid":844,"phase":"INSTALL_PODS","buildId":"114e576c-7b66-4c0b-b583-a312a68da540","source":"stdout","level":30,"msg":"    - Installing target `ExpoTaskManager` iOS 16.4","time":"2026-10-08T12:42:13.486Z","v":0,"logId":"01a11b89-1e6e-7187-8f83-e5104288b49c"}
{"name":"worker","pid":844,"phase":"INSTALL_PODS","buildId":"114e576c-7b66-4c0b-b583-a312a68da540","source":"stdout","level":30,"msg":"      - Generating Info.plist file at `Pods/Target Support Files/ExpoTaskManager/ResourceBundle-ExpoTaskManager_privacy-ExpoTaskManager-Info.plist`","time":"2026-10-08T12:42:13.486Z","v":0,"logId":"01a11b89-1e6e-7187-8f83-e5117193dabe"}
{"name":"worker","pid":844,"phase":"INSTALL_PODS","buildId":"114e576c-7b66-4c0b-b583-a312a68da540","source":"stdout","level":30,"msg":"      - Generating module map file at `Pods/Target Support Files/ExpoTaskManager/ExpoTaskManager.modulemap`","time":"2026-10-08T12:42:13.486Z","v":0,"logId":"01a11b89-1e6e-7187-8f83-e51254c4dfa6"}
{"name":"worker","pid":844,"phase":"INSTALL_PODS","buildId":"114e576c-7b66-4c0b-b583-a312a68da540","source":"stdout","level":30,"msg":"      - Generating umbrella header at `Pods/Target Support Files/ExpoTaskManager/ExpoTaskManager-umbrella.h`","time":"2026-10-08T12:42:13.486Z","v":0,"logId":"01a11b89-1e6e-7187-8f83-e513ada2b6d2"}
{"name":"worker","pid":844,"phase":"INSTALL_PODS","buildId":"114e576c-7b66-4c0b-b583-a312a68da540","source":"stdout","level":30,"msg":"      - Generating dummy source at `Pods/Target Support Files/ExpoTaskManager/ExpoTaskManager-dummy.m`","time":"2026-10-08T12:42:13.486Z","v":0,"logId":"01a11b89-1e6e-7187-8f83-e514d54e97d9"}
{"name":"worker","pid":844,"phase":"INSTALL_PODS","buildId":"114e576c-7b66-4c0b-b583-a312a68da540","source":"stdout","level":30,"msg":"    - Installing target `FBLazyVector` iOS 15.1","time":"2026-10-08T12:42:13.487Z","v":0,"logId":"01a11b89-1e6f-7a21-911e-4e1b1295030a"}
{"name":"worker","pid":844,"phase":"INSTALL_PODS","buildId":"114e576c-7b66-4c0b-b583-a312a68da540","source":"stdout","level":30,"msg":"    - Installing target `RCTDeprecation` iOS 4.3","time":"2026-10-08T12:42:13.487Z","v":0,"logId":"01a11b89-1e6f-7a21-911e-4e1c5bec1b1c"}
{"name":"worker","pid":844,"phase":"INSTALL_PODS","buildId":"114e576c-7b66-4c0b-b583-a312a68da540","source":"stdout","level":30,"msg":"    - Installing target `RCTRequired` iOS 15.1","time":"2026-10-08T12:42:13.487Z","v":0,"logId":"01a11b89-1e6f-7a21-911e-4e1d46b0ff13"}
{"name":"worker","pid":844,"phase":"INSTALL_PODS","buildId":"114e576c-7b66-4c0b-b583-a312a68da540","source":"stdout","level":30,"msg":"    - Installing target `RCTSwiftUI` iOS 15.1","time":"2026-10-08T12:42:13.487Z","v":0,"logId":"01a11b89-1e6f-7a21-911e-4e1eab77a535"}
{"name":"worker","pid":844,"phase":"INSTALL_PODS","buildId":"114e576c-7b66-4c0b-b583-a312a68da540","source":"stdout","level":30,"msg":"    - Installing target `RCTSwiftUIWrapper` iOS 15.1","time":"2026-10-08T12:42:13.487Z","v":0,"logId":"01a11b89-1e6f-7a21-911e-4e1fae0d6592"}
{"name":"worker","pid":844,"phase":"INSTALL_PODS","buildId":"114e576c-7b66-4c0b-b583-a312a68da540","source":"stdout","level":30,"msg":"    - Installing target `RCTTypeSafety` iOS 15.1","time":"2026-10-08T12:42:13.487Z","v":0,"logId":"01a11b89-1e6f-7a21-911e-4e20084a2f1f"}
{"name":"worker","pid":844,"phase":"INSTALL_PODS","buildId":"114e576c-7b66-4c0b-b583-a312a68da540","source":"stdout","level":30,"msg":"    - Installing target `RNCAsyncStorage` iOS 13.4","time":"2026-10-08T12:42:13.487Z","v":0,"logId":"01a11b89-1e6f-7a21-911e-4e21da780254"}
{"name":"worker","pid":844,"phase":"INSTALL_PODS","buildId":"114e576c-7b66-4c0b-b583-a312a68da540","source":"stdout","level":30,"msg":"      - Generating Info.plist file at `Pods/Target Support Files/RNCAsyncStorage/ResourceBundle-RNCAsyncStorage_resources-RNCAsyncStorage-Info.plist`","time":"2026-10-08T12:42:13.487Z","v":0,"logId":"01a11b89-1e6f-7a21-911e-4e22f2fa681e"}
{"name":"worker","pid":844,"phase":"INSTALL_PODS","buildId":"114e576c-7b66-4c0b-b583-a312a68da540","source":"stdout","level":30,"msg":"      - Generating dummy source at `Pods/Target Support Files/RNCAsyncStorage/RNCAsyncStorage-dummy.m`","time":"2026-10-08T12:42:13.487Z","v":0,"logId":"01a11b89-1e6f-7a21-911e-4e23ece0bdc4"}
{"name":"worker","pid":844,"phase":"INSTALL_PODS","buildId":"114e576c-7b66-4c0b-b583-a312a68da540","source":"stdout","level":30,"msg":"    - Installing target `RNDateTimePicker` iOS 11.0","time":"2026-10-08T12:42:13.487Z","v":0,"logId":"01a11b89-1e6f-7a21-911e-4e24b6106369"}
{"name":"worker","pid":844,"phase":"INSTALL_PODS","buildId":"114e576c-7b66-4c0b-b583-a312a68da540","source":"stdout","level":30,"msg":"      - Generating dummy source at `Pods/Target Support Files/RNDateTimePicker/RNDateTimePicker-dummy.m`","time":"2026-10-08T12:42:13.487Z","v":0,"logId":"01a11b89-1e6f-7a21-911e-4e25c5d03cc9"}
{"name":"worker","pid":844,"phase":"INSTALL_PODS","buildId":"114e576c-7b66-4c0b-b583-a312a68da540","source":"stdout","level":30,"msg":"    - Installing target `RNSVG` iOS 12.4","time":"2026-10-08T12:42:13.487Z","v":0,"logId":"01a11b89-1e6f-7a21-911e-4e2611803bba"}
{"name":"worker","pid":844,"phase":"INSTALL_PODS","buildId":"114e576c-7b66-4c0b-b583-a312a68da540","source":"stdout","level":30,"msg":"      - Generating Info.plist file at `Pods/Target Support Files/RNSVG/ResourceBundle-RNSVGFilters-RNSVG-Info.plist`","time":"2026-10-08T12:42:13.487Z","v":0,"logId":"01a11b89-1e6f-7a21-911e-4e27e907feca"}
{"name":"worker","pid":844,"phase":"INSTALL_PODS","buildId":"114e576c-7b66-4c0b-b583-a312a68da540","source":"stdout","level":30,"msg":"      - Generating dummy source at `Pods/Target Support Files/RNSVG/RNSVG-dummy.m`","time":"2026-10-08T12:42:13.487Z","v":0,"logId":"01a11b89-1e6f-7a21-911e-4e28d2e6fe2c"}
{"name":"worker","pid":844,"phase":"INSTALL_PODS","buildId":"114e576c-7b66-4c0b-b583-a312a68da540","source":"stdout","level":30,"msg":"    - Installing target `RNScreens` iOS 15.1","time":"2026-10-08T12:42:13.487Z","v":0,"logId":"01a11b89-1e6f-7a21-911e-4e290088b78e"}
{"name":"worker","pid":844,"phase":"INSTALL_PODS","buildId":"114e576c-7b66-4c0b-b583-a312a68da540","source":"stdout","level":30,"msg":"      - Generating module map file at `Pods/Target Support Files/RNScreens/RNScreens.modulemap`","time":"2026-10-08T12:42:13.487Z","v":0,"logId":"01a11b89-1e6f-7a21-911e-4e2a3efabde3"}
{"name":"worker","pid":844,"phase":"INSTALL_PODS","buildId":"114e576c-7b66-4c0b-b583-a312a68da540","source":"stdout","level":30,"msg":"      - Generating umbrella header at `Pods/Target Support Files/RNScreens/RNScreens-umbrella.h`","time":"2026-10-08T12:42:13.487Z","v":0,"logId":"01a11b89-1e6f-7a21-911e-4e2baf8e273d"}
{"name":"worker","pid":844,"phase":"INSTALL_PODS","buildId":"114e576c-7b66-4c0b-b583-a312a68da540","source":"stdout","level":30,"msg":"      - Generating dummy source at `Pods/Target Support Files/RNScreens/RNScreens-dummy.m`","time":"2026-10-08T12:42:13.487Z","v":0,"logId":"01a11b89-1e6f-7a21-911e-4e2c29c2acb6"}
{"name":"worker","pid":844,"phase":"INSTALL_PODS","buildId":"114e576c-7b66-4c0b-b583-a312a68da540","source":"stdout","level":30,"msg":"    - Installing target `React` iOS 15.1","time":"2026-10-08T12:42:13.487Z","v":0,"logId":"01a11b89-1e6f-7a21-911e-4e2d3178a5ab"}
{"name":"worker","pid":844,"phase":"INSTALL_PODS","buildId":"114e576c-7b66-4c0b-b583-a312a68da540","source":"stdout","level":30,"msg":"    - Installing target `React-Core` iOS 15.1","time":"2026-10-08T12:42:13.487Z","v":0,"logId":"01a11b89-1e6f-7a21-911e-4e2ea11ab4a1"}
{"name":"worker","pid":844,"phase":"INSTALL_PODS","buildId":"114e576c-7b66-4c0b-b583-a312a68da540","source":"stdout","level":30,"msg":"      - Generating Info.plist file at `Pods/Target Support Files/React-Core/ResourceBundle-React-Core_privacy-React-Core-Info.plist`","time":"2026-10-08T12:42:13.487Z","v":0,"logId":"01a11b89-1e6f-7a21-911e-4e2f88d4dcb4"}
{"name":"worker","pid":844,"phase":"INSTALL_PODS","buildId":"114e576c-7b66-4c0b-b583-a312a68da540","source":"stdout","level":30,"msg":"    - Installing target `React-Core-prebuilt` iOS 15.1","time":"2026-10-08T12:42:13.487Z","v":0,"logId":"01a11b89-1e6f-7a21-911e-4e3074b8e7b0"}
{"name":"worker","pid":844,"phase":"INSTALL_PODS","buildId":"114e576c-7b66-4c0b-b583-a312a68da540","source":"stdout","level":30,"msg":"    - Installing target `React-CoreModules` iOS 15.1","time":"2026-10-08T12:42:13.487Z","v":0,"logId":"01a11b89-1e6f-7a21-911e-4e31dee1c7ce"}
{"name":"worker","pid":844,"phase":"INSTALL_PODS","buildId":"114e576c-7b66-4c0b-b583-a312a68da540","source":"stdout","level":30,"msg":"    - Installing target `React-Fabric` iOS 15.1","time":"2026-10-08T12:42:13.487Z","v":0,"logId":"01a11b89-1e6f-7a21-911e-4e325cbbb4ec"}
{"name":"worker","pid":844,"phase":"INSTALL_PODS","buildId":"114e576c-7b66-4c0b-b583-a312a68da540","source":"stdout","level":30,"msg":"    - Installing target `React-FabricComponents` iOS 15.1","time":"2026-10-08T12:42:13.487Z","v":0,"logId":"01a11b89-1e6f-7a21-911e-4e33a6c6bc68"}
{"name":"worker","pid":844,"phase":"INSTALL_PODS","buildId":"114e576c-7b66-4c0b-b583-a312a68da540","source":"stdout","level":30,"msg":"    - Installing target `React-FabricImage` iOS 15.1","time":"2026-10-08T12:42:13.487Z","v":0,"logId":"01a11b89-1e6f-7a21-911e-4e348b3499e9"}
{"name":"worker","pid":844,"phase":"INSTALL_PODS","buildId":"114e576c-7b66-4c0b-b583-a312a68da540","source":"stdout","level":30,"msg":"    - Installing target `React-ImageManager` iOS 15.1","time":"2026-10-08T12:42:13.487Z","v":0,"logId":"01a11b89-1e6f-7a21-911e-4e35635d1ea7"}
{"name":"worker","pid":844,"phase":"INSTALL_PODS","buildId":"114e576c-7b66-4c0b-b583-a312a68da540","source":"stdout","level":30,"msg":"    - Installing target `React-Mapbuffer` iOS 15.1","time":"2026-10-08T12:42:13.487Z","v":0,"logId":"01a11b89-1e6f-7a21-911e-4e36b57d1339"}
{"name":"worker","pid":844,"phase":"INSTALL_PODS","buildId":"114e576c-7b66-4c0b-b583-a312a68da540","source":"stdout","level":30,"msg":"    - Installing target `React-NativeModulesApple` iOS 15.1","time":"2026-10-08T12:42:13.487Z","v":0,"logId":"01a11b89-1e6f-7a21-911e-4e378eb4a5e5"}
{"name":"worker","pid":844,"phase":"INSTALL_PODS","buildId":"114e576c-7b66-4c0b-b583-a312a68da540","source":"stdout","level":30,"msg":"    - Installing target `React-RCTActionSheet` iOS 15.1","time":"2026-10-08T12:42:13.487Z","v":0,"logId":"01a11b89-1e6f-7a21-911e-4e38d8519ab6"}
{"name":"worker","pid":844,"phase":"INSTALL_PODS","buildId":"114e576c-7b66-4c0b-b583-a312a68da540","source":"stdout","level":30,"msg":"    - Installing target `React-RCTAnimation` iOS 15.1","time":"2026-10-08T12:42:13.487Z","v":0,"logId":"01a11b89-1e6f-7a21-911e-4e39e8cdd7e1"}
{"name":"worker","pid":844,"phase":"INSTALL_PODS","buildId":"114e576c-7b66-4c0b-b583-a312a68da540","source":"stdout","level":30,"msg":"    - Installing target `React-RCTAppDelegate` iOS 15.1","time":"2026-10-08T12:42:13.487Z","v":0,"logId":"01a11b89-1e6f-7a21-911e-4e3aeb9a4b30"}
{"name":"worker","pid":844,"phase":"INSTALL_PODS","buildId":"114e576c-7b66-4c0b-b583-a312a68da540","source":"stdout","level":30,"msg":"    - Installing target `React-RCTBlob` iOS 15.1","time":"2026-10-08T12:42:13.487Z","v":0,"logId":"01a11b89-1e6f-7a21-911e-4e3b83e24efc"}
{"name":"worker","pid":844,"phase":"INSTALL_PODS","buildId":"114e576c-7b66-4c0b-b583-a312a68da540","source":"stdout","level":30,"msg":"    - Installing target `React-RCTFBReactNativeSpec` iOS 15.1","time":"2026-10-08T12:42:13.487Z","v":0,"logId":"01a11b89-1e6f-7a21-911e-4e3cb9245b82"}
{"name":"worker","pid":844,"phase":"INSTALL_PODS","buildId":"114e576c-7b66-4c0b-b583-a312a68da540","source":"stdout","level":30,"msg":"    - Installing target `React-RCTFabric` iOS 15.1","time":"2026-10-08T12:42:13.487Z","v":0,"logId":"01a11b89-1e6f-7a21-911e-4e3de9f7a6b5"}
{"name":"worker","pid":844,"phase":"INSTALL_PODS","buildId":"114e576c-7b66-4c0b-b583-a312a68da540","source":"stdout","level":30,"msg":"    - Installing target `React-RCTImage` iOS 15.1","time":"2026-10-08T12:42:13.487Z","v":0,"logId":"01a11b89-1e6f-7a21-911e-4e3e87a7eed1"}
{"name":"worker","pid":844,"phase":"INSTALL_PODS","buildId":"114e576c-7b66-4c0b-b583-a312a68da540","source":"stdout","level":30,"msg":"    - Installing target `React-RCTLinking` iOS 15.1","time":"2026-10-08T12:42:13.487Z","v":0,"logId":"01a11b89-1e6f-7a21-911e-4e3f450ae54e"}
{"name":"worker","pid":844,"phase":"INSTALL_PODS","buildId":"114e576c-7b66-4c0b-b583-a312a68da540","source":"stdout","level":30,"msg":"    - Installing target `React-RCTNetwork` iOS 15.1","time":"2026-10-08T12:42:13.487Z","v":0,"logId":"01a11b89-1e6f-7a21-911e-4e40ea3f16c8"}
{"name":"worker","pid":844,"phase":"INSTALL_PODS","buildId":"114e576c-7b66-4c0b-b583-a312a68da540","source":"stdout","level":30,"msg":"    - Installing target `React-RCTRuntime` iOS 15.1","time":"2026-10-08T12:42:13.487Z","v":0,"logId":"01a11b89-1e6f-7a21-911e-4e4101deab13"}
{"name":"worker","pid":844,"phase":"INSTALL_PODS","buildId":"114e576c-7b66-4c0b-b583-a312a68da540","source":"stdout","level":30,"msg":"    - Installing target `React-RCTSettings` iOS 15.1","time":"2026-10-08T12:42:13.487Z","v":0,"logId":"01a11b89-1e6f-7a21-911e-4e42ae52c2cb"}
{"name":"worker","pid":844,"phase":"INSTALL_PODS","buildId":"114e576c-7b66-4c0b-b583-a312a68da540","source":"stdout","level":30,"msg":"    - Installing target `React-RCTText` iOS 15.1","time":"2026-10-08T12:42:13.487Z","v":0,"logId":"01a11b89-1e6f-7a21-911e-4e43e05846e2"}
{"name":"worker","pid":844,"phase":"INSTALL_PODS","buildId":"114e576c-7b66-4c0b-b583-a312a68da540","source":"stdout","level":30,"msg":"    - Installing target `React-RCTVibration` iOS 15.1","time":"2026-10-08T12:42:13.487Z","v":0,"logId":"01a11b89-1e6f-7a21-911e-4e448793076e"}
{"name":"worker","pid":844,"phase":"INSTALL_PODS","buildId":"114e576c-7b66-4c0b-b583-a312a68da540","source":"stdout","level":30,"msg":"    - Installing target `React-RuntimeApple` iOS 15.1","time":"2026-10-08T12:42:13.487Z","v":0,"logId":"01a11b89-1e6f-7a21-911e-4e45f693c302"}
{"name":"worker","pid":844,"phase":"INSTALL_PODS","buildId":"114e576c-7b66-4c0b-b583-a312a68da540","source":"stdout","level":30,"msg":"    - Installing target `React-RuntimeCore` iOS 15.1","time":"2026-10-08T12:42:13.487Z","v":0,"logId":"01a11b89-1e6f-7a21-911e-4e46a4334ada"}
{"name":"worker","pid":844,"phase":"INSTALL_PODS","buildId":"114e576c-7b66-4c0b-b583-a312a68da540","source":"stdout","level":30,"msg":"    - Installing target `React-RuntimeHermes` iOS 15.1","time":"2026-10-08T12:42:13.487Z","v":0,"logId":"01a11b89-1e6f-7a21-911e-4e47cc60c17b"}
{"name":"worker","pid":844,"phase":"INSTALL_PODS","buildId":"114e576c-7b66-4c0b-b583-a312a68da540","source":"stdout","level":30,"msg":"    - Installing target `React-callinvoker` iOS 15.1","time":"2026-10-08T12:42:13.487Z","v":0,"logId":"01a11b89-1e6f-7a21-911e-4e4802dbb38e"}
{"name":"worker","pid":844,"phase":"INSTALL_PODS","buildId":"114e576c-7b66-4c0b-b583-a312a68da540","source":"stdout","level":30,"msg":"    - Installing target `React-cxxreact` iOS 15.1","time":"2026-10-08T12:42:13.487Z","v":0,"logId":"01a11b89-1e6f-7a21-911e-4e4944a695f5"}
{"name":"worker","pid":844,"phase":"INSTALL_PODS","buildId":"114e576c-7b66-4c0b-b583-a312a68da540","source":"stdout","level":30,"msg":"      - Generating Info.plist file at `Pods/Target Support Files/React-cxxreact/ResourceBundle-React-cxxreact_privacy-React-cxxreact-Info.plist`","time":"2026-10-08T12:42:13.487Z","v":0,"logId":"01a11b89-1e6f-7a21-911e-4e4a8e5b5c80"}
{"name":"worker","pid":844,"phase":"INSTALL_PODS","buildId":"114e576c-7b66-4c0b-b583-a312a68da540","source":"stdout","level":30,"msg":"    - Installing target `React-debug` iOS 15.1","time":"2026-10-08T12:42:13.487Z","v":0,"logId":"01a11b89-1e6f-7a21-911e-4e4b2fb30592"}
{"name":"worker","pid":844,"phase":"INSTALL_PODS","buildId":"114e576c-7b66-4c0b-b583-a312a68da540","source":"stdout","level":30,"msg":"    - Installing target `React-defaultsnativemodule` iOS 15.1","time":"2026-10-08T12:42:13.487Z","v":0,"logId":"01a11b89-1e6f-7a21-911e-4e4cc40614a3"}
{"name":"worker","pid":844,"phase":"INSTALL_PODS","buildId":"114e576c-7b66-4c0b-b583-a312a68da540","source":"stdout","level":30,"msg":"    - Installing target `React-domnativemodule` iOS 15.1","time":"2026-10-08T12:42:13.487Z","v":0,"logId":"01a11b89-1e6f-7a21-911e-4e4d4add3627"}
{"name":"worker","pid":844,"phase":"INSTALL_PODS","buildId":"114e576c-7b66-4c0b-b583-a312a68da540","source":"stdout","level":30,"msg":"    - Installing target `React-featureflags` iOS 15.1","time":"2026-10-08T12:42:13.487Z","v":0,"logId":"01a11b89-1e6f-7a21-911e-4e4e484aebea"}
{"name":"worker","pid":844,"phase":"INSTALL_PODS","buildId":"114e576c-7b66-4c0b-b583-a312a68da540","source":"stdout","level":30,"msg":"    - Installing target `React-featureflagsnativemodule` iOS 15.1","time":"2026-10-08T12:42:13.487Z","v":0,"logId":"01a11b89-1e6f-7a21-911e-4e4fbb0247c0"}
{"name":"worker","pid":844,"phase":"INSTALL_PODS","buildId":"114e576c-7b66-4c0b-b583-a312a68da540","source":"stdout","level":30,"msg":"    - Installing target `React-graphics` iOS 15.1","time":"2026-10-08T12:42:13.487Z","v":0,"logId":"01a11b89-1e6f-7a21-911e-4e505d6ba825"}
{"name":"worker","pid":844,"phase":"INSTALL_PODS","buildId":"114e576c-7b66-4c0b-b583-a312a68da540","source":"stdout","level":30,"msg":"    - Installing target `React-hermes` iOS 15.1","time":"2026-10-08T12:42:13.487Z","v":0,"logId":"01a11b89-1e6f-7a21-911e-4e51e2809a2b"}
{"name":"worker","pid":844,"phase":"INSTALL_PODS","buildId":"114e576c-7b66-4c0b-b583-a312a68da540","source":"stdout","level":30,"msg":"    - Installing target `React-idlecallbacksnativemodule` iOS 15.1","time":"2026-10-08T12:42:13.487Z","v":0,"logId":"01a11b89-1e6f-7a21-911e-4e52473f93e3"}
{"name":"worker","pid":844,"phase":"INSTALL_PODS","buildId":"114e576c-7b66-4c0b-b583-a312a68da540","source":"stdout","level":30,"msg":"    - Installing target `React-intersectionobservernativemodule` iOS 15.1","time":"2026-10-08T12:42:13.487Z","v":0,"logId":"01a11b89-1e6f-7a21-911e-4e535284cb4a"}
{"name":"worker","pid":844,"phase":"INSTALL_PODS","buildId":"114e576c-7b66-4c0b-b583-a312a68da540","source":"stdout","level":30,"msg":"    - Installing target `React-jserrorhandler` iOS 15.1","time":"2026-10-08T12:42:13.487Z","v":0,"logId":"01a11b89-1e6f-7a21-911e-4e542f230830"}
{"name":"worker","pid":844,"phase":"INSTALL_PODS","buildId":"114e576c-7b66-4c0b-b583-a312a68da540","source":"stdout","level":30,"msg":"    - Installing target `React-jsi` iOS 15.1","time":"2026-10-08T12:42:13.487Z","v":0,"logId":"01a11b89-1e6f-7a21-911e-4e550dacdd9a"}
{"name":"worker","pid":844,"phase":"INSTALL_PODS","buildId":"114e576c-7b66-4c0b-b583-a312a68da540","source":"stdout","level":30,"msg":"    - Installing target `React-jsiexecutor` iOS 15.1","time":"2026-10-08T12:42:13.487Z","v":0,"logId":"01a11b89-1e6f-7a21-911e-4e564f20d9cc"}
{"name":"worker","pid":844,"phase":"INSTALL_PODS","buildId":"114e576c-7b66-4c0b-b583-a312a68da540","source":"stdout","level":30,"msg":"- Installing target `React-jsinspector` iOS 15.1","time":"2026-10-08T12:42:15.166Z","v":0,"logId":"01a11b89-24fe-7371-b590-5ce0905e8415"}
{"name":"worker","pid":844,"phase":"INSTALL_PODS","buildId":"114e576c-7b66-4c0b-b583-a312a68da540","source":"stdout","level":30,"msg":"    - Installing target `React-jsinspectorcdp` iOS 15.1","time":"2026-10-08T12:42:15.167Z","v":0,"logId":"01a11b89-24ff-7765-b7b2-4a20c89f46b6"}
{"name":"worker","pid":844,"phase":"INSTALL_PODS","buildId":"114e576c-7b66-4c0b-b583-a312a68da540","source":"stdout","level":30,"msg":"    - Installing target `React-jsinspectornetwork` iOS 15.1","time":"2026-10-08T12:42:15.167Z","v":0,"logId":"01a11b89-24ff-7765-b7b2-4a21ce291da2"}
{"name":"worker","pid":844,"phase":"INSTALL_PODS","buildId":"114e576c-7b66-4c0b-b583-a312a68da540","source":"stdout","level":30,"msg":"    - Installing target `React-jsinspectortracing` iOS 15.1","time":"2026-10-08T12:42:15.167Z","v":0,"logId":"01a11b89-24ff-7765-b7b2-4a22f328cdf9"}
{"name":"worker","pid":844,"phase":"INSTALL_PODS","buildId":"114e576c-7b66-4c0b-b583-a312a68da540","source":"stdout","level":30,"msg":"    - Installing target `React-jsitooling` iOS 15.1","time":"2026-10-08T12:42:15.167Z","v":0,"logId":"01a11b89-24ff-7765-b7b2-4a237b9671d5"}
{"name":"worker","pid":844,"phase":"INSTALL_PODS","buildId":"114e576c-7b66-4c0b-b583-a312a68da540","source":"stdout","level":30,"msg":"    - Installing target `React-jsitracing` iOS 15.1","time":"2026-10-08T12:42:15.167Z","v":0,"logId":"01a11b89-24ff-7765-b7b2-4a243808b24e"}
{"name":"worker","pid":844,"phase":"INSTALL_PODS","buildId":"114e576c-7b66-4c0b-b583-a312a68da540","source":"stdout","level":30,"msg":"    - Installing target `React-logger` iOS 15.1","time":"2026-10-08T12:42:15.167Z","v":0,"logId":"01a11b89-24ff-7765-b7b2-4a2578b6bb84"}
{"name":"worker","pid":844,"phase":"INSTALL_PODS","buildId":"114e576c-7b66-4c0b-b583-a312a68da540","source":"stdout","level":30,"msg":"    - Installing target `React-microtasksnativemodule` iOS 15.1","time":"2026-10-08T12:42:15.167Z","v":0,"logId":"01a11b89-24ff-7765-b7b2-4a26d3d1c7a8"}
{"name":"worker","pid":844,"phase":"INSTALL_PODS","buildId":"114e576c-7b66-4c0b-b583-a312a68da540","source":"stdout","level":30,"msg":"    - Installing target `React-mutationobservernativemodule` iOS 15.1","time":"2026-10-08T12:42:15.167Z","v":0,"logId":"01a11b89-24ff-7765-b7b2-4a275cb10687"}
{"name":"worker","pid":844,"phase":"INSTALL_PODS","buildId":"114e576c-7b66-4c0b-b583-a312a68da540","source":"stdout","level":30,"msg":"    - Installing target `React-networking` iOS 15.1","time":"2026-10-08T12:42:15.167Z","v":0,"logId":"01a11b89-24ff-7765-b7b2-4a287f14c6ef"}
{"name":"worker","pid":844,"phase":"INSTALL_PODS","buildId":"114e576c-7b66-4c0b-b583-a312a68da540","source":"stdout","level":30,"msg":"    - Installing target `React-oscompat` iOS 15.1","time":"2026-10-08T12:42:15.167Z","v":0,"logId":"01a11b89-24ff-7765-b7b2-4a295838150c"}
{"name":"worker","pid":844,"phase":"INSTALL_PODS","buildId":"114e576c-7b66-4c0b-b583-a312a68da540","source":"stdout","level":30,"msg":"    - Installing target `React-perflogger` iOS 15.1","time":"2026-10-08T12:42:15.167Z","v":0,"logId":"01a11b89-24ff-7765-b7b2-4a2a784902c5"}
{"name":"worker","pid":844,"phase":"INSTALL_PODS","buildId":"114e576c-7b66-4c0b-b583-a312a68da540","source":"stdout","level":30,"msg":"    - Installing target `React-performancecdpmetrics` iOS 15.1","time":"2026-10-08T12:42:15.167Z","v":0,"logId":"01a11b89-24ff-7765-b7b2-4a2bac3ef8d9"}
{"name":"worker","pid":844,"phase":"INSTALL_PODS","buildId":"114e576c-7b66-4c0b-b583-a312a68da540","source":"stdout","level":30,"msg":"    - Installing target `React-performancetimeline` iOS 15.1","time":"2026-10-08T12:42:15.167Z","v":0,"logId":"01a11b89-24ff-7765-b7b2-4a2c3eb04706"}
{"name":"worker","pid":844,"phase":"INSTALL_PODS","buildId":"114e576c-7b66-4c0b-b583-a312a68da540","source":"stdout","level":30,"msg":"    - Installing target `React-rendererconsistency` iOS 15.1","time":"2026-10-08T12:42:15.167Z","v":0,"logId":"01a11b89-24ff-7765-b7b2-4a2d58ded49e"}
{"name":"worker","pid":844,"phase":"INSTALL_PODS","buildId":"114e576c-7b66-4c0b-b583-a312a68da540","source":"stdout","level":30,"msg":"    - Installing target `React-renderercss` iOS 15.1","time":"2026-10-08T12:42:15.167Z","v":0,"logId":"01a11b89-24ff-7765-b7b2-4a2e26d3fd28"}
{"name":"worker","pid":844,"phase":"INSTALL_PODS","buildId":"114e576c-7b66-4c0b-b583-a312a68da540","source":"stdout","level":30,"msg":"    - Installing target `React-rendererdebug` iOS 15.1","time":"2026-10-08T12:42:15.167Z","v":0,"logId":"01a11b89-24ff-7765-b7b2-4a2f19f8e004"}
{"name":"worker","pid":844,"phase":"INSTALL_PODS","buildId":"114e576c-7b66-4c0b-b583-a312a68da540","source":"stdout","level":30,"msg":"    - Installing target `React-runtimeexecutor` iOS 15.1","time":"2026-10-08T12:42:15.167Z","v":0,"logId":"01a11b89-24ff-7765-b7b2-4a30ea08251f"}
{"name":"worker","pid":844,"phase":"INSTALL_PODS","buildId":"114e576c-7b66-4c0b-b583-a312a68da540","source":"stdout","level":30,"msg":"    - Installing target `React-runtimescheduler` iOS 15.1","time":"2026-10-08T12:42:15.167Z","v":0,"logId":"01a11b89-24ff-7765-b7b2-4a312f892c64"}
{"name":"worker","pid":844,"phase":"INSTALL_PODS","buildId":"114e576c-7b66-4c0b-b583-a312a68da540","source":"stdout","level":30,"msg":"    - Installing target `React-timing` iOS 15.1","time":"2026-10-08T12:42:15.167Z","v":0,"logId":"01a11b89-24ff-7765-b7b2-4a326a10a3dc"}
{"name":"worker","pid":844,"phase":"INSTALL_PODS","buildId":"114e576c-7b66-4c0b-b583-a312a68da540","source":"stdout","level":30,"msg":"      - Generating Info.plist file at `Pods/Target Support Files/React-timing/ResourceBundle-React-timing_privacy-React-timing-Info.plist`","time":"2026-10-08T12:42:15.167Z","v":0,"logId":"01a11b89-24ff-7765-b7b2-4a33b4732e15"}
{"name":"worker","pid":844,"phase":"INSTALL_PODS","buildId":"114e576c-7b66-4c0b-b583-a312a68da540","source":"stdout","level":30,"msg":"    - Installing target `React-utils` iOS 15.1","time":"2026-10-08T12:42:15.167Z","v":0,"logId":"01a11b89-24ff-7765-b7b2-4a34c6abe97f"}
{"name":"worker","pid":844,"phase":"INSTALL_PODS","buildId":"114e576c-7b66-4c0b-b583-a312a68da540","source":"stdout","level":30,"msg":"    - Installing target `React-viewtransitionnativemodule` iOS 15.1","time":"2026-10-08T12:42:15.167Z","v":0,"logId":"01a11b89-24ff-7765-b7b2-4a35a2c530c4"}
{"name":"worker","pid":844,"phase":"INSTALL_PODS","buildId":"114e576c-7b66-4c0b-b583-a312a68da540","source":"stdout","level":30,"msg":"    - Installing target `React-webperformancenativemodule` iOS 15.1","time":"2026-10-08T12:42:15.167Z","v":0,"logId":"01a11b89-24ff-7765-b7b2-4a368f472d29"}
{"name":"worker","pid":844,"phase":"INSTALL_PODS","buildId":"114e576c-7b66-4c0b-b583-a312a68da540","source":"stdout","level":30,"msg":"    - Installing target `ReactAppDependencyProvider` iOS 15.1","time":"2026-10-08T12:42:15.167Z","v":0,"logId":"01a11b89-24ff-7765-b7b2-4a377c362919"}
{"name":"worker","pid":844,"phase":"INSTALL_PODS","buildId":"114e576c-7b66-4c0b-b583-a312a68da540","source":"stdout","level":30,"msg":"      - Generating module map file at `Pods/Target Support Files/ReactAppDependencyProvider/ReactAppDependencyProvider.modulemap`","time":"2026-10-08T12:42:15.167Z","v":0,"logId":"01a11b89-24ff-7765-b7b2-4a384281b047"}
{"name":"worker","pid":844,"phase":"INSTALL_PODS","buildId":"114e576c-7b66-4c0b-b583-a312a68da540","source":"stdout","level":30,"msg":"      - Generating umbrella header at `Pods/Target Support Files/ReactAppDependencyProvider/ReactAppDependencyProvider-umbrella.h`","time":"2026-10-08T12:42:15.167Z","v":0,"logId":"01a11b89-24ff-7765-b7b2-4a392c4b536c"}
{"name":"worker","pid":844,"phase":"INSTALL_PODS","buildId":"114e576c-7b66-4c0b-b583-a312a68da540","source":"stdout","level":30,"msg":"      - Generating dummy source at `Pods/Target Support Files/ReactAppDependencyProvider/ReactAppDependencyProvider-dummy.m`","time":"2026-10-08T12:42:15.167Z","v":0,"logId":"01a11b89-24ff-7765-b7b2-4a3a5c38f630"}
{"name":"worker","pid":844,"phase":"INSTALL_PODS","buildId":"114e576c-7b66-4c0b-b583-a312a68da540","source":"stdout","level":30,"msg":"    - Installing target `ReactCodegen` iOS 15.1","time":"2026-10-08T12:42:15.167Z","v":0,"logId":"01a11b89-24ff-7765-b7b2-4a3b3a8775fb"}
{"name":"worker","pid":844,"phase":"INSTALL_PODS","buildId":"114e576c-7b66-4c0b-b583-a312a68da540","source":"stdout","level":30,"msg":"      - Generating module map file at `Pods/Target Support Files/ReactCodegen/ReactCodegen.modulemap`","time":"2026-10-08T12:42:15.167Z","v":0,"logId":"01a11b89-24ff-7765-b7b2-4a3c4c2512ac"}
{"name":"worker","pid":844,"phase":"INSTALL_PODS","buildId":"114e576c-7b66-4c0b-b583-a312a68da540","source":"stdout","level":30,"msg":"      - Generating umbrella header at `Pods/Target Support Files/ReactCodegen/ReactCodegen-umbrella.h`","time":"2026-10-08T12:42:15.167Z","v":0,"logId":"01a11b89-24ff-7765-b7b2-4a3d3750ef63"}
{"name":"worker","pid":844,"phase":"INSTALL_PODS","buildId":"114e576c-7b66-4c0b-b583-a312a68da540","source":"stdout","level":30,"msg":"      - Generating dummy source at `Pods/Target Support Files/ReactCodegen/ReactCodegen-dummy.m`","time":"2026-10-08T12:42:15.167Z","v":0,"logId":"01a11b89-24ff-7765-b7b2-4a3e6b3084eb"}
{"name":"worker","pid":844,"phase":"INSTALL_PODS","buildId":"114e576c-7b66-4c0b-b583-a312a68da540","source":"stdout","level":30,"msg":"    - Installing target `ReactCommon` iOS 15.1","time":"2026-10-08T12:42:15.167Z","v":0,"logId":"01a11b89-24ff-7765-b7b2-4a3ff346baa3"}
{"name":"worker","pid":844,"phase":"INSTALL_PODS","buildId":"114e576c-7b66-4c0b-b583-a312a68da540","source":"stdout","level":30,"msg":"    - Installing target `ReactNativeDependencies` iOS 15.1","time":"2026-10-08T12:42:15.167Z","v":0,"logId":"01a11b89-24ff-7765-b7b2-4a409ed18959"}
{"name":"worker","pid":844,"phase":"INSTALL_PODS","buildId":"114e576c-7b66-4c0b-b583-a312a68da540","source":"stdout","level":30,"msg":"    - Installing target `UMAppLoader` iOS 16.4","time":"2026-10-08T12:42:15.167Z","v":0,"logId":"01a11b89-24ff-7765-b7b2-4a414db38a1f"}
{"name":"worker","pid":844,"phase":"INSTALL_PODS","buildId":"114e576c-7b66-4c0b-b583-a312a68da540","source":"stdout","level":30,"msg":"      - Generating module map file at `Pods/Target Support Files/UMAppLoader/UMAppLoader.modulemap`","time":"2026-10-08T12:42:15.167Z","v":0,"logId":"01a11b89-24ff-7765-b7b2-4a42303b9a45"}
{"name":"worker","pid":844,"phase":"INSTALL_PODS","buildId":"114e576c-7b66-4c0b-b583-a312a68da540","source":"stdout","level":30,"msg":"      - Generating umbrella header at `Pods/Target Support Files/UMAppLoader/UMAppLoader-umbrella.h`","time":"2026-10-08T12:42:15.167Z","v":0,"logId":"01a11b89-24ff-7765-b7b2-4a43306b8b64"}
{"name":"worker","pid":844,"phase":"INSTALL_PODS","buildId":"114e576c-7b66-4c0b-b583-a312a68da540","source":"stdout","level":30,"msg":"      - Generating dummy source at `Pods/Target Support Files/UMAppLoader/UMAppLoader-dummy.m`","time":"2026-10-08T12:42:15.167Z","v":0,"logId":"01a11b89-24ff-7765-b7b2-4a4405ed763e"}
{"name":"worker","pid":844,"phase":"INSTALL_PODS","buildId":"114e576c-7b66-4c0b-b583-a312a68da540","source":"stdout","level":30,"msg":"    - Installing target `Yoga` iOS 15.1","time":"2026-10-08T12:42:15.167Z","v":0,"logId":"01a11b89-24ff-7765-b7b2-4a4563dd821e"}
{"name":"worker","pid":844,"phase":"INSTALL_PODS","buildId":"114e576c-7b66-4c0b-b583-a312a68da540","source":"stdout","level":30,"msg":"    - Installing target `hermes-engine` iOS 15.1","time":"2026-10-08T12:42:15.167Z","v":0,"logId":"01a11b89-24ff-7765-b7b2-4a4606f8e0ec"}
{"name":"worker","pid":844,"phase":"INSTALL_PODS","buildId":"114e576c-7b66-4c0b-b583-a312a68da540","source":"stdout","level":30,"msg":"    - Installing target `react-native-maps` iOS 15.1","time":"2026-10-08T12:42:15.167Z","v":0,"logId":"01a11b89-24ff-7765-b7b2-4a47863d5638"}
{"name":"worker","pid":844,"phase":"INSTALL_PODS","buildId":"114e576c-7b66-4c0b-b583-a312a68da540","source":"stdout","level":30,"msg":"      - Generating dummy source at `Pods/Target Support Files/react-native-maps/react-native-maps-dummy.m`","time":"2026-10-08T12:42:15.167Z","v":0,"logId":"01a11b89-24ff-7765-b7b2-4a48caf8e407"}
{"name":"worker","pid":844,"phase":"INSTALL_PODS","buildId":"114e576c-7b66-4c0b-b583-a312a68da540","source":"stdout","level":30,"msg":"    - Installing target `react-native-safe-area-context` iOS 12.4","time":"2026-10-08T12:42:15.167Z","v":0,"logId":"01a11b89-24ff-7765-b7b2-4a49aea53457"}
{"name":"worker","pid":844,"phase":"INSTALL_PODS","buildId":"114e576c-7b66-4c0b-b583-a312a68da540","source":"stdout","level":30,"msg":"      - Generating dummy source at `Pods/Target Support Files/react-native-safe-area-context/react-native-safe-area-context-dummy.m`","time":"2026-10-08T12:42:15.167Z","v":0,"logId":"01a11b89-24ff-7765-b7b2-4a4a9f36cfe2"}
{"name":"worker","pid":844,"phase":"INSTALL_PODS","buildId":"114e576c-7b66-4c0b-b583-a312a68da540","source":"stdout","level":30,"msg":"    - Installing target `react-native-view-shot` iOS 9.0","time":"2026-10-08T12:42:15.167Z","v":0,"logId":"01a11b89-24ff-7765-b7b2-4a4bcee96559"}
{"name":"worker","pid":844,"phase":"INSTALL_PODS","buildId":"114e576c-7b66-4c0b-b583-a312a68da540","source":"stdout","level":30,"msg":"      - Generating Info.plist file at `Pods/Target Support Files/react-native-view-shot/ResourceBundle-RNViewShotPrivacyInfo-react-native-view-shot-Info.plist`","time":"2026-10-08T12:42:15.167Z","v":0,"logId":"01a11b89-24ff-7765-b7b2-4a4cfdbb6ffc"}
{"name":"worker","pid":844,"phase":"INSTALL_PODS","buildId":"114e576c-7b66-4c0b-b583-a312a68da540","source":"stdout","level":30,"msg":"      - Generating dummy source at `Pods/Target Support Files/react-native-view-shot/react-native-view-shot-dummy.m`","time":"2026-10-08T12:42:15.167Z","v":0,"logId":"01a11b89-24ff-7765-b7b2-4a4da38d7c8f"}
{"name":"worker","pid":844,"phase":"INSTALL_PODS","buildId":"114e576c-7b66-4c0b-b583-a312a68da540","source":"stdout","level":30,"msg":"    - Installing target `react-native-webview` iOS 11.0","time":"2026-10-08T12:42:15.167Z","v":0,"logId":"01a11b89-24ff-7765-b7b2-4a4e226cadb6"}
{"name":"worker","pid":844,"phase":"INSTALL_PODS","buildId":"114e576c-7b66-4c0b-b583-a312a68da540","source":"stdout","level":30,"msg":"      - Generating dummy source at `Pods/Target Support Files/react-native-webview/react-native-webview-dummy.m`","time":"2026-10-08T12:42:15.167Z","v":0,"logId":"01a11b89-24ff-7765-b7b2-4a4fede3a069"}
{"name":"worker","pid":844,"phase":"INSTALL_PODS","buildId":"114e576c-7b66-4c0b-b583-a312a68da540","source":"stdout","level":30,"msg":"  - Installing Aggregate Targets","time":"2026-10-08T12:42:15.167Z","v":0,"logId":"01a11b89-24ff-7765-b7b2-4a50d4880716"}
{"name":"worker","pid":844,"phase":"INSTALL_PODS","buildId":"114e576c-7b66-4c0b-b583-a312a68da540","source":"stdout","level":30,"msg":"    - Installing target `Pods-HRTRAC` iOS 16.4","time":"2026-10-08T12:42:15.167Z","v":0,"logId":"01a11b89-24ff-7765-b7b2-4a51d94c53ce"}
{"name":"worker","pid":844,"phase":"INSTALL_PODS","buildId":"114e576c-7b66-4c0b-b583-a312a68da540","source":"stdout","level":30,"msg":"      - Generating module map file at `Pods/Target Support Files/Pods-HRTRAC/Pods-HRTRAC.modulemap`","time":"2026-10-08T12:42:15.167Z","v":0,"logId":"01a11b89-24ff-7765-b7b2-4a52190c2675"}
{"name":"worker","pid":844,"phase":"INSTALL_PODS","buildId":"114e576c-7b66-4c0b-b583-a312a68da540","source":"stdout","level":30,"msg":"      - Generating umbrella header at `Pods/Target Support Files/Pods-HRTRAC/Pods-HRTRAC-umbrella.h`","time":"2026-10-08T12:42:15.167Z","v":0,"logId":"01a11b89-24ff-7765-b7b2-4a53ce2568c2"}
{"name":"worker","pid":844,"phase":"INSTALL_PODS","buildId":"114e576c-7b66-4c0b-b583-a312a68da540","source":"stdout","level":30,"msg":"      - Generating dummy source at `Pods/Target Support Files/Pods-HRTRAC/Pods-HRTRAC-dummy.m`","time":"2026-10-08T12:42:15.167Z","v":0,"logId":"01a11b89-24ff-7765-b7b2-4a54d7610e9f"}
{"name":"worker","pid":844,"phase":"INSTALL_PODS","buildId":"114e576c-7b66-4c0b-b583-a312a68da540","source":"stdout","level":30,"msg":"  - Integrating targets","time":"2026-10-08T12:42:15.167Z","v":0,"logId":"01a11b89-24ff-7765-b7b2-4a553ebbb20b"}
{"name":"worker","pid":844,"phase":"INSTALL_PODS","buildId":"114e576c-7b66-4c0b-b583-a312a68da540","source":"stdout","level":30,"msg":"Integrating target `EXConstants`","time":"2026-10-08T12:42:15.167Z","v":0,"logId":"01a11b89-24ff-7765-b7b2-4a5685ca5b64"}
{"name":"worker","pid":844,"phase":"INSTALL_PODS","buildId":"114e576c-7b66-4c0b-b583-a312a68da540","source":"stdout","level":30,"msg":"    Adding Build Phase '[CP-User] Generate app.config for prebuilt Constants.manifest' to project.","time":"2026-10-08T12:42:15.167Z","v":0,"logId":"01a11b89-24ff-7765-b7b2-4a579d8c3a83"}
{"name":"worker","pid":844,"phase":"INSTALL_PODS","buildId":"114e576c-7b66-4c0b-b583-a312a68da540","source":"stdout","level":30,"msg":"Integrating target `ExpoCamera`","time":"2026-10-08T12:42:15.167Z","v":0,"logId":"01a11b89-24ff-7765-b7b2-4a589d7d6a75"}
{"name":"worker","pid":844,"phase":"INSTALL_PODS","buildId":"114e576c-7b66-4c0b-b583-a312a68da540","source":"stdout","level":30,"msg":"    Adding Build Phase '[CP] Copy XCFrameworks' to project.","time":"2026-10-08T12:42:15.167Z","v":0,"logId":"01a11b89-24ff-7765-b7b2-4a59fd713ec4"}
{"name":"worker","pid":844,"phase":"INSTALL_PODS","buildId":"114e576c-7b66-4c0b-b583-a312a68da540","source":"stdout","level":30,"msg":"    Adding Build Phase '[CP-User] [Expo] Switch ExpoCamera XCFramework for build configuration' to project.","time":"2026-10-08T12:42:15.167Z","v":0,"logId":"01a11b89-24ff-7765-b7b2-4a5a1e99b26e"}
{"name":"worker","pid":844,"phase":"INSTALL_PODS","buildId":"114e576c-7b66-4c0b-b583-a312a68da540","source":"stdout","level":30,"msg":"    Adding Build Phase '[CP-User] [Expo] Resolve ExpoCamera dSYM source maps' to project.","time":"2026-10-08T12:42:15.167Z","v":0,"logId":"01a11b89-24ff-7765-b7b2-4a5b00af13d1"}
{"name":"worker","pid":844,"phase":"INSTALL_PODS","buildId":"114e576c-7b66-4c0b-b583-a312a68da540","source":"stdout","level":30,"msg":"Integrating target `ExpoCameraBarcodeScanning`","time":"2026-10-08T12:42:15.167Z","v":0,"logId":"01a11b89-24ff-7765-b7b2-4a5c411bb7a1"}
{"name":"worker","pid":844,"phase":"INSTALL_PODS","buildId":"114e576c-7b66-4c0b-b583-a312a68da540","source":"stdout","level":30,"msg":"    Adding Build Phase '[CP] Copy XCFrameworks' to project.","time":"2026-10-08T12:42:15.167Z","v":0,"logId":"01a11b89-24ff-7765-b7b2-4a5d5f5da69f"}
{"name":"worker","pid":844,"phase":"INSTALL_PODS","buildId":"114e576c-7b66-4c0b-b583-a312a68da540","source":"stdout","level":30,"msg":"    Adding Build Phase '[CP-User] [Expo] Switch ExpoCameraBarcodeScanning XCFramework for build configuration' to project.","time":"2026-10-08T12:42:15.167Z","v":0,"logId":"01a11b89-24ff-7765-b7b2-4a5e6d99994d"}
{"name":"worker","pid":844,"phase":"INSTALL_PODS","buildId":"114e576c-7b66-4c0b-b583-a312a68da540","source":"stdout","level":30,"msg":"    Adding Build Phase '[CP-User] [Expo] Resolve ExpoCameraBarcodeScanning dSYM source maps' to project.","time":"2026-10-08T12:42:15.167Z","v":0,"logId":"01a11b89-24ff-7765-b7b2-4a5f00e6e9c6"}
{"name":"worker","pid":844,"phase":"INSTALL_PODS","buildId":"114e576c-7b66-4c0b-b583-a312a68da540","source":"stdout","level":30,"msg":"Integrating target `ExpoFileSystem`","time":"2026-10-08T12:42:15.167Z","v":0,"logId":"01a11b89-24ff-7765-b7b2-4a60b2a18e26"}
{"name":"worker","pid":844,"phase":"INSTALL_PODS","buildId":"114e576c-7b66-4c0b-b583-a312a68da540","source":"stdout","level":30,"msg":"    Adding Build Phase '[CP] Copy XCFrameworks' to project.","time":"2026-10-08T12:42:15.167Z","v":0,"logId":"01a11b89-24ff-7765-b7b2-4a61a4c621bd"}
{"name":"worker","pid":844,"phase":"INSTALL_PODS","buildId":"114e576c-7b66-4c0b-b583-a312a68da540","source":"stdout","level":30,"msg":"    Adding Build Phase '[CP-User] [Expo] Switch ExpoFileSystem XCFramework for build configuration' to project.","time":"2026-10-08T12:42:15.167Z","v":0,"logId":"01a11b89-24ff-7765-b7b2-4a62b889c9f3"}
{"name":"worker","pid":844,"phase":"INSTALL_PODS","buildId":"114e576c-7b66-4c0b-b583-a312a68da540","source":"stdout","level":30,"msg":"    Adding Build Phase '[CP-User] [Expo] Resolve ExpoFileSystem dSYM source maps' to project.","time":"2026-10-08T12:42:15.167Z","v":0,"logId":"01a11b89-24ff-7765-b7b2-4a63ef3c06df"}
{"name":"worker","pid":844,"phase":"INSTALL_PODS","buildId":"114e576c-7b66-4c0b-b583-a312a68da540","source":"stdout","level":30,"msg":"Integrating target `ExpoFont`","time":"2026-10-08T12:42:15.167Z","v":0,"logId":"01a11b89-24ff-7765-b7b2-4a64296bd1ba"}
{"name":"worker","pid":844,"phase":"INSTALL_PODS","buildId":"114e576c-7b66-4c0b-b583-a312a68da540","source":"stdout","level":30,"msg":"    Adding Build Phase '[CP] Copy XCFrameworks' to project.","time":"2026-10-08T12:42:15.167Z","v":0,"logId":"01a11b89-24ff-7765-b7b2-4a65ed853fef"}
{"name":"worker","pid":844,"phase":"INSTALL_PODS","buildId":"114e576c-7b66-4c0b-b583-a312a68da540","source":"stdout","level":30,"msg":"    Adding Build Phase '[CP-User] [Expo] Switch ExpoFont XCFramework for build configuration' to project.","time":"2026-10-08T12:42:15.167Z","v":0,"logId":"01a11b89-24ff-7765-b7b2-4a66f3db4b10"}
{"name":"worker","pid":844,"phase":"INSTALL_PODS","buildId":"114e576c-7b66-4c0b-b583-a312a68da540","source":"stdout","level":30,"msg":"    Adding Build Phase '[CP-User] [Expo] Resolve ExpoFont dSYM source maps' to project.","time":"2026-10-08T12:42:15.167Z","v":0,"logId":"01a11b89-24ff-7765-b7b2-4a67c9e3e672"}
{"name":"worker","pid":844,"phase":"INSTALL_PODS","buildId":"114e576c-7b66-4c0b-b583-a312a68da540","source":"stdout","level":30,"msg":"Integrating target `ExpoLocation`","time":"2026-10-08T12:42:15.168Z","v":0,"logId":"01a11b89-2500-7824-9759-7391e55c8b58"}
{"name":"worker","pid":844,"phase":"INSTALL_PODS","buildId":"114e576c-7b66-4c0b-b583-a312a68da540","source":"stdout","level":30,"msg":"    Adding Build Phase '[CP] Copy XCFrameworks' to project.","time":"2026-10-08T12:42:15.168Z","v":0,"logId":"01a11b89-2500-7824-9759-73922cf77b08"}
{"name":"worker","pid":844,"phase":"INSTALL_PODS","buildId":"114e576c-7b66-4c0b-b583-a312a68da540","source":"stdout","level":30,"msg":"    Adding Build Phase '[CP-User] [Expo] Switch ExpoLocation XCFramework for build configuration' to project.","time":"2026-10-08T12:42:15.168Z","v":0,"logId":"01a11b89-2500-7824-9759-7393483ea630"}
{"name":"worker","pid":844,"phase":"INSTALL_PODS","buildId":"114e576c-7b66-4c0b-b583-a312a68da540","source":"stdout","level":30,"msg":"    Adding Build Phase '[CP-User] [Expo] Resolve ExpoLocation dSYM source maps' to project.","time":"2026-10-08T12:42:15.168Z","v":0,"logId":"01a11b89-2500-7824-9759-73948acbdf52"}
{"name":"worker","pid":844,"phase":"INSTALL_PODS","buildId":"114e576c-7b66-4c0b-b583-a312a68da540","source":"stdout","level":30,"msg":"Integrating target `ExpoModulesCore`","time":"2026-10-08T12:42:15.168Z","v":0,"logId":"01a11b89-2500-7824-9759-7395df3a99f2"}
{"name":"worker","pid":844,"phase":"INSTALL_PODS","buildId":"114e576c-7b66-4c0b-b583-a312a68da540","source":"stdout","level":30,"msg":"    Adding Build Phase '[CP] Copy XCFrameworks' to project.","time":"2026-10-08T12:42:15.168Z","v":0,"logId":"01a11b89-2500-7824-9759-739623b85eba"}
{"name":"worker","pid":844,"phase":"INSTALL_PODS","buildId":"114e576c-7b66-4c0b-b583-a312a68da540","source":"stdout","level":30,"msg":"    Adding Build Phase '[CP-User] [Expo] Switch ExpoModulesCore XCFramework for build configuration' to project.","time":"2026-10-08T12:42:15.168Z","v":0,"logId":"01a11b89-2500-7824-9759-739743cecd49"}
{"name":"worker","pid":844,"phase":"INSTALL_PODS","buildId":"114e576c-7b66-4c0b-b583-a312a68da540","source":"stdout","level":30,"msg":"    Adding Build Phase '[CP-User] [Expo] Resolve ExpoModulesCore dSYM source maps' to project.","time":"2026-10-08T12:42:15.168Z","v":0,"logId":"01a11b89-2500-7824-9759-73982f1fd30f"}
{"name":"worker","pid":844,"phase":"INSTALL_PODS","buildId":"114e576c-7b66-4c0b-b583-a312a68da540","source":"stdout","level":30,"msg":"Integrating target `ExpoModulesJSI`","time":"2026-10-08T12:42:15.168Z","v":0,"logId":"01a11b89-2500-7824-9759-7399d56f32cb"}
{"name":"worker","pid":844,"phase":"INSTALL_PODS","buildId":"114e576c-7b66-4c0b-b583-a312a68da540","source":"stdout","level":30,"msg":"    Adding Build Phase '[CP] Copy XCFrameworks' to project.","time":"2026-10-08T12:42:15.168Z","v":0,"logId":"01a11b89-2500-7824-9759-739a7ff301de"}
{"name":"worker","pid":844,"phase":"INSTALL_PODS","buildId":"114e576c-7b66-4c0b-b583-a312a68da540","source":"stdout","level":30,"msg":"    Adding Build Phase '[CP-User] Build ExpoModulesJSI xcframework' to project.","time":"2026-10-08T12:42:15.168Z","v":0,"logId":"01a11b89-2500-7824-9759-739b7ee90a99"}
{"name":"worker","pid":844,"phase":"INSTALL_PODS","buildId":"114e576c-7b66-4c0b-b583-a312a68da540","source":"stdout","level":30,"msg":"Integrating target `ExpoModulesWorklets`","time":"2026-10-08T12:42:15.168Z","v":0,"logId":"01a11b89-2500-7824-9759-739ce7676784"}
{"name":"worker","pid":844,"phase":"INSTALL_PODS","buildId":"114e576c-7b66-4c0b-b583-a312a68da540","source":"stdout","level":30,"msg":"    Adding Build Phase '[CP] Copy XCFrameworks' to project.","time":"2026-10-08T12:42:15.168Z","v":0,"logId":"01a11b89-2500-7824-9759-739dd62e38fd"}
{"name":"worker","pid":844,"phase":"INSTALL_PODS","buildId":"114e576c-7b66-4c0b-b583-a312a68da540","source":"stdout","level":30,"msg":"    Adding Build Phase '[CP-User] [Expo] Switch ExpoModulesWorklets XCFramework for build configuration' to project.","time":"2026-10-08T12:42:15.168Z","v":0,"logId":"01a11b89-2500-7824-9759-739e2086d1f9"}
{"name":"worker","pid":844,"phase":"INSTALL_PODS","buildId":"114e576c-7b66-4c0b-b583-a312a68da540","source":"stdout","level":30,"msg":"    Adding Build Phase '[CP-User] [Expo] Resolve ExpoModulesWorklets dSYM source maps' to project.","time":"2026-10-08T12:42:15.168Z","v":0,"logId":"01a11b89-2500-7824-9759-739fe3a817ff"}
{"name":"worker","pid":844,"phase":"INSTALL_PODS","buildId":"114e576c-7b66-4c0b-b583-a312a68da540","source":"stdout","level":30,"msg":"Integrating target `React-Core-prebuilt`","time":"2026-10-08T12:42:15.168Z","v":0,"logId":"01a11b89-2500-7824-9759-73a036bef6ea"}
{"name":"worker","pid":844,"phase":"INSTALL_PODS","buildId":"114e576c-7b66-4c0b-b583-a312a68da540","source":"stdout","level":30,"msg":"    Adding Build Phase '[CP] Copy XCFrameworks' to project.","time":"2026-10-08T12:42:15.168Z","v":0,"logId":"01a11b89-2500-7824-9759-73a1fe80b1a1"}
{"name":"worker","pid":844,"phase":"INSTALL_PODS","buildId":"114e576c-7b66-4c0b-b583-a312a68da540","source":"stdout","level":30,"msg":"    Adding Build Phase '[CP-User] [RNCore] Replace React Native Core for the right configuration, if needed' to project.","time":"2026-10-08T12:42:15.168Z","v":0,"logId":"01a11b89-2500-7824-9759-73a2d3630e34"}
{"name":"worker","pid":844,"phase":"INSTALL_PODS","buildId":"114e576c-7b66-4c0b-b583-a312a68da540","source":"stdout","level":30,"msg":"Integrating target `React-RCTFBReactNativeSpec`","time":"2026-10-08T12:42:15.168Z","v":0,"logId":"01a11b89-2500-7824-9759-73a325af40bb"}
{"name":"worker","pid":844,"phase":"INSTALL_PODS","buildId":"114e576c-7b66-4c0b-b583-a312a68da540","source":"stdout","level":30,"msg":"    Adding Build Phase '[CP-User] [RN]Check FBReactNativeSpec' to project.","time":"2026-10-08T12:42:15.168Z","v":0,"logId":"01a11b89-2500-7824-9759-73a43d49b35c"}
{"name":"worker","pid":844,"phase":"INSTALL_PODS","buildId":"114e576c-7b66-4c0b-b583-a312a68da540","source":"stdout","level":30,"msg":"Integrating target `ReactCodegen`","time":"2026-10-08T12:42:15.168Z","v":0,"logId":"01a11b89-2500-7824-9759-73a52f7dc5b3"}
{"name":"worker","pid":844,"phase":"INSTALL_PODS","buildId":"114e576c-7b66-4c0b-b583-a312a68da540","source":"stdout","level":30,"msg":"    Adding Build Phase '[CP-User] Generate Specs' to project.","time":"2026-10-08T12:42:15.168Z","v":0,"logId":"01a11b89-2500-7824-9759-73a6d47c9615"}
{"name":"worker","pid":844,"phase":"INSTALL_PODS","buildId":"114e576c-7b66-4c0b-b583-a312a68da540","source":"stdout","level":30,"msg":"Integrating target `ReactNativeDependencies`","time":"2026-10-08T12:42:15.168Z","v":0,"logId":"01a11b89-2500-7824-9759-73a7693f8e8e"}
{"name":"worker","pid":844,"phase":"INSTALL_PODS","buildId":"114e576c-7b66-4c0b-b583-a312a68da540","source":"stdout","level":30,"msg":"    Adding Build Phase '[CP] Copy XCFrameworks' to project.","time":"2026-10-08T12:42:15.168Z","v":0,"logId":"01a11b89-2500-7824-9759-73a8bd24c33a"}
{"name":"worker","pid":844,"phase":"INSTALL_PODS","buildId":"114e576c-7b66-4c0b-b583-a312a68da540","source":"stdout","level":30,"msg":"    Adding Build Phase '[CP-User] [RNDeps] Replace React Native Dependencies for the right configuration, if needed' to project.","time":"2026-10-08T12:42:15.168Z","v":0,"logId":"01a11b89-2500-7824-9759-73a99f609d82"}
{"name":"worker","pid":844,"phase":"INSTALL_PODS","buildId":"114e576c-7b66-4c0b-b583-a312a68da540","source":"stdout","level":30,"msg":"Integrating target `hermes-engine`","time":"2026-10-08T12:42:15.168Z","v":0,"logId":"01a11b89-2500-7824-9759-73aa84d3a4d0"}
{"name":"worker","pid":844,"phase":"INSTALL_PODS","buildId":"114e576c-7b66-4c0b-b583-a312a68da540","source":"stdout","level":30,"msg":"    Adding Build Phase '[CP] Copy XCFrameworks' to project.","time":"2026-10-08T12:42:15.168Z","v":0,"logId":"01a11b89-2500-7824-9759-73abe1e0f814"}
{"name":"worker","pid":844,"phase":"INSTALL_PODS","buildId":"114e576c-7b66-4c0b-b583-a312a68da540","source":"stdout","level":30,"msg":"    Adding Build Phase '[CP-User] [Hermes] Replace Hermes for the right configuration, if needed' to project.","time":"2026-10-08T12:42:15.168Z","v":0,"logId":"01a11b89-2500-7824-9759-73ac407667ad"}
{"name":"worker","pid":844,"phase":"INSTALL_PODS","buildId":"114e576c-7b66-4c0b-b583-a312a68da540","source":"stdout","level":30,"msg":"Integrating target `react-native-maps`","time":"2026-10-08T12:42:15.168Z","v":0,"logId":"01a11b89-2500-7824-9759-73ad08ba9a2d"}
{"name":"worker","pid":844,"phase":"INSTALL_PODS","buildId":"114e576c-7b66-4c0b-b583-a312a68da540","source":"stdout","level":30,"msg":"    Adding Build Phase '[CP-User] react-native-maps patches' to project.","time":"2026-10-08T12:42:15.168Z","v":0,"logId":"01a11b89-2500-7824-9759-73aebb881adc"}
{"name":"worker","pid":844,"phase":"INSTALL_PODS","buildId":"114e576c-7b66-4c0b-b583-a312a68da540","source":"stdout","level":30,"msg":"  - Stabilizing target UUIDs","time":"2026-10-08T12:42:15.168Z","v":0,"logId":"01a11b89-2500-7824-9759-73afee50de24"}
{"name":"worker","pid":844,"phase":"INSTALL_PODS","buildId":"114e576c-7b66-4c0b-b583-a312a68da540","source":"stdout","level":30,"msg":"  - Running post install hooks","time":"2026-10-08T12:42:15.168Z","v":0,"logId":"01a11b89-2500-7824-9759-73b002dd9d2c"}
{"name":"worker","pid":844,"phase":"INSTALL_PODS","buildId":"114e576c-7b66-4c0b-b583-a312a68da540","source":"stdout","level":30,"msg":"Setting USE_HERMES build settings","time":"2026-10-08T12:42:15.168Z","v":0,"logId":"01a11b89-2500-7824-9759-73b10c3b817a"}
{"name":"worker","pid":844,"phase":"INSTALL_PODS","buildId":"114e576c-7b66-4c0b-b583-a312a68da540","source":"stdout","level":30,"msg":"Setting REACT_NATIVE_PATH build settings","time":"2026-10-08T12:42:15.168Z","v":0,"logId":"01a11b89-2500-7824-9759-73b2d9a70f81"}
{"name":"worker","pid":844,"phase":"INSTALL_PODS","buildId":"114e576c-7b66-4c0b-b583-a312a68da540","source":"stdout","level":30,"msg":"Setting SWIFT_ACTIVE_COMPILATION_CONDITIONS build settings","time":"2026-10-08T12:42:15.168Z","v":0,"logId":"01a11b89-2500-7824-9759-73b3c66c07c9"}
{"name":"worker","pid":844,"phase":"INSTALL_PODS","buildId":"114e576c-7b66-4c0b-b583-a312a68da540","source":"stdout","level":30,"msg":"[Ccache]: Ccache found at /opt/homebrew/bin/ccache","time":"2026-10-08T12:42:15.514Z","v":0,"logId":"01a11b89-265a-7133-b167-b7ded67194bd"}
{"name":"worker","pid":844,"phase":"INSTALL_PODS","buildId":"114e576c-7b66-4c0b-b583-a312a68da540","source":"stdout","level":30,"msg":"[Ccache]: Pass ':ccache_enabled => true' to 'react_native_post_install' in your Podfile or set environment variable 'USE_CCACHE=1' to increase the speed of subsequent builds","time":"2026-10-08T12:42:15.515Z","v":0,"logId":"01a11b89-265b-77be-abd6-dc135be7f9d4"}
{"name":"worker","pid":844,"phase":"INSTALL_PODS","buildId":"114e576c-7b66-4c0b-b583-a312a68da540","source":"stdout","level":30,"msg":"Setting SWIFT_ENABLE_EXPLICIT_MODULES build settings","time":"2026-10-08T12:42:15.515Z","v":0,"logId":"01a11b89-265b-77be-abd6-dc14b7256032"}
{"name":"worker","pid":844,"phase":"INSTALL_PODS","buildId":"114e576c-7b66-4c0b-b583-a312a68da540","source":"stdout","level":30,"msg":"[ReactNativeCore] Processing VFS overlay file...","time":"2026-10-08T12:42:15.515Z","v":0,"logId":"01a11b89-265b-77be-abd6-dc150c5245cf"}
{"name":"worker","pid":844,"phase":"INSTALL_PODS","buildId":"114e576c-7b66-4c0b-b583-a312a68da540","source":"stdout","level":30,"msg":"[ReactNativeCore]   Created VFS overlay at /Users/expo/workingdir/build/ios/Pods/React-Core-prebuilt/React-VFS.yaml","time":"2026-10-08T12:42:15.515Z","v":0,"logId":"01a11b89-265b-77be-abd6-dc167bc77758"}
{"name":"worker","pid":844,"phase":"INSTALL_PODS","buildId":"114e576c-7b66-4c0b-b583-a312a68da540","source":"stdout","level":30,"msg":"[ReactNativeCore] VFS overlay setup complete","time":"2026-10-08T12:42:15.515Z","v":0,"logId":"01a11b89-265b-77be-abd6-dc17253deaf0"}
{"name":"worker","pid":844,"phase":"INSTALL_PODS","buildId":"114e576c-7b66-4c0b-b583-a312a68da540","source":"stdout","level":30,"msg":"[ReactNativeCore] Configuring xcconfig for prebuilt React Native Core...","time":"2026-10-08T12:42:15.515Z","v":0,"logId":"01a11b89-265b-77be-abd6-dc184487003c"}
{"name":"worker","pid":844,"phase":"INSTALL_PODS","buildId":"114e576c-7b66-4c0b-b583-a312a68da540","source":"stdout","level":30,"msg":"[ReactNativeCore] Prebuilt xcconfig configuration complete","time":"2026-10-08T12:42:15.515Z","v":0,"logId":"01a11b89-265b-77be-abd6-dc1948463e05"}
{"name":"worker","pid":844,"phase":"INSTALL_PODS","buildId":"114e576c-7b66-4c0b-b583-a312a68da540","source":"stdout","level":30,"msg":"[SPM] Cleaning old SPM dependencies from Pods project","time":"2026-10-08T12:42:15.515Z","v":0,"logId":"01a11b89-265b-77be-abd6-dc1ab7aeecc1"}
{"name":"worker","pid":844,"phase":"INSTALL_PODS","buildId":"114e576c-7b66-4c0b-b583-a312a68da540","source":"stdout","level":30,"msg":"[SPM] Adding SPM dependencies to Pods project","time":"2026-10-08T12:42:15.515Z","v":0,"logId":"01a11b89-265b-77be-abd6-dc1b60e2774b"}
{"name":"worker","pid":844,"phase":"INSTALL_PODS","buildId":"114e576c-7b66-4c0b-b583-a312a68da540","source":"stdout","level":30,"msg":"[Privacy Manifest Aggregation] Appending aggregated reasons to existing PrivacyInfo.xcprivacy file.","time":"2026-10-08T12:42:15.515Z","v":0,"logId":"01a11b89-265b-77be-abd6-dc1c642ceec2"}
{"name":"worker","pid":844,"phase":"INSTALL_PODS","buildId":"114e576c-7b66-4c0b-b583-a312a68da540","source":"stdout","level":30,"msg":"[Privacy Manifest Aggregation] Reading .xcprivacy files to aggregate all used Required Reason APIs.","time":"2026-10-08T12:42:15.515Z","v":0,"logId":"01a11b89-265b-77be-abd6-dc1dbaf4a1a6"}
{"name":"worker","pid":844,"phase":"INSTALL_PODS","buildId":"114e576c-7b66-4c0b-b583-a312a68da540","source":"stdout","level":30,"msg":"Setting CLANG_CXX_LANGUAGE_STANDARD to c++20 on /Users/expo/workingdir/build/ios/HRTRAC.xcodeproj","time":"2026-10-08T12:42:15.515Z","v":0,"logId":"01a11b89-265b-77be-abd6-dc1e360a659d"}
{"name":"worker","pid":844,"phase":"INSTALL_PODS","buildId":"114e576c-7b66-4c0b-b583-a312a68da540","source":"stdout","level":30,"msg":"==================== DEPRECATION NOTICE =====================","time":"2026-10-08T12:42:16.274Z","v":0,"logId":"01a11b89-2952-7d6f-a8ee-283f3443af07"}
{"name":"worker","pid":844,"phase":"INSTALL_PODS","buildId":"114e576c-7b66-4c0b-b583-a312a68da540","source":"stdout","level":30,"msg":"Calling `pod install` directly is deprecated in React Native","time":"2026-10-08T12:42:16.275Z","v":0,"logId":"01a11b89-2953-7174-a954-fb9414a9636f"}
{"name":"worker","pid":844,"phase":"INSTALL_PODS","buildId":"114e576c-7b66-4c0b-b583-a312a68da540","source":"stdout","level":30,"msg":"because we are moving away from Cocoapods toward alternative","time":"2026-10-08T12:42:16.275Z","v":0,"logId":"01a11b89-2953-7174-a954-fb956206ad80"}
{"name":"worker","pid":844,"phase":"INSTALL_PODS","buildId":"114e576c-7b66-4c0b-b583-a312a68da540","source":"stdout","level":30,"msg":"solutions to build the project.","time":"2026-10-08T12:42:16.275Z","v":0,"logId":"01a11b89-2953-7174-a954-fb96e7748cf5"}
{"name":"worker","pid":844,"phase":"INSTALL_PODS","buildId":"114e576c-7b66-4c0b-b583-a312a68da540","source":"stdout","level":30,"msg":"* If you are using Expo, please run:","time":"2026-10-08T12:42:16.275Z","v":0,"logId":"01a11b89-2953-7174-a954-fb97b6e0bc9b"}
{"name":"worker","pid":844,"phase":"INSTALL_PODS","buildId":"114e576c-7b66-4c0b-b583-a312a68da540","source":"stdout","level":30,"msg":"`npx expo run:ios`","time":"2026-10-08T12:42:16.275Z","v":0,"logId":"01a11b89-2953-7174-a954-fb98dec4e1cb"}
{"name":"worker","pid":844,"phase":"INSTALL_PODS","buildId":"114e576c-7b66-4c0b-b583-a312a68da540","source":"stdout","level":30,"msg":"* If you are using the Community CLI, please run:","time":"2026-10-08T12:42:16.275Z","v":0,"logId":"01a11b89-2953-7174-a954-fb99c28ed145"}
{"name":"worker","pid":844,"phase":"INSTALL_PODS","buildId":"114e576c-7b66-4c0b-b583-a312a68da540","source":"stdout","level":30,"msg":"`yarn ios`","time":"2026-10-08T12:42:16.275Z","v":0,"logId":"01a11b89-2953-7174-a954-fb9a47438ffe"}
{"name":"worker","pid":844,"phase":"INSTALL_PODS","buildId":"114e576c-7b66-4c0b-b583-a312a68da540","source":"stdout","level":30,"msg":"=============================================================","time":"2026-10-08T12:42:16.275Z","v":0,"logId":"01a11b89-2953-7174-a954-fb9b3b63262f"}
{"name":"worker","pid":844,"phase":"INSTALL_PODS","buildId":"114e576c-7b66-4c0b-b583-a312a68da540","source":"stdout","level":30,"msg":"Pod install took 25 [s] to run","time":"2026-10-08T12:42:16.275Z","v":0,"logId":"01a11b89-2953-7174-a954-fb9c09531617"}
{"name":"worker","pid":844,"phase":"INSTALL_PODS","buildId":"114e576c-7b66-4c0b-b583-a312a68da540","source":"stdout","level":30,"msg":"    - Podfile","time":"2026-10-08T12:42:16.275Z","v":0,"logId":"01a11b89-2953-7174-a954-fb9dbb1a9980"}
{"name":"worker","pid":844,"phase":"INSTALL_PODS","buildId":"114e576c-7b66-4c0b-b583-a312a68da540","source":"stdout","level":30,"msg":"  - Writing Xcode project file to `Pods/Pods.xcodeproj`","time":"2026-10-08T12:42:16.275Z","v":0,"logId":"01a11b89-2953-7174-a954-fb9e8369f7ee"}
{"name":"worker","pid":844,"phase":"INSTALL_PODS","buildId":"114e576c-7b66-4c0b-b583-a312a68da540","source":"stdout","level":30,"msg":"  Cleaning up sandbox directory","time":"2026-10-08T12:42:16.275Z","v":0,"logId":"01a11b89-2953-7174-a954-fb9fe466fece"}
{"name":"worker","pid":844,"phase":"INSTALL_PODS","buildId":"114e576c-7b66-4c0b-b583-a312a68da540","source":"stdout","level":30,"msg":"Integrating client project","time":"2026-10-08T12:42:16.275Z","v":0,"logId":"01a11b89-2953-7174-a954-fba0aaca0b74"}
{"name":"worker","pid":844,"phase":"INSTALL_PODS","buildId":"114e576c-7b66-4c0b-b583-a312a68da540","source":"stdout","level":30,"msg":"Integrating target `Pods-HRTRAC` (`HRTRAC.xcodeproj` project)","time":"2026-10-08T12:42:16.275Z","v":0,"logId":"01a11b89-2953-7174-a954-fba179b6fd44"}
{"name":"worker","pid":844,"phase":"INSTALL_PODS","buildId":"114e576c-7b66-4c0b-b583-a312a68da540","source":"stdout","level":30,"msg":"  - Integrating Expo modules providers","time":"2026-10-08T12:42:16.275Z","v":0,"logId":"01a11b89-2953-7174-a954-fba24dee3756"}
{"name":"worker","pid":844,"phase":"INSTALL_PODS","buildId":"114e576c-7b66-4c0b-b583-a312a68da540","source":"stdout","level":30,"msg":"    - Generating the provider for HRTRAC target","time":"2026-10-08T12:42:16.275Z","v":0,"logId":"01a11b89-2953-7174-a954-fba37d9c158e"}
{"name":"worker","pid":844,"phase":"INSTALL_PODS","buildId":"114e576c-7b66-4c0b-b583-a312a68da540","source":"stdout","level":30,"msg":"- Running post integrate hooks","time":"2026-10-08T12:42:17.278Z","v":0,"logId":"01a11b89-2d3e-7c92-a96a-054723d6f044"}
{"name":"worker","pid":844,"phase":"INSTALL_PODS","buildId":"114e576c-7b66-4c0b-b583-a312a68da540","source":"stdout","level":30,"msg":"  - Writing Lockfile in `Podfile.lock`","time":"2026-10-08T12:42:17.279Z","v":0,"logId":"01a11b89-2d3f-711d-8bf4-4f48c3d1622b"}
{"name":"worker","pid":844,"phase":"INSTALL_PODS","buildId":"114e576c-7b66-4c0b-b583-a312a68da540","source":"stdout","level":30,"msg":"  - Writing Manifest in `Pods/Manifest.lock`","time":"2026-10-08T12:42:17.279Z","v":0,"logId":"01a11b89-2d3f-711d-8bf4-4f499db4e46d"}
{"name":"worker","pid":844,"phase":"INSTALL_PODS","buildId":"114e576c-7b66-4c0b-b583-a312a68da540","source":"stdout","level":30,"msg":"-> Pod installation complete! There are 102 dependencies from the Podfile and 101 total pods installed.","time":"2026-10-08T12:42:17.279Z","v":0,"logId":"01a11b89-2d3f-711d-8bf4-4f4a48d0a7b4"}
{"name":"worker","pid":844,"phase":"INSTALL_PODS","buildId":"114e576c-7b66-4c0b-b583-a312a68da540","source":"stdout","level":30,"msg":"  [Expo-precompiled] Precompiled modules:","time":"2026-10-08T12:42:17.279Z","v":0,"logId":"01a11b89-2d3f-711d-8bf4-4f4bb7e6bcd5"}
{"name":"worker","pid":844,"phase":"INSTALL_PODS","buildId":"114e576c-7b66-4c0b-b583-a312a68da540","source":"stdout","level":30,"msg":"  [Expo-precompiled]   📦 ExpoCamera (57.0.6)","time":"2026-10-08T12:42:17.279Z","v":0,"logId":"01a11b89-2d3f-711d-8bf4-4f4c1bf00860"}
{"name":"worker","pid":844,"phase":"INSTALL_PODS","buildId":"114e576c-7b66-4c0b-b583-a312a68da540","source":"stdout","level":30,"msg":"  [Expo-precompiled]   📦 ExpoCameraBarcodeScanning (57.0.6)","time":"2026-10-08T12:42:17.279Z","v":0,"logId":"01a11b89-2d3f-711d-8bf4-4f4d6a19baa7"}
{"name":"worker","pid":844,"phase":"INSTALL_PODS","buildId":"114e576c-7b66-4c0b-b583-a312a68da540","source":"stdout","level":30,"msg":"  [Expo-precompiled]       ∟ ZXingObjC.xcframework (3.6.9)","time":"2026-10-08T12:42:17.279Z","v":0,"logId":"01a11b89-2d3f-711d-8bf4-4f4e2c68ae49"}
{"name":"worker","pid":844,"phase":"INSTALL_PODS","buildId":"114e576c-7b66-4c0b-b583-a312a68da540","source":"stdout","level":30,"msg":"  [Expo-precompiled]   📦 ExpoFileSystem (57.0.7)","time":"2026-10-08T12:42:17.279Z","v":0,"logId":"01a11b89-2d3f-711d-8bf4-4f4fd29b01dd"}
{"name":"worker","pid":844,"phase":"INSTALL_PODS","buildId":"114e576c-7b66-4c0b-b583-a312a68da540","source":"stdout","level":30,"msg":"  [Expo-precompiled]   📦 ExpoFont (57.0.4)","time":"2026-10-08T12:42:17.279Z","v":0,"logId":"01a11b89-2d3f-711d-8bf4-4f50d02162c8"}
{"name":"worker","pid":844,"phase":"INSTALL_PODS","buildId":"114e576c-7b66-4c0b-b583-a312a68da540","source":"stdout","level":30,"msg":"  [Expo-precompiled]   📦 ExpoLocation (57.0.20)","time":"2026-10-08T12:42:17.279Z","v":0,"logId":"01a11b89-2d3f-711d-8bf4-4f5152802194"}
{"name":"worker","pid":844,"phase":"INSTALL_PODS","buildId":"114e576c-7b66-4c0b-b583-a312a68da540","source":"stdout","level":30,"msg":"  [Expo-precompiled]   📦 ExpoModulesCore (57.0.21)","time":"2026-10-08T12:42:17.279Z","v":0,"logId":"01a11b89-2d3f-711d-8bf4-4f52a09c214c"}
{"name":"worker","pid":844,"phase":"INSTALL_PODS","buildId":"114e576c-7b66-4c0b-b583-a312a68da540","source":"stdout","level":30,"msg":"  [Expo-precompiled]   📦 ExpoModulesWorklets (57.0.21)","time":"2026-10-08T12:42:17.279Z","v":0,"logId":"01a11b89-2d3f-711d-8bf4-4f532e068607"}
{"name":"worker","pid":844,"phase":"INSTALL_PODS","buildId":"114e576c-7b66-4c0b-b583-a312a68da540","source":"stdout","level":30,"msg":"[Expo] Disabling SWIFT_EMIT_MODULE_INTERFACE for pod targets (prebuilt React compatibility)","time":"2026-10-08T12:42:17.279Z","v":0,"logId":"01a11b89-2d3f-711d-8bf4-4f5447995856"}
{"name":"worker","pid":844,"phase":"INSTALL_PODS","buildId":"114e576c-7b66-4c0b-b583-a312a68da540","source":"stdout","level":30,"msg":"  [Expo-precompiled] Looking for ExpoModulesCore.xcframework at: /Users/expo/workingdir/build/ios/Pods/ExpoModulesCore/ExpoModulesCore.xcframework","time":"2026-10-08T12:42:17.279Z","v":0,"logId":"01a11b89-2d3f-711d-8bf4-4f55fdc9d7a6"}
{"name":"worker","pid":844,"phase":"INSTALL_PODS","buildId":"114e576c-7b66-4c0b-b583-a312a68da540","source":"stdout","level":30,"msg":"  [Expo-precompiled] Adding ExpoModulesJSI header search paths to all targets","time":"2026-10-08T12:42:17.279Z","v":0,"logId":"01a11b89-2d3f-711d-8bf4-4f5681af774d"}
{"name":"worker","pid":844,"phase":"INSTALL_PODS","buildId":"114e576c-7b66-4c0b-b583-a312a68da540","source":"stdout","level":30,"msg":"[Expo] Adding '[Expo] Remove duplicate codegen output' build phase to ReactCodegen","time":"2026-10-08T12:42:17.279Z","v":0,"logId":"01a11b89-2d3f-711d-8bf4-4f57c1f11575"}
{"name":"worker","pid":844,"phase":"INSTALL_PODS","buildId":"114e576c-7b66-4c0b-b583-a312a68da540","source":"stdout","level":30,"msg":"[Expo] Raised resource bundle deployment targets to match their pods: RNCAsyncStorage-RNCAsyncStorage_resources, RNSVG-RNSVGFilters, react-native-view-shot-RNViewShotPrivacyInfo","time":"2026-10-08T12:42:17.279Z","v":0,"logId":"01a11b89-2d3f-711d-8bf4-4f5870a27cbb"}
{"name":"worker","pid":844,"phase":"INSTALL_PODS","buildId":"114e576c-7b66-4c0b-b583-a312a68da540","source":"stderr","level":30,"msg":"[!] ExpoCamera has added 2 script phases. Please inspect before executing a build. See `https://guides.cocoapods.org/syntax/podspec.html#script_phases` for more information.","time":"2026-10-08T12:42:17.279Z","v":0,"logId":"01a11b89-2d3f-711d-8bf4-4f59c82dbf24"}
{"name":"worker","pid":844,"phase":"INSTALL_PODS","buildId":"114e576c-7b66-4c0b-b583-a312a68da540","source":"stderr","level":30,"msg":"[!] ExpoCameraBarcodeScanning has added 2 script phases. Please inspect before executing a build. See `https://guides.cocoapods.org/syntax/podspec.html#script_phases` for more information.","time":"2026-10-08T12:42:17.279Z","v":0,"logId":"01a11b89-2d3f-711d-8bf4-4f5ad07c3232"}
{"name":"worker","pid":844,"phase":"INSTALL_PODS","buildId":"114e576c-7b66-4c0b-b583-a312a68da540","source":"stderr","level":30,"msg":"[!] ExpoFileSystem has added 2 script phases. Please inspect before executing a build. See `https://guides.cocoapods.org/syntax/podspec.html#script_phases` for more information.","time":"2026-10-08T12:42:17.279Z","v":0,"logId":"01a11b89-2d3f-711d-8bf4-4f5b760b0e5b"}
{"name":"worker","pid":844,"phase":"INSTALL_PODS","buildId":"114e576c-7b66-4c0b-b583-a312a68da540","source":"stderr","level":30,"msg":"[!] ExpoFont has added 2 script phases. Please inspect before executing a build. See `https://guides.cocoapods.org/syntax/podspec.html#script_phases` for more information.","time":"2026-10-08T12:42:17.279Z","v":0,"logId":"01a11b89-2d3f-711d-8bf4-4f5c65205844"}
{"name":"worker","pid":844,"phase":"INSTALL_PODS","buildId":"114e576c-7b66-4c0b-b583-a312a68da540","source":"stderr","level":30,"msg":"[!] ExpoLocation has added 2 script phases. Please inspect before executing a build. See `https://guides.cocoapods.org/syntax/podspec.html#script_phases` for more information.","time":"2026-10-08T12:42:17.279Z","v":0,"logId":"01a11b89-2d3f-711d-8bf4-4f5db3bc7495"}
{"name":"worker","pid":844,"phase":"INSTALL_PODS","buildId":"114e576c-7b66-4c0b-b583-a312a68da540","source":"stderr","level":30,"msg":"[!] ExpoModulesCore has added 2 script phases. Please inspect before executing a build. See `https://guides.cocoapods.org/syntax/podspec.html#script_phases` for more information.","time":"2026-10-08T12:42:17.279Z","v":0,"logId":"01a11b89-2d3f-711d-8bf4-4f5ee4c955d4"}
{"name":"worker","pid":844,"phase":"INSTALL_PODS","buildId":"114e576c-7b66-4c0b-b583-a312a68da540","source":"stderr","level":30,"msg":"[!] ExpoModulesWorklets has added 2 script phases. Please inspect before executing a build. See `https://guides.cocoapods.org/syntax/podspec.html#script_phases` for more information.","time":"2026-10-08T12:42:17.279Z","v":0,"logId":"01a11b89-2d3f-711d-8bf4-4f5f55e1da63"}
{"name":"worker","pid":844,"phase":"INSTALL_PODS","buildId":"114e576c-7b66-4c0b-b583-a312a68da540","source":"stderr","level":30,"msg":"[!] React-Core-prebuilt has added 1 script phase. Please inspect before executing a build. See `https://guides.cocoapods.org/syntax/podspec.html#script_phases` for more information.","time":"2026-10-08T12:42:17.279Z","v":0,"logId":"01a11b89-2d3f-711d-8bf4-4f6018a6fc92"}
{"name":"worker","pid":844,"phase":"INSTALL_PODS","buildId":"114e576c-7b66-4c0b-b583-a312a68da540","source":"stderr","level":30,"msg":"[!] ReactNativeDependencies has added 1 script phase. Please inspect before executing a build. See `https://guides.cocoapods.org/syntax/podspec.html#script_phases` for more information.","time":"2026-10-08T12:42:17.279Z","v":0,"logId":"01a11b89-2d3f-711d-8bf4-4f612902ffaf"}
{"name":"worker","pid":844,"phase":"INSTALL_PODS","buildId":"114e576c-7b66-4c0b-b583-a312a68da540","source":"stderr","level":30,"msg":"[!] hermes-engine has added 1 script phase. Please inspect before executing a build. See `https://guides.cocoapods.org/syntax/podspec.html#script_phases` for more information.","time":"2026-10-08T12:42:17.279Z","v":0,"logId":"01a11b89-2d3f-711d-8bf4-4f62c040427a"}
{"name":"worker","pid":844,"phase":"INSTALL_PODS","buildId":"114e576c-7b66-4c0b-b583-a312a68da540","level":30,"marker":"END_PHASE","result":"success","durationMs":27406,"msg":"End phase: INSTALL_PODS","time":"2026-10-08T12:42:17.287Z","v":0,"logId":"01a11b89-2d47-7c15-bee6-5c4acb16305f"}
{"name":"worker","pid":844,"phase":"POST_INSTALL_HOOK","buildId":"114e576c-7b66-4c0b-b583-a312a68da540","level":30,"marker":"START_PHASE","msg":"Start phase: POST_INSTALL_HOOK","time":"2026-10-08T12:42:17.287Z","v":0,"logId":"01a11b89-2d47-7c15-bee6-5c4b7bcf34cf"}
{"name":"worker","pid":844,"phase":"POST_INSTALL_HOOK","buildId":"114e576c-7b66-4c0b-b583-a312a68da540","level":30,"marker":"END_PHASE","result":"success","durationMs":0,"msg":"End phase: POST_INSTALL_HOOK","time":"2026-10-08T12:42:17.287Z","v":0,"logId":"01a11b89-2d47-7c15-bee6-5c4c88a61db7"}
{"name":"worker","pid":844,"phase":"CALCULATE_EXPO_UPDATES_RUNTIME_VERSION","buildId":"114e576c-7b66-4c0b-b583-a312a68da540","level":30,"marker":"START_PHASE","msg":"Start phase: CALCULATE_EXPO_UPDATES_RUNTIME_VERSION","time":"2026-10-08T12:42:17.287Z","v":0,"logId":"01a11b89-2d47-7c15-bee6-5c4d433a9467"}
{"name":"worker","pid":844,"phase":"CALCULATE_EXPO_UPDATES_RUNTIME_VERSION","buildId":"114e576c-7b66-4c0b-b583-a312a68da540","level":30,"marker":"END_PHASE","result":"success","durationMs":1,"msg":"End phase: CALCULATE_EXPO_UPDATES_RUNTIME_VERSION","time":"2026-10-08T12:42:17.288Z","v":0,"logId":"01a11b89-2d48-7145-a087-9da06338c7f3"}
{"name":"worker","pid":844,"phase":"CONFIGURE_XCODE_PROJECT","buildId":"114e576c-7b66-4c0b-b583-a312a68da540","level":30,"marker":"START_PHASE","msg":"Start phase: CONFIGURE_XCODE_PROJECT","time":"2026-10-08T12:42:17.288Z","v":0,"logId":"01a11b89-2d48-7145-a087-9da1ca55aca2"}
{"name":"worker","pid":844,"phase":"CONFIGURE_XCODE_PROJECT","buildId":"114e576c-7b66-4c0b-b583-a312a68da540","level":30,"msg":"Configuring Xcode project","time":"2026-10-08T12:42:17.288Z","v":0,"logId":"01a11b89-2d48-7145-a087-9da21578be70"}
{"name":"worker","pid":844,"phase":"CONFIGURE_XCODE_PROJECT","buildId":"114e576c-7b66-4c0b-b583-a312a68da540","level":30,"msg":"Assigning provisioning profile '*[expo] com.hrtrac.mobile AdHoc 1791459192200' (Apple Team ID: V6U47V434A) to target 'HRTRAC'","time":"2026-10-08T12:42:17.288Z","v":0,"logId":"01a11b89-2d48-7145-a087-9da3b374f731"}
{"name":"worker","pid":844,"phase":"CONFIGURE_XCODE_PROJECT","buildId":"114e576c-7b66-4c0b-b583-a312a68da540","level":30,"msg":"Updating versions in /Users/expo/workingdir/build/ios/HRTRAC/Info.plist","time":"2026-10-08T12:42:17.326Z","v":0,"logId":"01a11b89-2d6e-71ef-a5e4-5c4d49b1be7f"}
{"name":"worker","pid":844,"phase":"CONFIGURE_XCODE_PROJECT","buildId":"114e576c-7b66-4c0b-b583-a312a68da540","level":30,"marker":"END_PHASE","result":"success","durationMs":44,"msg":"End phase: CONFIGURE_XCODE_PROJECT","time":"2026-10-08T12:42:17.333Z","v":0,"logId":"01a11b89-2d75-7fef-80ee-49faf325dd46"}
{"name":"worker","pid":844,"phase":"CONFIGURE_EXPO_UPDATES","buildId":"114e576c-7b66-4c0b-b583-a312a68da540","level":30,"marker":"START_PHASE","msg":"Start phase: CONFIGURE_EXPO_UPDATES","time":"2026-10-08T12:42:17.333Z","v":0,"logId":"01a11b89-2d75-7fef-80ee-49fba3fe6980"}
{"name":"worker","pid":844,"phase":"CONFIGURE_EXPO_UPDATES","buildId":"114e576c-7b66-4c0b-b583-a312a68da540","level":30,"marker":"END_PHASE","result":"success","durationMs":0,"msg":"End phase: CONFIGURE_EXPO_UPDATES","time":"2026-10-08T12:42:17.334Z","v":0,"logId":"01a11b89-2d76-7762-96bd-db1d2d542c0c"}
{"name":"worker","pid":844,"phase":"EAGER_BUNDLE","buildId":"114e576c-7b66-4c0b-b583-a312a68da540","level":30,"marker":"START_PHASE","msg":"Start phase: EAGER_BUNDLE","time":"2026-10-08T12:42:17.334Z","v":0,"logId":"01a11b89-2d76-7762-96bd-db1e01cadb52"}
{"name":"worker","pid":844,"phase":"EAGER_BUNDLE","buildId":"114e576c-7b66-4c0b-b583-a312a68da540","source":"stdout","level":30,"msg":"env: load .env","time":"2026-10-08T12:42:17.586Z","v":0,"logId":"01a11b89-2e72-7afd-97ba-a6604bc8e9b2"}
{"name":"worker","pid":844,"phase":"EAGER_BUNDLE","buildId":"114e576c-7b66-4c0b-b583-a312a68da540","source":"stdout","level":30,"msg":"env: export EXPO_PUBLIC_API_BASE_URL","time":"2026-10-08T12:42:17.586Z","v":0,"logId":"01a11b89-2e72-7afd-97ba-a66196ddecc1"}
{"name":"worker","pid":844,"phase":"EAGER_BUNDLE","buildId":"114e576c-7b66-4c0b-b583-a312a68da540","source":"stdout","level":30,"msg":"Starting Metro Bundler","time":"2026-10-08T12:42:17.752Z","v":0,"logId":"01a11b89-2f18-7534-ba79-683f879f0df2"}
{"name":"worker","pid":844,"phase":"EAGER_BUNDLE","buildId":"114e576c-7b66-4c0b-b583-a312a68da540","source":"stdout","level":30,"msg":"iOS Bundling failed 4390ms node_modules/expo/AppEntry.js (2970 modules)","time":"2026-10-08T12:42:22.287Z","v":0,"logId":"01a11b89-40cf-70dc-9df2-3cb9aae71a78"}
{"name":"worker","pid":844,"phase":"EAGER_BUNDLE","buildId":"114e576c-7b66-4c0b-b583-a312a68da540","source":"stderr","level":30,"msg":"SyntaxError: /Users/expo/workingdir/build/src/screens/FeatureListScreen.js: Identifier 'themedCreate' has already been declared. (930:9)","time":"2026-10-08T12:42:22.287Z","v":0,"logId":"01a11b89-40cf-70dc-9df2-3cba4b7b3799"}
{"name":"worker","pid":844,"phase":"EAGER_BUNDLE","buildId":"114e576c-7b66-4c0b-b583-a312a68da540","source":"stderr","level":30,"msg":"","time":"2026-10-08T12:42:22.287Z","v":0,"logId":"01a11b89-40cf-70dc-9df2-3cbb9b85be63"}
{"name":"worker","pid":844,"phase":"EAGER_BUNDLE","buildId":"114e576c-7b66-4c0b-b583-a312a68da540","source":"stderr","level":30,"msg":"\u001b[0m \u001b[90m 928 |\u001b[39m \u001b[36mimport\u001b[39m { \u001b[33mChevronRight\u001b[39m\u001b[33m,\u001b[39m \u001b[33mLogOut\u001b[39m } \u001b[36mfrom\u001b[39m \u001b[32m'lucide-react-native'\u001b[39m\u001b[33m;\u001b[39m","time":"2026-10-08T12:42:22.287Z","v":0,"logId":"01a11b89-40cf-70dc-9df2-3cbcb2289d14"}
{"name":"worker","pid":844,"phase":"EAGER_BUNDLE","buildId":"114e576c-7b66-4c0b-b583-a312a68da540","source":"stderr","level":30,"msg":" \u001b[90m 929 |\u001b[39m","time":"2026-10-08T12:42:22.287Z","v":0,"logId":"01a11b89-40cf-70dc-9df2-3cbd2c9b2723"}
{"name":"worker","pid":844,"phase":"EAGER_BUNDLE","buildId":"114e576c-7b66-4c0b-b583-a312a68da540","source":"stderr","level":30,"msg":"\u001b[31m\u001b[1m>\u001b[22m\u001b[39m\u001b[90m 930 |\u001b[39m \u001b[36mimport\u001b[39m { themedCreate } \u001b[36mfrom\u001b[39m \u001b[32m'../theme/themedStyles'\u001b[39m\u001b[33m;\u001b[39m","time":"2026-10-08T12:42:22.287Z","v":0,"logId":"01a11b89-40cf-70dc-9df2-3cbe7fbac7b1"}
{"name":"worker","pid":844,"phase":"EAGER_BUNDLE","buildId":"114e576c-7b66-4c0b-b583-a312a68da540","source":"stderr","level":30,"msg":" \u001b[90m     |\u001b[39m          \u001b[31m\u001b[1m^\u001b[22m\u001b[39m","time":"2026-10-08T12:42:22.287Z","v":0,"logId":"01a11b89-40cf-70dc-9df2-3cbf5ad36c41"}
{"name":"worker","pid":844,"phase":"EAGER_BUNDLE","buildId":"114e576c-7b66-4c0b-b583-a312a68da540","source":"stderr","level":30,"msg":" \u001b[90m 931 |\u001b[39m \u001b[36mimport\u001b[39m { useAuth } \u001b[36mfrom\u001b[39m \u001b[32m'../context/AuthContext'\u001b[39m\u001b[33m;\u001b[39m","time":"2026-10-08T12:42:22.287Z","v":0,"logId":"01a11b89-40cf-70dc-9df2-3cc0bdad405f"}
{"name":"worker","pid":844,"phase":"EAGER_BUNDLE","buildId":"114e576c-7b66-4c0b-b583-a312a68da540","source":"stderr","level":30,"msg":" \u001b[90m 932 |\u001b[39m \u001b[36mimport\u001b[39m { theme } \u001b[36mfrom\u001b[39m \u001b[32m'../theme/theme'\u001b[39m\u001b[33m;\u001b[39m","time":"2026-10-08T12:42:22.287Z","v":0,"logId":"01a11b89-40cf-70dc-9df2-3cc18ca3e8a4"}
{"name":"worker","pid":844,"phase":"EAGER_BUNDLE","buildId":"114e576c-7b66-4c0b-b583-a312a68da540","source":"stderr","level":30,"msg":" \u001b[90m 933 |\u001b[39m \u001b[36mimport\u001b[39m { \u001b[33mFadeInUp\u001b[39m\u001b[33m,\u001b[39m \u001b[33mPressScale\u001b[39m } \u001b[36mfrom\u001b[39m \u001b[32m'../components/Animated'\u001b[39m\u001b[33m;\u001b[39m\u001b[0m","time":"2026-10-08T12:42:22.287Z","v":0,"logId":"01a11b89-40cf-70dc-9df2-3cc24d90b648"}
{"name":"worker","pid":844,"phase":"EAGER_BUNDLE","buildId":"114e576c-7b66-4c0b-b583-a312a68da540","source":"stderr","level":30,"msg":"SyntaxError: SyntaxError: /Users/expo/workingdir/build/src/screens/FeatureListScreen.js: Identifier 'themedCreate' has already been declared. (930:9)","time":"2026-10-08T12:42:22.287Z","v":0,"logId":"01a11b89-40cf-70dc-9df2-3cc3b05e6ffc"}
{"name":"worker","pid":844,"phase":"EAGER_BUNDLE","buildId":"114e576c-7b66-4c0b-b583-a312a68da540","source":"stderr","level":30,"msg":"","time":"2026-10-08T12:42:22.287Z","v":0,"logId":"01a11b89-40cf-70dc-9df2-3cc46c85f8c9"}
{"name":"worker","pid":844,"phase":"EAGER_BUNDLE","buildId":"114e576c-7b66-4c0b-b583-a312a68da540","source":"stderr","level":30,"msg":"\u001b[0m \u001b[90m 928 |\u001b[39m \u001b[36mimport\u001b[39m { \u001b[33mChevronRight\u001b[39m\u001b[33m,\u001b[39m \u001b[33mLogOut\u001b[39m } \u001b[36mfrom\u001b[39m \u001b[32m'lucide-react-native'\u001b[39m\u001b[33m;\u001b[39m","time":"2026-10-08T12:42:22.287Z","v":0,"logId":"01a11b89-40cf-70dc-9df2-3cc50b28fbc6"}
{"name":"worker","pid":844,"phase":"EAGER_BUNDLE","buildId":"114e576c-7b66-4c0b-b583-a312a68da540","source":"stderr","level":30,"msg":" \u001b[90m 929 |\u001b[39m","time":"2026-10-08T12:42:22.287Z","v":0,"logId":"01a11b89-40cf-70dc-9df2-3cc63c8bf70b"}
{"name":"worker","pid":844,"phase":"EAGER_BUNDLE","buildId":"114e576c-7b66-4c0b-b583-a312a68da540","source":"stderr","level":30,"msg":"\u001b[31m\u001b[1m>\u001b[22m\u001b[39m\u001b[90m 930 |\u001b[39m \u001b[36mimport\u001b[39m { themedCreate } \u001b[36mfrom\u001b[39m \u001b[32m'../theme/themedStyles'\u001b[39m\u001b[33m;\u001b[39m","time":"2026-10-08T12:42:22.287Z","v":0,"logId":"01a11b89-40cf-70dc-9df2-3cc791d0ddfb"}
{"name":"worker","pid":844,"phase":"EAGER_BUNDLE","buildId":"114e576c-7b66-4c0b-b583-a312a68da540","source":"stderr","level":30,"msg":" \u001b[90m     |\u001b[39m          \u001b[31m\u001b[1m^\u001b[22m\u001b[39m","time":"2026-10-08T12:42:22.287Z","v":0,"logId":"01a11b89-40cf-70dc-9df2-3cc8c7501402"}
{"name":"worker","pid":844,"phase":"EAGER_BUNDLE","buildId":"114e576c-7b66-4c0b-b583-a312a68da540","source":"stderr","level":30,"msg":" \u001b[90m 931 |\u001b[39m \u001b[36mimport\u001b[39m { useAuth } \u001b[36mfrom\u001b[39m \u001b[32m'../context/AuthContext'\u001b[39m\u001b[33m;\u001b[39m","time":"2026-10-08T12:42:22.287Z","v":0,"logId":"01a11b89-40cf-70dc-9df2-3cc9d9be74c4"}
{"name":"worker","pid":844,"phase":"EAGER_BUNDLE","buildId":"114e576c-7b66-4c0b-b583-a312a68da540","source":"stderr","level":30,"msg":" \u001b[90m 932 |\u001b[39m \u001b[36mimport\u001b[39m { theme } \u001b[36mfrom\u001b[39m \u001b[32m'../theme/theme'\u001b[39m\u001b[33m;\u001b[39m","time":"2026-10-08T12:42:22.287Z","v":0,"logId":"01a11b89-40cf-70dc-9df2-3cca96fcf1fa"}
{"name":"worker","pid":844,"phase":"EAGER_BUNDLE","buildId":"114e576c-7b66-4c0b-b583-a312a68da540","source":"stderr","level":30,"msg":" \u001b[90m 933 |\u001b[39m \u001b[36mimport\u001b[39m { \u001b[33mFadeInUp\u001b[39m\u001b[33m,\u001b[39m \u001b[33mPressScale\u001b[39m } \u001b[36mfrom\u001b[39m \u001b[32m'../components/Animated'\u001b[39m\u001b[33m;\u001b[39m\u001b[0m","time":"2026-10-08T12:42:22.287Z","v":0,"logId":"01a11b89-40cf-70dc-9df2-3ccbd1417175"}
{"name":"worker","pid":844,"phase":"EAGER_BUNDLE","buildId":"114e576c-7b66-4c0b-b583-a312a68da540","level":50,"err":{"message":"npx expo export:embed --eager --platform ios --dev false exited with non-zero code: 1","name":"Error","stack":"Error: npx expo export:embed --eager --platform ios --dev false exited with non-zero code: 1\n    at ChildProcess.completionListener (/usr/local/eas-build-worker/node_modules/@expo/spawn-async/build/spawnAsync.js:42:23)\n    at Object.onceWrapper (node:events:634:26)\n    at ChildProcess.emit (node:events:519:28)\n    at ChildProcess.emit (node:domain:489:12)\n    at maybeClose (node:internal/child_process:1101:16)\n    at ChildProcess._handle.onexit (node:internal/child_process:304:5)\n    ...\n    at spawnAsync (/usr/local/eas-build-worker/node_modules/@expo/spawn-async/build/spawnAsync.js:7:23)\n    at spawn (/usr/local/eas-build-worker/packages/turtle-spawn/dist/index.js:16:47)\n    at runExpoCliCommand (/usr/local/eas-build-worker/packages/build-tools/dist/utils/project.js:53:43)\n    at eagerBundleAsync (/usr/local/eas-build-worker/packages/build-tools/dist/common/eagerBundle.js:11:43)\n    at /usr/local/eas-build-worker/packages/build-tools/dist/builders/ios.js:141:58\n    at BuildContext.runBuildPhase (/usr/local/eas-build-worker/packages/build-tools/dist/context.js:128:34)\n    at buildInnerAsync (/usr/local/eas-build-worker/packages/build-tools/dist/builders/ios.js:140:23)\n    at async buildAsync (/usr/local/eas-build-worker/packages/build-tools/dist/builders/ios.js:56:9)\n    at async runBuilderWithHooksAsync (/usr/local/eas-build-worker/packages/build-tools/dist/builders/common.js:13:13)\n    at async Object.iosBuilder (/usr/local/eas-build-worker/packages/build-tools/dist/builders/ios.js:41:16)","signal":null},"msg":"","time":"2026-10-08T12:42:22.318Z","v":0,"logId":"01a11b89-40ee-7aa3-80eb-320735841f4c"}
{"name":"worker","pid":844,"phase":"EAGER_BUNDLE","buildId":"114e576c-7b66-4c0b-b583-a312a68da540","level":30,"marker":"END_PHASE","result":"failed","durationMs":4983,"msg":"End phase: EAGER_BUNDLE","time":"2026-10-08T12:42:22.319Z","v":0,"logId":"01a11b89-40ef-7c6c-a7ab-ced1169447a1"}
{"name":"worker","pid":844,"phase":"CLEAN_UP_CREDENTIALS","buildId":"114e576c-7b66-4c0b-b583-a312a68da540","level":30,"marker":"START_PHASE","msg":"Start phase: CLEAN_UP_CREDENTIALS","time":"2026-10-08T12:42:22.319Z","v":0,"logId":"01a11b89-40ef-7c6c-a7ab-ced2eb7eb08e"}
{"name":"worker","pid":844,"phase":"CLEAN_UP_CREDENTIALS","buildId":"114e576c-7b66-4c0b-b583-a312a68da540","level":30,"msg":"Destroying keychain - /var/folders/5r/jggtw0px53jdd9wfmw74bndr0000gn/T/eas-build-7f34c45e-2447-40dc-b2a2-0e9f238b9a88.keychain","time":"2026-10-08T12:42:22.319Z","v":0,"logId":"01a11b89-40ef-7c6c-a7ab-ced31bb728bf"}
{"name":"worker","pid":844,"phase":"CLEAN_UP_CREDENTIALS","buildId":"114e576c-7b66-4c0b-b583-a312a68da540","level":30,"msg":"Removing provisioning profile","time":"2026-10-08T12:42:23.099Z","v":0,"logId":"01a11b89-43fb-742c-8112-118f8788489c"}
{"name":"worker","pid":844,"phase":"CLEAN_UP_CREDENTIALS","buildId":"114e576c-7b66-4c0b-b583-a312a68da540","level":30,"marker":"END_PHASE","result":"success","durationMs":781,"msg":"End phase: CLEAN_UP_CREDENTIALS","time":"2026-10-08T12:42:23.100Z","v":0,"logId":"01a11b89-43fc-77a4-9d9d-075192828a67"}
{"name":"worker","pid":844,"phase":"ON_BUILD_ERROR_HOOK","buildId":"114e576c-7b66-4c0b-b583-a312a68da540","level":30,"marker":"START_PHASE","msg":"Start phase: ON_BUILD_ERROR_HOOK","time":"2026-10-08T12:42:23.100Z","v":0,"logId":"01a11b89-43fc-77a4-9d9d-07528b647db2"}
{"name":"worker","pid":844,"phase":"ON_BUILD_ERROR_HOOK","buildId":"114e576c-7b66-4c0b-b583-a312a68da540","level":30,"marker":"END_PHASE","result":"success","durationMs":0,"msg":"End phase: ON_BUILD_ERROR_HOOK","time":"2026-10-08T12:42:23.101Z","v":0,"logId":"01a11b89-43fd-790d-9fa9-5890c78198ca"}
{"name":"worker","pid":844,"phase":"ON_BUILD_COMPLETE_HOOK","buildId":"114e576c-7b66-4c0b-b583-a312a68da540","level":30,"marker":"START_PHASE","msg":"Start phase: ON_BUILD_COMPLETE_HOOK","time":"2026-10-08T12:42:23.101Z","v":0,"logId":"01a11b89-43fd-790d-9fa9-5891ebc9abc3"}
{"name":"worker","pid":844,"phase":"ON_BUILD_COMPLETE_HOOK","buildId":"114e576c-7b66-4c0b-b583-a312a68da540","level":30,"marker":"END_PHASE","result":"success","durationMs":0,"msg":"End phase: ON_BUILD_COMPLETE_HOOK","time":"2026-10-08T12:42:23.101Z","v":0,"logId":"01a11b89-43fd-790d-9fa9-58929973ce87"}
{"name":"worker","pid":844,"phase":"UPLOAD_BUILD_ARTIFACTS","buildId":"114e576c-7b66-4c0b-b583-a312a68da540","level":30,"marker":"START_PHASE","msg":"Start phase: UPLOAD_BUILD_ARTIFACTS","time":"2026-10-08T12:42:23.107Z","v":0,"logId":"01a11b89-4403-73a0-ba6a-5b3dfff5cbdd"}
{"name":"worker","pid":844,"phase":"UPLOAD_BUILD_ARTIFACTS","buildId":"114e576c-7b66-4c0b-b583-a312a68da540","level":30,"marker":"END_PHASE","result":"success","durationMs":0,"msg":"End phase: UPLOAD_BUILD_ARTIFACTS","time":"2026-10-08T12:42:23.108Z","v":0,"logId":"01a11b89-4404-715f-b195-45e6116aa9a7"}
{"name":"worker","pid":844,"phase":"FAIL_BUILD","buildId":"114e576c-7b66-4c0b-b583-a312a68da540","level":30,"marker":"START_PHASE","msg":"Start phase: FAIL_BUILD","time":"2026-10-08T12:42:23.108Z","v":0,"logId":"01a11b89-4404-715f-b195-45e7d3d127ff"}
{"name":"worker","pid":844,"phase":"FAIL_BUILD","buildId":"114e576c-7b66-4c0b-b583-a312a68da540","level":50,"err":{"message":"npx expo export:embed --eager --platform ios --dev false exited with non-zero code: 1","name":"Error","stack":"Error: npx expo export:embed --eager --platform ios --dev false exited with non-zero code: 1\n    at ChildProcess.completionListener (/usr/local/eas-build-worker/node_modules/@expo/spawn-async/build/spawnAsync.js:42:23)\n    at Object.onceWrapper (node:events:634:26)\n    at ChildProcess.emit (node:events:519:28)\n    at ChildProcess.emit (node:domain:489:12)\n    at maybeClose (node:internal/child_process:1101:16)\n    at ChildProcess._handle.onexit (node:internal/child_process:304:5)\n    ...\n    at spawnAsync (/usr/local/eas-build-worker/node_modules/@expo/spawn-async/build/spawnAsync.js:7:23)\n    at spawn (/usr/local/eas-build-worker/packages/turtle-spawn/dist/index.js:16:47)\n    at runExpoCliCommand (/usr/local/eas-build-worker/packages/build-tools/dist/utils/project.js:53:43)\n    at eagerBundleAsync (/usr/local/eas-build-worker/packages/build-tools/dist/common/eagerBundle.js:11:43)\n    at /usr/local/eas-build-worker/packages/build-tools/dist/builders/ios.js:141:58\n    at BuildContext.runBuildPhase (/usr/local/eas-build-worker/packages/build-tools/dist/context.js:128:34)\n    at buildInnerAsync (/usr/local/eas-build-worker/packages/build-tools/dist/builders/ios.js:140:23)\n    at async buildAsync (/usr/local/eas-build-worker/packages/build-tools/dist/builders/ios.js:56:9)\n    at async runBuilderWithHooksAsync (/usr/local/eas-build-worker/packages/build-tools/dist/builders/common.js:13:13)\n    at async Object.iosBuilder (/usr/local/eas-build-worker/packages/build-tools/dist/builders/ios.js:41:16)","signal":null},"msg":"Build failed\n","time":"2026-10-08T12:42:23.108Z","v":0,"logId":"01a11b89-4404-715f-b195-45e80fd5dff8"}
{"name":"worker","pid":844,"phase":"FAIL_BUILD","buildId":"114e576c-7b66-4c0b-b583-a312a68da540","level":30,"marker":"END_PHASE","result":"failed","msg":"End phase: FAIL_BUILD","time":"2026-10-08T12:42:23.108Z","v":0,"logId":"01a11b89-4405-7e91-b934-fe35c44ea8b7"}
